2025-11-02 15:56:19 [main] INFO  u.d.t.h.c.MunicipalityControllerTest - Starting MunicipalityControllerTest using Java 21.0.8 with PID 221607 (started by duarte in /home/duarte/doc/Personal/UA/3ºAno/TQS/P/ZeroMonos)
2025-11-02 15:56:19 [main] INFO  u.d.t.h.c.MunicipalityControllerTest - No active profile set, falling back to 1 default profile: "default"
2025-11-02 15:56:19 [main] INFO  o.s.d.r.c.RepositoryConfigurationDelegate - Bootstrapping Spring Data JPA repositories in DEFAULT mode.
2025-11-02 15:56:19 [main] INFO  o.s.d.r.c.RepositoryConfigurationDelegate - Finished Spring Data repository scanning in 44 ms. Found 1 JPA repository interface.
2025-11-02 15:56:20 [main] INFO  o.h.jpa.internal.util.LogHelper - HHH000204: Processing PersistenceUnitInfo [name: default]
2025-11-02 15:56:20 [main] INFO  org.hibernate.Version - HHH000412: Hibernate ORM core version 6.6.29.Final
2025-11-02 15:56:20 [main] INFO  o.h.c.i.RegionFactoryInitiator - HHH000026: Second-level cache disabled
2025-11-02 15:56:20 [main] INFO  o.s.o.j.p.SpringPersistenceUnitInfo - No LoadTimeWeaver setup: ignoring JPA class transformer
2025-11-02 15:56:20 [main] INFO  com.zaxxer.hikari.HikariDataSource - HikariPool-1 - Starting...
2025-11-02 15:56:21 [main] INFO  com.zaxxer.hikari.pool.HikariPool - HikariPool-1 - Added connection org.postgresql.jdbc.PgConnection@2908fc20
2025-11-02 15:56:21 [main] INFO  com.zaxxer.hikari.HikariDataSource - HikariPool-1 - Start completed.
2025-11-02 15:56:21 [main] WARN  org.hibernate.orm.deprecation - HHH90000025: PostgreSQLDialect does not need to be specified explicitly using 'hibernate.dialect' (remove the property setting and it will be selected by default)
2025-11-02 15:56:21 [main] INFO  o.hibernate.orm.connections.pooling - HHH10001005: Database info:
	Database JDBC URL [Connecting through datasource 'HikariDataSource (HikariPool-1)']
	Database driver: undefined/unknown
	Database version: 18.0
	Autocommit mode: undefined/unknown
	Isolation level: undefined/unknown
	Minimum pool size: undefined/unknown
	Maximum pool size: undefined/unknown
2025-11-02 15:56:22 [main] INFO  o.h.e.t.j.p.i.JtaPlatformInitiator - HHH000489: No JTA platform available (set 'hibernate.transaction.jta.platform' to enable JTA platform integration)
2025-11-02 15:56:22 [main] INFO  o.s.o.j.LocalContainerEntityManagerFactoryBean - Initialized JPA EntityManagerFactory for persistence unit 'default'
2025-11-02 15:56:22 [main] INFO  o.s.d.j.r.query.QueryEnhancerFactory - Hibernate is in classpath; If applicable, HQL parser will be used.
2025-11-02 15:56:23 [main] INFO  u.d.tqs.hw1.service.BookingService - BookingService initialized
2025-11-02 15:56:23 [main] WARN  o.s.b.a.o.j.JpaBaseConfiguration$JpaWebConfiguration - spring.jpa.open-in-view is enabled by default. Therefore, database queries may be performed during view rendering. Explicitly configure spring.jpa.open-in-view to disable this warning
2025-11-02 15:56:23 [main] INFO  o.s.b.a.w.s.WelcomePageHandlerMapping - Adding welcome page template: index
2025-11-02 15:56:23 [main] INFO  o.s.b.t.m.w.SpringBootMockServletContext - Initializing Spring TestDispatcherServlet ''
2025-11-02 15:56:23 [main] INFO  o.s.t.w.s.TestDispatcherServlet - Initializing Servlet ''
2025-11-02 15:56:23 [main] INFO  o.s.t.w.s.TestDispatcherServlet - Completed initialization in 1 ms
2025-11-02 15:56:23 [main] INFO  u.d.t.h.c.MunicipalityControllerTest - Started MunicipalityControllerTest in 4.789 seconds (process running for 6.989)
2025-11-02 15:56:24 [main] INFO  o.s.t.c.s.AnnotationConfigContextLoaderUtils - Could not detect default configuration classes for test class [ua.deti.tqs.hw1.controller.BookingControllerTest]: BookingControllerTest does not declare any static, non-private, non-final, nested classes annotated with @Configuration.
2025-11-02 15:56:24 [main] INFO  o.s.b.t.c.SpringBootTestContextBootstrapper - Found @SpringBootConfiguration ua.deti.tqs.hw1.ZeroMonosApplication for test class ua.deti.tqs.hw1.controller.BookingControllerTest
2025-11-02 15:56:25 [main] INFO  u.d.tqs.hw1.service.BookingService - Deleting booking with ID: 476
2025-11-02 15:56:25 [main] INFO  u.d.tqs.hw1.service.BookingService - Booking 476 deleted successfully
2025-11-02 15:56:25 [main] INFO  u.d.tqs.hw1.service.BookingService - Creating new booking for Jane Smith in Aveiro on 2025-11-03 at slot 2
2025-11-02 15:56:25 [main] WARN  u.d.tqs.hw1.service.BookingService - Booking creation failed: Time slot 2 on 2025-11-03 already occupied in Aveiro
2025-11-02 15:56:25 [main] INFO  u.d.tqs.hw1.service.BookingService - Creating new booking for John Doe in Aveiro on 2025-11-01 at slot 2
2025-11-02 15:56:25 [main] WARN  u.d.tqs.hw1.service.BookingService - Booking creation failed: Invalid date 2025-11-01 for John Doe
2025-11-02 15:56:25 [main] WARN  o.s.w.s.m.s.DefaultHandlerExceptionResolver - Resolved [org.springframework.web.bind.MethodArgumentNotValidException: Validation failed for argument [0] in public org.springframework.http.ResponseEntity<java.lang.Object> ua.deti.tqs.hw1.controller.BookingController.create(ua.deti.tqs.hw1.model.Booking): [Field error in object 'booking' on field 'citizenName': rejected value [john]; codes [Pattern.booking.citizenName,Pattern.citizenName,Pattern.java.lang.String,Pattern]; arguments [org.springframework.context.support.DefaultMessageSourceResolvable: codes [booking.citizenName,citizenName]; arguments []; default message [citizenName],[Ljakarta.validation.constraints.Pattern$Flag;@6d0cd9aa,^[A-Z][a-z]+(\s[A-Z][a-z]+)+$]; default message [Name must have at least two words, each starting with uppercase letter, letters only]] ]
2025-11-02 15:56:25 [main] WARN  o.s.w.s.m.s.DefaultHandlerExceptionResolver - Resolved [org.springframework.web.bind.MethodArgumentNotValidException: Validation failed for argument [0] in public org.springframework.http.ResponseEntity<java.lang.Object> ua.deti.tqs.hw1.controller.BookingController.create(ua.deti.tqs.hw1.model.Booking): [Field error in object 'booking' on field 'description': rejected value [TV]; codes [Size.booking.description,Size.description,Size.java.lang.String,Size]; arguments [org.springframework.context.support.DefaultMessageSourceResolvable: codes [booking.description,description]; arguments []; default message [description],2147483647,4]; default message [Description must have at least 4 characters]] ]
2025-11-02 15:56:25 [main] INFO  u.d.tqs.hw1.service.BookingService - Updating booking 480 status to CANCELLED
2025-11-02 15:56:25 [main] INFO  u.d.tqs.hw1.service.BookingService - Booking 480 status changed from RECEIVED to CANCELLED for citizen John Doe
2025-11-02 15:56:25 [main] INFO  u.d.tqs.hw1.service.BookingService - Time slot 11:00 on 2025-11-03 for Aveiro is now available (booking 480 cancelled)
2025-11-02 15:56:25 [main] INFO  u.d.tqs.hw1.service.BookingService - Creating new booking for John Doe in Aveiro on 2025-11-03 at slot 2
2025-11-02 15:56:25 [main] INFO  u.d.tqs.hw1.service.BookingService - Booking created successfully with token: d68d7b26 for John Doe
2025-11-02 15:56:25 [main] INFO  u.d.tqs.hw1.service.BookingService - Updating booking 484 status to IN_PROGRESS
2025-11-02 15:56:25 [main] INFO  u.d.tqs.hw1.service.BookingService - Booking 484 status changed from RECEIVED to IN_PROGRESS for citizen John Doe
2025-11-02 15:56:25 [main] INFO  o.s.t.c.s.AnnotationConfigContextLoaderUtils - Could not detect default configuration classes for test class [ua.deti.tqs.hw1.functional.FunctionalSeleniumTest]: FunctionalSeleniumTest does not declare any static, non-private, non-final, nested classes annotated with @Configuration.
2025-11-02 15:56:25 [main] INFO  o.s.b.t.c.SpringBootTestContextBootstrapper - Found @SpringBootConfiguration ua.deti.tqs.hw1.ZeroMonosApplication for test class ua.deti.tqs.hw1.functional.FunctionalSeleniumTest
2025-11-02 15:56:25 [main] INFO  o.s.b.d.r.RestartApplicationListener - Restart disabled due to context in which it is running
2025-11-02 15:56:25 [main] INFO  u.d.t.h.f.FunctionalSeleniumTest - Starting FunctionalSeleniumTest using Java 21.0.8 with PID 221607 (started by duarte in /home/duarte/doc/Personal/UA/3ºAno/TQS/P/ZeroMonos)
2025-11-02 15:56:25 [main] INFO  u.d.t.h.f.FunctionalSeleniumTest - No active profile set, falling back to 1 default profile: "default"
2025-11-02 15:56:25 [main] INFO  o.s.d.r.c.RepositoryConfigurationDelegate - Bootstrapping Spring Data JPA repositories in DEFAULT mode.
2025-11-02 15:56:25 [main] INFO  o.s.d.r.c.RepositoryConfigurationDelegate - Finished Spring Data repository scanning in 8 ms. Found 1 JPA repository interface.
2025-11-02 15:56:25 [main] INFO  o.s.b.w.e.tomcat.TomcatWebServer - Tomcat initialized with port 0 (http)
2025-11-02 15:56:25 [main] INFO  o.a.catalina.core.StandardService - Starting service [Tomcat]
2025-11-02 15:56:25 [main] INFO  o.a.catalina.core.StandardEngine - Starting Servlet engine: [Apache Tomcat/10.1.46]
2025-11-02 15:56:26 [main] INFO  o.a.c.c.C.[Tomcat].[localhost].[/] - Initializing Spring embedded WebApplicationContext
2025-11-02 15:56:26 [main] INFO  o.s.b.w.s.c.ServletWebServerApplicationContext - Root WebApplicationContext: initialization completed in 414 ms
2025-11-02 15:56:26 [main] INFO  o.h.jpa.internal.util.LogHelper - HHH000204: Processing PersistenceUnitInfo [name: default]
2025-11-02 15:56:26 [main] INFO  o.h.c.i.RegionFactoryInitiator - HHH000026: Second-level cache disabled
2025-11-02 15:56:26 [main] INFO  o.s.o.j.p.SpringPersistenceUnitInfo - No LoadTimeWeaver setup: ignoring JPA class transformer
2025-11-02 15:56:26 [main] INFO  com.zaxxer.hikari.HikariDataSource - HikariPool-2 - Starting...
2025-11-02 15:56:26 [main] INFO  com.zaxxer.hikari.pool.HikariPool - HikariPool-2 - Added connection org.postgresql.jdbc.PgConnection@7e9e525a
2025-11-02 15:56:26 [main] INFO  com.zaxxer.hikari.HikariDataSource - HikariPool-2 - Start completed.
2025-11-02 15:56:26 [main] WARN  org.hibernate.orm.deprecation - HHH90000025: PostgreSQLDialect does not need to be specified explicitly using 'hibernate.dialect' (remove the property setting and it will be selected by default)
2025-11-02 15:56:26 [main] INFO  o.hibernate.orm.connections.pooling - HHH10001005: Database info:
	Database JDBC URL [Connecting through datasource 'HikariDataSource (HikariPool-2)']
	Database driver: undefined/unknown
	Database version: 18.0
	Autocommit mode: undefined/unknown
	Isolation level: undefined/unknown
	Minimum pool size: undefined/unknown
	Maximum pool size: undefined/unknown
2025-11-02 15:56:26 [main] INFO  o.h.e.t.j.p.i.JtaPlatformInitiator - HHH000489: No JTA platform available (set 'hibernate.transaction.jta.platform' to enable JTA platform integration)
2025-11-02 15:56:26 [main] INFO  o.s.o.j.LocalContainerEntityManagerFactoryBean - Initialized JPA EntityManagerFactory for persistence unit 'default'
2025-11-02 15:56:26 [main] INFO  u.d.tqs.hw1.service.BookingService - BookingService initialized
2025-11-02 15:56:26 [main] WARN  o.s.b.a.o.j.JpaBaseConfiguration$JpaWebConfiguration - spring.jpa.open-in-view is enabled by default. Therefore, database queries may be performed during view rendering. Explicitly configure spring.jpa.open-in-view to disable this warning
2025-11-02 15:56:26 [main] INFO  o.s.b.a.w.s.WelcomePageHandlerMapping - Adding welcome page template: index
2025-11-02 15:56:26 [main] INFO  o.s.b.w.e.tomcat.TomcatWebServer - Tomcat started on port 36079 (http) with context path '/'
2025-11-02 15:56:26 [main] INFO  u.d.t.h.f.FunctionalSeleniumTest - Started FunctionalSeleniumTest in 0.932 seconds (process running for 9.812)
2025-11-02 15:56:26 [main] INFO  i.g.bonigarcia.wdm.WebDriverManager - Using geckodriver 0.36.0 (resolved driver for Firefox 144)
2025-11-02 15:56:26 [main] INFO  i.g.bonigarcia.wdm.WebDriverManager - Exporting webdriver.gecko.driver as /home/duarte/.cache/selenium/geckodriver/linux64/0.36.0/geckodriver
2025-11-02 15:56:28 [http-nio-auto-1-exec-1] INFO  o.a.c.c.C.[Tomcat].[localhost].[/] - Initializing Spring DispatcherServlet 'dispatcherServlet'
2025-11-02 15:56:29 [http-nio-auto-1-exec-7] INFO  u.d.tqs.hw1.service.BookingService - Creating new booking for Maria Silva in Aveiro on 2025-11-04 at slot 0
2025-11-02 15:56:29 [http-nio-auto-1-exec-7] INFO  u.d.tqs.hw1.service.BookingService - Booking created successfully with token: 6c4133a6 for Maria Silva
2025-11-02 15:56:30 [http-nio-auto-1-exec-2] INFO  u.d.tqs.hw1.service.BookingService - Creating new booking for Maria Silva in Ílhavo on 2025-11-04 at slot 0
2025-11-02 15:56:30 [http-nio-auto-1-exec-2] INFO  u.d.tqs.hw1.service.BookingService - Booking created successfully with token: d51a2ead for Maria Silva
2025-11-02 15:56:31 [main] INFO  i.g.bonigarcia.wdm.WebDriverManager - Using geckodriver 0.36.0 (resolved driver for Firefox 144)
2025-11-02 15:56:31 [main] INFO  i.g.bonigarcia.wdm.WebDriverManager - Exporting webdriver.gecko.driver as /home/duarte/.cache/selenium/geckodriver/linux64/0.36.0/geckodriver
2025-11-02 15:56:44 [http-nio-auto-1-exec-1] INFO  u.d.tqs.hw1.service.BookingService - Updating booking 485 status to ASSIGNED
2025-11-02 15:56:44 [http-nio-auto-1-exec-1] INFO  u.d.tqs.hw1.service.BookingService - Booking 485 status changed from RECEIVED to ASSIGNED for citizen Maria Silva
2025-11-02 15:56:44 [main] INFO  i.g.bonigarcia.wdm.WebDriverManager - Using geckodriver 0.36.0 (resolved driver for Firefox 144)
2025-11-02 15:56:44 [main] INFO  i.g.bonigarcia.wdm.WebDriverManager - Exporting webdriver.gecko.driver as /home/duarte/.cache/selenium/geckodriver/linux64/0.36.0/geckodriver
2025-11-02 15:56:47 [main] INFO  i.g.bonigarcia.wdm.WebDriverManager - Using geckodriver 0.36.0 (resolved driver for Firefox 144)
2025-11-02 15:56:47 [main] INFO  i.g.bonigarcia.wdm.WebDriverManager - Exporting webdriver.gecko.driver as /home/duarte/.cache/selenium/geckodriver/linux64/0.36.0/geckodriver
2025-11-02 15:56:49 [http-nio-auto-1-exec-8] INFO  u.d.tqs.hw1.service.BookingService - Updating booking 486 status to CANCELLED
2025-11-02 15:56:49 [http-nio-auto-1-exec-8] INFO  u.d.tqs.hw1.service.BookingService - Booking 486 status changed from RECEIVED to CANCELLED for citizen Maria Silva
2025-11-02 15:56:49 [http-nio-auto-1-exec-8] INFO  u.d.tqs.hw1.service.BookingService - Time slot 09:00 on 2025-11-04 for Ílhavo is now available (booking 486 cancelled)
2025-11-02 15:57:00 [main] INFO  u.d.tqs.hw1.service.BookingService - BookingService initialized
2025-11-02 15:57:00 [main] INFO  u.d.tqs.hw1.service.BookingService - BookingService initialized
2025-11-02 15:57:00 [main] INFO  u.d.tqs.hw1.service.BookingService - BookingService initialized
2025-11-02 15:57:00 [main] WARN  u.d.tqs.hw1.service.BookingService - Attempted to delete non-existent booking with ID: 99
2025-11-02 15:57:00 [main] INFO  u.d.tqs.hw1.service.BookingService - BookingService initialized
2025-11-02 15:57:00 [main] INFO  u.d.tqs.hw1.service.BookingService - Updating booking 1 status to IN_PROGRESS
2025-11-02 15:57:00 [main] INFO  u.d.tqs.hw1.service.BookingService - Booking 1 status changed from RECEIVED to IN_PROGRESS for citizen John Doe
2025-11-02 15:57:00 [main] INFO  u.d.tqs.hw1.service.BookingService - BookingService initialized
2025-11-02 15:57:00 [main] INFO  u.d.tqs.hw1.service.BookingService - BookingService initialized
2025-11-02 15:57:00 [main] INFO  u.d.tqs.hw1.service.BookingService - Creating new booking for John Doe in Aveiro on 2025-11-03 at slot 2
2025-11-02 15:57:00 [main] WARN  u.d.tqs.hw1.service.BookingService - Booking creation failed: Time slot 2 on 2025-11-03 already occupied in Aveiro
2025-11-02 15:57:00 [main] INFO  u.d.tqs.hw1.service.BookingService - BookingService initialized
2025-11-02 15:57:00 [main] INFO  u.d.tqs.hw1.service.BookingService - BookingService initialized
2025-11-02 15:57:00 [main] INFO  u.d.tqs.hw1.service.BookingService - Creating new booking for John Doe in Aveiro on 2025-11-01 at slot 2
2025-11-02 15:57:00 [main] WARN  u.d.tqs.hw1.service.BookingService - Booking creation failed: Invalid date 2025-11-01 for John Doe
2025-11-02 15:57:00 [main] INFO  u.d.tqs.hw1.service.BookingService - BookingService initialized
2025-11-02 15:57:00 [main] INFO  u.d.tqs.hw1.service.BookingService - BookingService initialized
2025-11-02 15:57:00 [main] INFO  u.d.tqs.hw1.service.BookingService - Updating booking 1 status to CANCELLED
2025-11-02 15:57:00 [main] INFO  u.d.tqs.hw1.service.BookingService - Booking 1 status changed from RECEIVED to CANCELLED for citizen John Doe
2025-11-02 15:57:00 [main] INFO  u.d.tqs.hw1.service.BookingService - Time slot 11:00 on 2025-11-03 for Aveiro is now available (booking null cancelled)
2025-11-02 15:57:00 [main] INFO  u.d.tqs.hw1.service.BookingService - BookingService initialized
2025-11-02 15:57:00 [main] INFO  u.d.tqs.hw1.service.BookingService - BookingService initialized
2025-11-02 15:57:00 [main] INFO  u.d.tqs.hw1.service.BookingService - BookingService initialized
2025-11-02 15:57:00 [main] INFO  u.d.tqs.hw1.service.BookingService - BookingService initialized
2025-11-02 15:57:00 [main] INFO  u.d.tqs.hw1.service.BookingService - BookingService initialized
2025-11-02 15:57:00 [main] INFO  u.d.tqs.hw1.service.BookingService - BookingService initialized
2025-11-02 15:57:00 [main] INFO  u.d.tqs.hw1.service.BookingService - BookingService initialized
2025-11-02 15:57:00 [main] INFO  u.d.tqs.hw1.service.BookingService - BookingService initialized
2025-11-02 15:57:00 [main] INFO  u.d.tqs.hw1.service.BookingService - BookingService initialized
2025-11-02 15:57:01 [main] INFO  u.d.tqs.hw1.service.BookingService - BookingService initialized
2025-11-02 15:57:01 [main] INFO  u.d.tqs.hw1.service.BookingService - BookingService initialized
2025-11-02 15:57:01 [main] INFO  u.d.tqs.hw1.service.BookingService - BookingService initialized
2025-11-02 15:57:01 [main] INFO  u.d.tqs.hw1.service.BookingService - Deleting booking with ID: 1
2025-11-02 15:57:01 [main] INFO  u.d.tqs.hw1.service.BookingService - Booking 1 deleted successfully
2025-11-02 15:57:01 [main] INFO  u.d.tqs.hw1.service.BookingService - BookingService initialized
2025-11-02 15:57:01 [main] INFO  u.d.tqs.hw1.service.BookingService - BookingService initialized
2025-11-02 15:57:01 [main] INFO  u.d.tqs.hw1.service.BookingService - Updating booking 99 status to COMPLETED
2025-11-02 15:57:01 [main] WARN  u.d.tqs.hw1.service.BookingService - Attempted to update non-existent booking with ID: 99
2025-11-02 15:57:01 [main] INFO  u.d.tqs.hw1.service.BookingService - BookingService initialized
2025-11-02 15:57:01 [main] INFO  u.d.tqs.hw1.service.BookingService - BookingService initialized
2025-11-02 15:57:01 [main] INFO  u.d.tqs.hw1.service.BookingService - BookingService initialized
2025-11-02 15:57:01 [main] INFO  u.d.tqs.hw1.service.BookingService - Creating new booking for John Doe in Aveiro on 2025-11-03 at slot 2
2025-11-02 15:57:01 [main] INFO  u.d.tqs.hw1.service.BookingService - Booking created successfully with token: 8720542e for John Doe
2025-11-02 15:57:01 [main] ERROR u.d.t.h.service.MunicipalityService - Failed to load municipalities: API is down
org.springframework.web.client.RestClientException: API is down
	at org.springframework.web.client.RestTemplate.exchange(RestTemplate.java:709)
	at ua.deti.tqs.hw1.service.MunicipalityService.getMunicipalities(MunicipalityService.java:26)
	at ua.deti.tqs.hw1.service.MunicipalityServiceTest.whenApiFails_thenReturnFallbackList(MunicipalityServiceTest.java:85)
	at java.base/jdk.internal.reflect.DirectMethodHandleAccessor.invoke(DirectMethodHandleAccessor.java:103)
	at java.base/java.lang.reflect.Method.invoke(Method.java:580)
	at org.junit.platform.commons.util.ReflectionUtils.invokeMethod(ReflectionUtils.java:775)
	at org.junit.platform.commons.support.ReflectionSupport.invokeMethod(ReflectionSupport.java:479)
	at org.junit.jupiter.engine.execution.MethodInvocation.proceed(MethodInvocation.java:60)
	at org.junit.jupiter.engine.execution.InvocationInterceptorChain$ValidatingInvocation.proceed(InvocationInterceptorChain.java:131)
	at org.junit.jupiter.engine.extension.TimeoutExtension.intercept(TimeoutExtension.java:161)
	at org.junit.jupiter.engine.extension.TimeoutExtension.interceptTestableMethod(TimeoutExtension.java:152)
	at org.junit.jupiter.engine.extension.TimeoutExtension.interceptTestMethod(TimeoutExtension.java:91)
	at org.junit.jupiter.engine.execution.InterceptingExecutableInvoker$ReflectiveInterceptorCall.lambda$ofVoidMethod$0(InterceptingExecutableInvoker.java:112)
	at org.junit.jupiter.engine.execution.InterceptingExecutableInvoker.lambda$invoke$0(InterceptingExecutableInvoker.java:94)
	at org.junit.jupiter.engine.execution.InvocationInterceptorChain$InterceptedInvocation.proceed(InvocationInterceptorChain.java:106)
	at org.junit.jupiter.engine.execution.InvocationInterceptorChain.proceed(InvocationInterceptorChain.java:64)
	at org.junit.jupiter.engine.execution.InvocationInterceptorChain.chainAndInvoke(InvocationInterceptorChain.java:45)
	at org.junit.jupiter.engine.execution.InvocationInterceptorChain.invoke(InvocationInterceptorChain.java:37)
	at org.junit.jupiter.engine.execution.InterceptingExecutableInvoker.invoke(InterceptingExecutableInvoker.java:93)
	at org.junit.jupiter.engine.execution.InterceptingExecutableInvoker.invoke(InterceptingExecutableInvoker.java:87)
	at org.junit.jupiter.engine.descriptor.TestMethodTestDescriptor.lambda$invokeTestMethod$7(TestMethodTestDescriptor.java:216)
	at org.junit.platform.engine.support.hierarchical.ThrowableCollector.execute(ThrowableCollector.java:73)
	at org.junit.jupiter.engine.descriptor.TestMethodTestDescriptor.invokeTestMethod(TestMethodTestDescriptor.java:212)
	at org.junit.jupiter.engine.descriptor.TestMethodTestDescriptor.execute(TestMethodTestDescriptor.java:137)
	at org.junit.jupiter.engine.descriptor.TestMethodTestDescriptor.execute(TestMethodTestDescriptor.java:69)
	at org.junit.platform.engine.support.hierarchical.NodeTestTask.lambda$executeRecursively$6(NodeTestTask.java:156)
	at org.junit.platform.engine.support.hierarchical.ThrowableCollector.execute(ThrowableCollector.java:73)
	at org.junit.platform.engine.support.hierarchical.NodeTestTask.lambda$executeRecursively$8(NodeTestTask.java:146)
	at org.junit.platform.engine.support.hierarchical.Node.around(Node.java:137)
	at org.junit.platform.engine.support.hierarchical.NodeTestTask.lambda$executeRecursively$9(NodeTestTask.java:144)
	at org.junit.platform.engine.support.hierarchical.ThrowableCollector.execute(ThrowableCollector.java:73)
	at org.junit.platform.engine.support.hierarchical.NodeTestTask.executeRecursively(NodeTestTask.java:143)
	at org.junit.platform.engine.support.hierarchical.NodeTestTask.execute(NodeTestTask.java:100)
	at java.base/java.util.ArrayList.forEach(ArrayList.java:1596)
	at org.junit.platform.engine.support.hierarchical.SameThreadHierarchicalTestExecutorService.invokeAll(SameThreadHierarchicalTestExecutorService.java:41)
	at org.junit.platform.engine.support.hierarchical.NodeTestTask.lambda$executeRecursively$6(NodeTestTask.java:160)
	at org.junit.platform.engine.support.hierarchical.ThrowableCollector.execute(ThrowableCollector.java:73)
	at org.junit.platform.engine.support.hierarchical.NodeTestTask.lambda$executeRecursively$8(NodeTestTask.java:146)
	at org.junit.platform.engine.support.hierarchical.Node.around(Node.java:137)
	at org.junit.platform.engine.support.hierarchical.NodeTestTask.lambda$executeRecursively$9(NodeTestTask.java:144)
	at org.junit.platform.engine.support.hierarchical.ThrowableCollector.execute(ThrowableCollector.java:73)
	at org.junit.platform.engine.support.hierarchical.NodeTestTask.executeRecursively(NodeTestTask.java:143)
	at org.junit.platform.engine.support.hierarchical.NodeTestTask.execute(NodeTestTask.java:100)
	at java.base/java.util.ArrayList.forEach(ArrayList.java:1596)
	at org.junit.platform.engine.support.hierarchical.SameThreadHierarchicalTestExecutorService.invokeAll(SameThreadHierarchicalTestExecutorService.java:41)
	at org.junit.platform.engine.support.hierarchical.NodeTestTask.lambda$executeRecursively$6(NodeTestTask.java:160)
	at org.junit.platform.engine.support.hierarchical.ThrowableCollector.execute(ThrowableCollector.java:73)
	at org.junit.platform.engine.support.hierarchical.NodeTestTask.lambda$executeRecursively$8(NodeTestTask.java:146)
	at org.junit.platform.engine.support.hierarchical.Node.around(Node.java:137)
	at org.junit.platform.engine.support.hierarchical.NodeTestTask.lambda$executeRecursively$9(NodeTestTask.java:144)
	at org.junit.platform.engine.support.hierarchical.ThrowableCollector.execute(ThrowableCollector.java:73)
	at org.junit.platform.engine.support.hierarchical.NodeTestTask.executeRecursively(NodeTestTask.java:143)
	at org.junit.platform.engine.support.hierarchical.NodeTestTask.execute(NodeTestTask.java:100)
	at org.junit.platform.engine.support.hierarchical.SameThreadHierarchicalTestExecutorService.submit(SameThreadHierarchicalTestExecutorService.java:35)
	at org.junit.platform.engine.support.hierarchical.HierarchicalTestExecutor.execute(HierarchicalTestExecutor.java:57)
	at org.junit.platform.engine.support.hierarchical.HierarchicalTestEngine.execute(HierarchicalTestEngine.java:54)
	at org.junit.platform.launcher.core.EngineExecutionOrchestrator.execute(EngineExecutionOrchestrator.java:201)
	at org.junit.platform.launcher.core.EngineExecutionOrchestrator.execute(EngineExecutionOrchestrator.java:170)
	at org.junit.platform.launcher.core.EngineExecutionOrchestrator.execute(EngineExecutionOrchestrator.java:94)
	at org.junit.platform.launcher.core.EngineExecutionOrchestrator.lambda$execute$0(EngineExecutionOrchestrator.java:59)
	at org.junit.platform.launcher.core.EngineExecutionOrchestrator.withInterceptedStreams(EngineExecutionOrchestrator.java:142)
	at org.junit.platform.launcher.core.EngineExecutionOrchestrator.execute(EngineExecutionOrchestrator.java:58)
	at org.junit.platform.launcher.core.DefaultLauncher.execute(DefaultLauncher.java:103)
	at org.junit.platform.launcher.core.DefaultLauncher.execute(DefaultLauncher.java:85)
	at org.junit.platform.launcher.core.DelegatingLauncher.execute(DelegatingLauncher.java:47)
	at org.junit.platform.launcher.core.InterceptingLauncher.lambda$execute$1(InterceptingLauncher.java:39)
	at org.junit.platform.launcher.core.ClasspathAlignmentCheckingLauncherInterceptor.intercept(ClasspathAlignmentCheckingLauncherInterceptor.java:25)
	at org.junit.platform.launcher.core.InterceptingLauncher.execute(InterceptingLauncher.java:38)
	at org.junit.platform.launcher.core.DelegatingLauncher.execute(DelegatingLauncher.java:47)
	at org.apache.maven.surefire.junitplatform.LauncherAdapter.executeWithoutCancellationToken(LauncherAdapter.java:60)
	at org.apache.maven.surefire.junitplatform.LauncherAdapter.execute(LauncherAdapter.java:52)
	at org.apache.maven.surefire.junitplatform.JUnitPlatformProvider.execute(JUnitPlatformProvider.java:203)
	at org.apache.maven.surefire.junitplatform.JUnitPlatformProvider.invokeAllTests(JUnitPlatformProvider.java:168)
	at org.apache.maven.surefire.junitplatform.JUnitPlatformProvider.invoke(JUnitPlatformProvider.java:136)
	at org.apache.maven.surefire.booter.ForkedBooter.runSuitesInProcess(ForkedBooter.java:385)
	at org.apache.maven.surefire.booter.ForkedBooter.execute(ForkedBooter.java:162)
	at org.apache.maven.surefire.booter.ForkedBooter.run(ForkedBooter.java:507)
	at org.apache.maven.surefire.booter.ForkedBooter.main(ForkedBooter.java:495)
2025-11-02 15:57:01 [main] WARN  u.d.t.h.service.MunicipalityService - API returned null or empty response
2025-11-02 15:57:01 [main] INFO  u.d.tqs.hw1.service.BookingService - BookingService initialized
2025-11-02 15:57:01 [main] INFO  u.d.tqs.hw1.service.BookingService - Updating booking 0 status to IN_PROGRESS
2025-11-02 15:57:01 [main] INFO  u.d.tqs.hw1.service.BookingService - Booking 0 status changed from RECEIVED to IN_PROGRESS for citizen Test Person
2025-11-02 15:57:01 [main] INFO  u.d.tqs.hw1.service.BookingService - Updating booking 1 status to IN_PROGRESS
2025-11-02 15:57:01 [main] INFO  u.d.tqs.hw1.service.BookingService - Booking 1 status changed from RECEIVED to IN_PROGRESS for citizen Test Person
2025-11-02 15:57:01 [main] INFO  u.d.tqs.hw1.service.BookingService - Updating booking 2 status to IN_PROGRESS
2025-11-02 15:57:01 [main] INFO  u.d.tqs.hw1.service.BookingService - Booking 2 status changed from RECEIVED to IN_PROGRESS for citizen Test Person
2025-11-02 15:57:01 [main] INFO  u.d.tqs.hw1.service.BookingService - Updating booking 3 status to IN_PROGRESS
2025-11-02 15:57:01 [main] INFO  u.d.tqs.hw1.service.BookingService - Booking 3 status changed from RECEIVED to IN_PROGRESS for citizen Test Person
2025-11-02 15:57:01 [main] INFO  u.d.tqs.hw1.service.BookingService - Updating booking 4 status to IN_PROGRESS
2025-11-02 15:57:01 [main] INFO  u.d.tqs.hw1.service.BookingService - Booking 4 status changed from RECEIVED to IN_PROGRESS for citizen Test Person
2025-11-02 15:57:01 [main] INFO  u.d.tqs.hw1.service.BookingService - Updating booking 5 status to IN_PROGRESS
2025-11-02 15:57:01 [main] INFO  u.d.tqs.hw1.service.BookingService - Booking 5 status changed from RECEIVED to IN_PROGRESS for citizen Test Person
2025-11-02 15:57:01 [main] INFO  u.d.tqs.hw1.service.BookingService - Updating booking 6 status to IN_PROGRESS
2025-11-02 15:57:01 [main] INFO  u.d.tqs.hw1.service.BookingService - Booking 6 status changed from RECEIVED to IN_PROGRESS for citizen Test Person
2025-11-02 15:57:01 [main] INFO  u.d.tqs.hw1.service.BookingService - Updating booking 7 status to IN_PROGRESS
2025-11-02 15:57:01 [main] INFO  u.d.tqs.hw1.service.BookingService - Booking 7 status changed from RECEIVED to IN_PROGRESS for citizen Test Person
2025-11-02 15:57:01 [main] INFO  u.d.tqs.hw1.service.BookingService - Updating booking 8 status to IN_PROGRESS
2025-11-02 15:57:01 [main] INFO  u.d.tqs.hw1.service.BookingService - Booking 8 status changed from RECEIVED to IN_PROGRESS for citizen Test Person
2025-11-02 15:57:01 [main] INFO  u.d.tqs.hw1.service.BookingService - Updating booking 9 status to IN_PROGRESS
2025-11-02 15:57:01 [main] INFO  u.d.tqs.hw1.service.BookingService - Booking 9 status changed from RECEIVED to IN_PROGRESS for citizen Test Person
2025-11-02 15:57:01 [main] INFO  u.d.tqs.hw1.service.BookingService - Updating booking 10 status to IN_PROGRESS
2025-11-02 15:57:01 [main] INFO  u.d.tqs.hw1.service.BookingService - Booking 10 status changed from RECEIVED to IN_PROGRESS for citizen Test Person
2025-11-02 15:57:01 [main] INFO  u.d.tqs.hw1.service.BookingService - Updating booking 11 status to IN_PROGRESS
2025-11-02 15:57:01 [main] INFO  u.d.tqs.hw1.service.BookingService - Booking 11 status changed from RECEIVED to IN_PROGRESS for citizen Test Person
2025-11-02 15:57:01 [main] INFO  u.d.tqs.hw1.service.BookingService - Updating booking 12 status to IN_PROGRESS
2025-11-02 15:57:01 [main] INFO  u.d.tqs.hw1.service.BookingService - Booking 12 status changed from RECEIVED to IN_PROGRESS for citizen Test Person
2025-11-02 15:57:01 [main] INFO  u.d.tqs.hw1.service.BookingService - Updating booking 13 status to IN_PROGRESS
2025-11-02 15:57:01 [main] INFO  u.d.tqs.hw1.service.BookingService - Booking 13 status changed from RECEIVED to IN_PROGRESS for citizen Test Person
2025-11-02 15:57:01 [main] INFO  u.d.tqs.hw1.service.BookingService - Updating booking 14 status to IN_PROGRESS
2025-11-02 15:57:01 [main] INFO  u.d.tqs.hw1.service.BookingService - Booking 14 status changed from RECEIVED to IN_PROGRESS for citizen Test Person
2025-11-02 15:57:01 [main] INFO  u.d.tqs.hw1.service.BookingService - Updating booking 15 status to IN_PROGRESS
2025-11-02 15:57:01 [main] INFO  u.d.tqs.hw1.service.BookingService - Booking 15 status changed from RECEIVED to IN_PROGRESS for citizen Test Person
2025-11-02 15:57:01 [main] INFO  u.d.tqs.hw1.service.BookingService - Updating booking 16 status to IN_PROGRESS
2025-11-02 15:57:01 [main] INFO  u.d.tqs.hw1.service.BookingService - Booking 16 status changed from RECEIVED to IN_PROGRESS for citizen Test Person
2025-11-02 15:57:01 [main] INFO  u.d.tqs.hw1.service.BookingService - Updating booking 17 status to IN_PROGRESS
2025-11-02 15:57:01 [main] INFO  u.d.tqs.hw1.service.BookingService - Booking 17 status changed from RECEIVED to IN_PROGRESS for citizen Test Person
2025-11-02 15:57:01 [main] INFO  u.d.tqs.hw1.service.BookingService - Updating booking 18 status to IN_PROGRESS
2025-11-02 15:57:01 [main] INFO  u.d.tqs.hw1.service.BookingService - Booking 18 status changed from RECEIVED to IN_PROGRESS for citizen Test Person
2025-11-02 15:57:01 [main] INFO  u.d.tqs.hw1.service.BookingService - Updating booking 19 status to IN_PROGRESS
2025-11-02 15:57:01 [main] INFO  u.d.tqs.hw1.service.BookingService - Booking 19 status changed from RECEIVED to IN_PROGRESS for citizen Test Person
2025-11-02 15:57:01 [main] INFO  u.d.tqs.hw1.service.BookingService - Updating booking 20 status to IN_PROGRESS
2025-11-02 15:57:01 [main] INFO  u.d.tqs.hw1.service.BookingService - Booking 20 status changed from RECEIVED to IN_PROGRESS for citizen Test Person
2025-11-02 15:57:01 [main] INFO  u.d.tqs.hw1.service.BookingService - Updating booking 21 status to IN_PROGRESS
2025-11-02 15:57:01 [main] INFO  u.d.tqs.hw1.service.BookingService - Booking 21 status changed from RECEIVED to IN_PROGRESS for citizen Test Person
2025-11-02 15:57:01 [main] INFO  u.d.tqs.hw1.service.BookingService - Updating booking 22 status to IN_PROGRESS
2025-11-02 15:57:01 [main] INFO  u.d.tqs.hw1.service.BookingService - Booking 22 status changed from RECEIVED to IN_PROGRESS for citizen Test Person
2025-11-02 15:57:01 [main] INFO  u.d.tqs.hw1.service.BookingService - Updating booking 23 status to IN_PROGRESS
2025-11-02 15:57:01 [main] INFO  u.d.tqs.hw1.service.BookingService - Booking 23 status changed from RECEIVED to IN_PROGRESS for citizen Test Person
2025-11-02 15:57:01 [main] INFO  u.d.tqs.hw1.service.BookingService - Updating booking 24 status to IN_PROGRESS
2025-11-02 15:57:01 [main] INFO  u.d.tqs.hw1.service.BookingService - Booking 24 status changed from RECEIVED to IN_PROGRESS for citizen Test Person
2025-11-02 15:57:01 [main] INFO  u.d.tqs.hw1.service.BookingService - Updating booking 25 status to IN_PROGRESS
2025-11-02 15:57:01 [main] INFO  u.d.tqs.hw1.service.BookingService - Booking 25 status changed from RECEIVED to IN_PROGRESS for citizen Test Person
2025-11-02 15:57:01 [main] INFO  u.d.tqs.hw1.service.BookingService - Updating booking 26 status to IN_PROGRESS
2025-11-02 15:57:01 [main] INFO  u.d.tqs.hw1.service.BookingService - Booking 26 status changed from RECEIVED to IN_PROGRESS for citizen Test Person
2025-11-02 15:57:01 [main] INFO  u.d.tqs.hw1.service.BookingService - Updating booking 27 status to IN_PROGRESS
2025-11-02 15:57:01 [main] INFO  u.d.tqs.hw1.service.BookingService - Booking 27 status changed from RECEIVED to IN_PROGRESS for citizen Test Person
2025-11-02 15:57:01 [main] INFO  u.d.tqs.hw1.service.BookingService - Updating booking 28 status to IN_PROGRESS
2025-11-02 15:57:01 [main] INFO  u.d.tqs.hw1.service.BookingService - Booking 28 status changed from RECEIVED to IN_PROGRESS for citizen Test Person
2025-11-02 15:57:01 [main] INFO  u.d.tqs.hw1.service.BookingService - Updating booking 29 status to IN_PROGRESS
2025-11-02 15:57:01 [main] INFO  u.d.tqs.hw1.service.BookingService - Booking 29 status changed from RECEIVED to IN_PROGRESS for citizen Test Person
2025-11-02 15:57:01 [main] INFO  u.d.tqs.hw1.service.BookingService - Updating booking 30 status to IN_PROGRESS
2025-11-02 15:57:01 [main] INFO  u.d.tqs.hw1.service.BookingService - Booking 30 status changed from RECEIVED to IN_PROGRESS for citizen Test Person
2025-11-02 15:57:01 [main] INFO  u.d.tqs.hw1.service.BookingService - Updating booking 31 status to IN_PROGRESS
2025-11-02 15:57:01 [main] INFO  u.d.tqs.hw1.service.BookingService - Booking 31 status changed from RECEIVED to IN_PROGRESS for citizen Test Person
2025-11-02 15:57:01 [main] INFO  u.d.tqs.hw1.service.BookingService - Updating booking 32 status to IN_PROGRESS
2025-11-02 15:57:01 [main] INFO  u.d.tqs.hw1.service.BookingService - Booking 32 status changed from RECEIVED to IN_PROGRESS for citizen Test Person
2025-11-02 15:57:01 [main] INFO  u.d.tqs.hw1.service.BookingService - Updating booking 33 status to IN_PROGRESS
2025-11-02 15:57:01 [main] INFO  u.d.tqs.hw1.service.BookingService - Booking 33 status changed from RECEIVED to IN_PROGRESS for citizen Test Person
2025-11-02 15:57:01 [main] INFO  u.d.tqs.hw1.service.BookingService - Updating booking 34 status to IN_PROGRESS
2025-11-02 15:57:01 [main] INFO  u.d.tqs.hw1.service.BookingService - Booking 34 status changed from RECEIVED to IN_PROGRESS for citizen Test Person
2025-11-02 15:57:01 [main] INFO  u.d.tqs.hw1.service.BookingService - Updating booking 35 status to IN_PROGRESS
2025-11-02 15:57:01 [main] INFO  u.d.tqs.hw1.service.BookingService - Booking 35 status changed from RECEIVED to IN_PROGRESS for citizen Test Person
2025-11-02 15:57:01 [main] INFO  u.d.tqs.hw1.service.BookingService - Updating booking 36 status to IN_PROGRESS
2025-11-02 15:57:01 [main] INFO  u.d.tqs.hw1.service.BookingService - Booking 36 status changed from RECEIVED to IN_PROGRESS for citizen Test Person
2025-11-02 15:57:01 [main] INFO  u.d.tqs.hw1.service.BookingService - Updating booking 37 status to IN_PROGRESS
2025-11-02 15:57:01 [main] INFO  u.d.tqs.hw1.service.BookingService - Booking 37 status changed from RECEIVED to IN_PROGRESS for citizen Test Person
2025-11-02 15:57:01 [main] INFO  u.d.tqs.hw1.service.BookingService - Updating booking 38 status to IN_PROGRESS
2025-11-02 15:57:01 [main] INFO  u.d.tqs.hw1.service.BookingService - Booking 38 status changed from RECEIVED to IN_PROGRESS for citizen Test Person
2025-11-02 15:57:01 [main] INFO  u.d.tqs.hw1.service.BookingService - Updating booking 39 status to IN_PROGRESS
2025-11-02 15:57:01 [main] INFO  u.d.tqs.hw1.service.BookingService - Booking 39 status changed from RECEIVED to IN_PROGRESS for citizen Test Person
2025-11-02 15:57:01 [main] INFO  u.d.tqs.hw1.service.BookingService - Updating booking 40 status to IN_PROGRESS
2025-11-02 15:57:01 [main] INFO  u.d.tqs.hw1.service.BookingService - Booking 40 status changed from RECEIVED to IN_PROGRESS for citizen Test Person
2025-11-02 15:57:01 [main] INFO  u.d.tqs.hw1.service.BookingService - Updating booking 41 status to IN_PROGRESS
2025-11-02 15:57:01 [main] INFO  u.d.tqs.hw1.service.BookingService - Booking 41 status changed from RECEIVED to IN_PROGRESS for citizen Test Person
2025-11-02 15:57:01 [main] INFO  u.d.tqs.hw1.service.BookingService - Updating booking 42 status to IN_PROGRESS
2025-11-02 15:57:01 [main] INFO  u.d.tqs.hw1.service.BookingService - Booking 42 status changed from RECEIVED to IN_PROGRESS for citizen Test Person
2025-11-02 15:57:01 [main] INFO  u.d.tqs.hw1.service.BookingService - Updating booking 43 status to IN_PROGRESS
2025-11-02 15:57:01 [main] INFO  u.d.tqs.hw1.service.BookingService - Booking 43 status changed from RECEIVED to IN_PROGRESS for citizen Test Person
2025-11-02 15:57:01 [main] INFO  u.d.tqs.hw1.service.BookingService - Updating booking 44 status to IN_PROGRESS
2025-11-02 15:57:01 [main] INFO  u.d.tqs.hw1.service.BookingService - Booking 44 status changed from RECEIVED to IN_PROGRESS for citizen Test Person
2025-11-02 15:57:01 [main] INFO  u.d.tqs.hw1.service.BookingService - Updating booking 45 status to IN_PROGRESS
2025-11-02 15:57:01 [main] INFO  u.d.tqs.hw1.service.BookingService - Booking 45 status changed from RECEIVED to IN_PROGRESS for citizen Test Person
2025-11-02 15:57:01 [main] INFO  u.d.tqs.hw1.service.BookingService - Updating booking 46 status to IN_PROGRESS
2025-11-02 15:57:01 [main] INFO  u.d.tqs.hw1.service.BookingService - Booking 46 status changed from RECEIVED to IN_PROGRESS for citizen Test Person
2025-11-02 15:57:01 [main] INFO  u.d.tqs.hw1.service.BookingService - Updating booking 47 status to IN_PROGRESS
2025-11-02 15:57:01 [main] INFO  u.d.tqs.hw1.service.BookingService - Booking 47 status changed from RECEIVED to IN_PROGRESS for citizen Test Person
2025-11-02 15:57:01 [main] INFO  u.d.tqs.hw1.service.BookingService - Updating booking 48 status to IN_PROGRESS
2025-11-02 15:57:01 [main] INFO  u.d.tqs.hw1.service.BookingService - Booking 48 status changed from RECEIVED to IN_PROGRESS for citizen Test Person
2025-11-02 15:57:01 [main] INFO  u.d.tqs.hw1.service.BookingService - Updating booking 49 status to IN_PROGRESS
2025-11-02 15:57:01 [main] INFO  u.d.tqs.hw1.service.BookingService - Booking 49 status changed from RECEIVED to IN_PROGRESS for citizen Test Person
2025-11-02 15:57:01 [main] INFO  u.d.tqs.hw1.service.BookingService - BookingService initialized
2025-11-02 15:57:01 [main] INFO  u.d.tqs.hw1.service.BookingService - BookingService initialized
2025-11-02 15:57:01 [main] INFO  u.d.tqs.hw1.service.BookingService - BookingService initialized
2025-11-02 15:57:01 [main] INFO  u.d.tqs.hw1.service.BookingService - BookingService initialized
2025-11-02 15:57:01 [main] INFO  u.d.tqs.hw1.service.BookingService - BookingService initialized
2025-11-02 15:57:01 [main] INFO  u.d.tqs.hw1.service.BookingService - Creating new booking for John Doe in Aveiro on 2025-11-03 at slot 0
2025-11-02 15:57:01 [main] INFO  u.d.tqs.hw1.service.BookingService - Booking created successfully with token: 24320c8c for John Doe
2025-11-02 15:57:01 [main] INFO  u.d.tqs.hw1.service.BookingService - Creating new booking for John Doe in Aveiro on 2025-11-03 at slot 1
2025-11-02 15:57:01 [main] INFO  u.d.tqs.hw1.service.BookingService - Booking created successfully with token: 24320c8c for John Doe
2025-11-02 15:57:01 [main] INFO  u.d.tqs.hw1.service.BookingService - Creating new booking for John Doe in Aveiro on 2025-11-03 at slot 2
2025-11-02 15:57:01 [main] INFO  u.d.tqs.hw1.service.BookingService - Booking created successfully with token: 24320c8c for John Doe
2025-11-02 15:57:01 [main] INFO  u.d.tqs.hw1.service.BookingService - Creating new booking for John Doe in Aveiro on 2025-11-03 at slot 3
2025-11-02 15:57:01 [main] INFO  u.d.tqs.hw1.service.BookingService - Booking created successfully with token: 24320c8c for John Doe
2025-11-02 15:57:01 [main] INFO  u.d.tqs.hw1.service.BookingService - Creating new booking for John Doe in Aveiro on 2025-11-03 at slot 4
2025-11-02 15:57:01 [main] INFO  u.d.tqs.hw1.service.BookingService - Booking created successfully with token: 24320c8c for John Doe
2025-11-02 15:57:01 [main] INFO  u.d.tqs.hw1.service.BookingService - Creating new booking for John Doe in Aveiro on 2025-11-03 at slot 5
2025-11-02 15:57:01 [main] INFO  u.d.tqs.hw1.service.BookingService - Booking created successfully with token: 24320c8c for John Doe
2025-11-02 15:57:01 [main] INFO  u.d.tqs.hw1.service.BookingService - Creating new booking for John Doe in Aveiro on 2025-11-03 at slot 6
2025-11-02 15:57:01 [main] INFO  u.d.tqs.hw1.service.BookingService - Booking created successfully with token: 24320c8c for John Doe
2025-11-02 15:57:01 [main] INFO  u.d.tqs.hw1.service.BookingService - Creating new booking for John Doe in Aveiro on 2025-11-03 at slot 7
2025-11-02 15:57:01 [main] INFO  u.d.tqs.hw1.service.BookingService - Booking created successfully with token: 24320c8c for John Doe
2025-11-02 15:57:01 [main] INFO  u.d.tqs.hw1.service.BookingService - Creating new booking for John Doe in Aveiro on 2025-11-03 at slot 8
2025-11-02 15:57:01 [main] INFO  u.d.tqs.hw1.service.BookingService - Booking created successfully with token: 24320c8c for John Doe
2025-11-02 15:57:01 [main] INFO  u.d.tqs.hw1.service.BookingService - Creating new booking for John Doe in Aveiro on 2025-11-03 at slot 0
2025-11-02 15:57:01 [main] INFO  u.d.tqs.hw1.service.BookingService - Booking created successfully with token: 24320c8c for John Doe
2025-11-02 15:57:01 [main] INFO  u.d.tqs.hw1.service.BookingService - Creating new booking for John Doe in Aveiro on 2025-11-03 at slot 1
2025-11-02 15:57:01 [main] INFO  u.d.tqs.hw1.service.BookingService - Booking created successfully with token: 24320c8c for John Doe
2025-11-02 15:57:01 [main] INFO  u.d.tqs.hw1.service.BookingService - Creating new booking for John Doe in Aveiro on 2025-11-03 at slot 2
2025-11-02 15:57:01 [main] INFO  u.d.tqs.hw1.service.BookingService - Booking created successfully with token: 24320c8c for John Doe
2025-11-02 15:57:01 [main] INFO  u.d.tqs.hw1.service.BookingService - Creating new booking for John Doe in Aveiro on 2025-11-03 at slot 3
2025-11-02 15:57:01 [main] INFO  u.d.tqs.hw1.service.BookingService - Booking created successfully with token: 24320c8c for John Doe
2025-11-02 15:57:01 [main] INFO  u.d.tqs.hw1.service.BookingService - Creating new booking for John Doe in Aveiro on 2025-11-03 at slot 4
2025-11-02 15:57:01 [main] INFO  u.d.tqs.hw1.service.BookingService - Booking created successfully with token: 24320c8c for John Doe
2025-11-02 15:57:01 [main] INFO  u.d.tqs.hw1.service.BookingService - Creating new booking for John Doe in Aveiro on 2025-11-03 at slot 5
2025-11-02 15:57:01 [main] INFO  u.d.tqs.hw1.service.BookingService - Booking created successfully with token: 24320c8c for John Doe
2025-11-02 15:57:01 [main] INFO  u.d.tqs.hw1.service.BookingService - Creating new booking for John Doe in Aveiro on 2025-11-03 at slot 6
2025-11-02 15:57:01 [main] INFO  u.d.tqs.hw1.service.BookingService - Booking created successfully with token: 24320c8c for John Doe
2025-11-02 15:57:01 [main] INFO  u.d.tqs.hw1.service.BookingService - Creating new booking for John Doe in Aveiro on 2025-11-03 at slot 7
2025-11-02 15:57:01 [main] INFO  u.d.tqs.hw1.service.BookingService - Booking created successfully with token: 24320c8c for John Doe
2025-11-02 15:57:01 [main] INFO  u.d.tqs.hw1.service.BookingService - Creating new booking for John Doe in Aveiro on 2025-11-03 at slot 8
2025-11-02 15:57:01 [main] INFO  u.d.tqs.hw1.service.BookingService - Booking created successfully with token: 24320c8c for John Doe
2025-11-02 15:57:01 [main] INFO  u.d.tqs.hw1.service.BookingService - Creating new booking for John Doe in Aveiro on 2025-11-03 at slot 0
2025-11-02 15:57:01 [main] INFO  u.d.tqs.hw1.service.BookingService - Booking created successfully with token: 24320c8c for John Doe
2025-11-02 15:57:01 [main] INFO  u.d.tqs.hw1.service.BookingService - Creating new booking for John Doe in Aveiro on 2025-11-03 at slot 1
2025-11-02 15:57:01 [main] INFO  u.d.tqs.hw1.service.BookingService - Booking created successfully with token: 24320c8c for John Doe
2025-11-02 15:57:01 [main] INFO  u.d.tqs.hw1.service.BookingService - Creating new booking for John Doe in Aveiro on 2025-11-03 at slot 2
2025-11-02 15:57:01 [main] INFO  u.d.tqs.hw1.service.BookingService - Booking created successfully with token: 24320c8c for John Doe
2025-11-02 15:57:01 [main] INFO  u.d.tqs.hw1.service.BookingService - Creating new booking for John Doe in Aveiro on 2025-11-03 at slot 3
2025-11-02 15:57:01 [main] INFO  u.d.tqs.hw1.service.BookingService - Booking created successfully with token: 24320c8c for John Doe
2025-11-02 15:57:01 [main] INFO  u.d.tqs.hw1.service.BookingService - Creating new booking for John Doe in Aveiro on 2025-11-03 at slot 4
2025-11-02 15:57:01 [main] INFO  u.d.tqs.hw1.service.BookingService - Booking created successfully with token: 24320c8c for John Doe
2025-11-02 15:57:01 [main] INFO  u.d.tqs.hw1.service.BookingService - Creating new booking for John Doe in Aveiro on 2025-11-03 at slot 5
2025-11-02 15:57:01 [main] INFO  u.d.tqs.hw1.service.BookingService - Booking created successfully with token: 24320c8c for John Doe
2025-11-02 15:57:01 [main] INFO  u.d.tqs.hw1.service.BookingService - Creating new booking for John Doe in Aveiro on 2025-11-03 at slot 6
2025-11-02 15:57:01 [main] INFO  u.d.tqs.hw1.service.BookingService - Booking created successfully with token: 24320c8c for John Doe
2025-11-02 15:57:01 [main] INFO  u.d.tqs.hw1.service.BookingService - Creating new booking for John Doe in Aveiro on 2025-11-03 at slot 7
2025-11-02 15:57:01 [main] INFO  u.d.tqs.hw1.service.BookingService - Booking created successfully with token: 24320c8c for John Doe
2025-11-02 15:57:01 [main] INFO  u.d.tqs.hw1.service.BookingService - Creating new booking for John Doe in Aveiro on 2025-11-03 at slot 8
2025-11-02 15:57:01 [main] INFO  u.d.tqs.hw1.service.BookingService - Booking created successfully with token: 24320c8c for John Doe
2025-11-02 15:57:01 [main] INFO  u.d.tqs.hw1.service.BookingService - Creating new booking for John Doe in Aveiro on 2025-11-03 at slot 0
2025-11-02 15:57:01 [main] INFO  u.d.tqs.hw1.service.BookingService - Booking created successfully with token: 24320c8c for John Doe
2025-11-02 15:57:01 [main] INFO  u.d.tqs.hw1.service.BookingService - Creating new booking for John Doe in Aveiro on 2025-11-03 at slot 1
2025-11-02 15:57:01 [main] INFO  u.d.tqs.hw1.service.BookingService - Booking created successfully with token: 24320c8c for John Doe
2025-11-02 15:57:01 [main] INFO  u.d.tqs.hw1.service.BookingService - Creating new booking for John Doe in Aveiro on 2025-11-03 at slot 2
2025-11-02 15:57:01 [main] INFO  u.d.tqs.hw1.service.BookingService - Booking created successfully with token: 24320c8c for John Doe
2025-11-02 15:57:01 [main] INFO  u.d.tqs.hw1.service.BookingService - Creating new booking for John Doe in Aveiro on 2025-11-03 at slot 3
2025-11-02 15:57:01 [main] INFO  u.d.tqs.hw1.service.BookingService - Booking created successfully with token: 24320c8c for John Doe
2025-11-02 15:57:01 [main] INFO  u.d.tqs.hw1.service.BookingService - Creating new booking for John Doe in Aveiro on 2025-11-03 at slot 4
2025-11-02 15:57:01 [main] INFO  u.d.tqs.hw1.service.BookingService - Booking created successfully with token: 24320c8c for John Doe
2025-11-02 15:57:01 [main] INFO  u.d.tqs.hw1.service.BookingService - Creating new booking for John Doe in Aveiro on 2025-11-03 at slot 5
2025-11-02 15:57:01 [main] INFO  u.d.tqs.hw1.service.BookingService - Booking created successfully with token: 24320c8c for John Doe
2025-11-02 15:57:01 [main] INFO  u.d.tqs.hw1.service.BookingService - Creating new booking for John Doe in Aveiro on 2025-11-03 at slot 6
2025-11-02 15:57:01 [main] INFO  u.d.tqs.hw1.service.BookingService - Booking created successfully with token: 24320c8c for John Doe
2025-11-02 15:57:01 [main] INFO  u.d.tqs.hw1.service.BookingService - Creating new booking for John Doe in Aveiro on 2025-11-03 at slot 7
2025-11-02 15:57:01 [main] INFO  u.d.tqs.hw1.service.BookingService - Booking created successfully with token: 24320c8c for John Doe
2025-11-02 15:57:01 [main] INFO  u.d.tqs.hw1.service.BookingService - Creating new booking for John Doe in Aveiro on 2025-11-03 at slot 8
2025-11-02 15:57:01 [main] INFO  u.d.tqs.hw1.service.BookingService - Booking created successfully with token: 24320c8c for John Doe
2025-11-02 15:57:01 [main] INFO  u.d.tqs.hw1.service.BookingService - Creating new booking for John Doe in Aveiro on 2025-11-03 at slot 0
2025-11-02 15:57:01 [main] INFO  u.d.tqs.hw1.service.BookingService - Booking created successfully with token: 24320c8c for John Doe
2025-11-02 15:57:01 [main] INFO  u.d.tqs.hw1.service.BookingService - Creating new booking for John Doe in Aveiro on 2025-11-03 at slot 1
2025-11-02 15:57:01 [main] INFO  u.d.tqs.hw1.service.BookingService - Booking created successfully with token: 24320c8c for John Doe
2025-11-02 15:57:01 [main] INFO  u.d.tqs.hw1.service.BookingService - Creating new booking for John Doe in Aveiro on 2025-11-03 at slot 2
2025-11-02 15:57:01 [main] INFO  u.d.tqs.hw1.service.BookingService - Booking created successfully with token: 24320c8c for John Doe
2025-11-02 15:57:01 [main] INFO  u.d.tqs.hw1.service.BookingService - Creating new booking for John Doe in Aveiro on 2025-11-03 at slot 3
2025-11-02 15:57:01 [main] INFO  u.d.tqs.hw1.service.BookingService - Booking created successfully with token: 24320c8c for John Doe
2025-11-02 15:57:01 [main] INFO  u.d.tqs.hw1.service.BookingService - Creating new booking for John Doe in Aveiro on 2025-11-03 at slot 4
2025-11-02 15:57:01 [main] INFO  u.d.tqs.hw1.service.BookingService - Booking created successfully with token: 24320c8c for John Doe
2025-11-02 15:57:01 [main] INFO  u.d.tqs.hw1.service.BookingService - Creating new booking for John Doe in Aveiro on 2025-11-03 at slot 5
2025-11-02 15:57:01 [main] INFO  u.d.tqs.hw1.service.BookingService - Booking created successfully with token: 24320c8c for John Doe
2025-11-02 15:57:01 [main] INFO  u.d.tqs.hw1.service.BookingService - Creating new booking for John Doe in Aveiro on 2025-11-03 at slot 6
2025-11-02 15:57:01 [main] INFO  u.d.tqs.hw1.service.BookingService - Booking created successfully with token: 24320c8c for John Doe
2025-11-02 15:57:01 [main] INFO  u.d.tqs.hw1.service.BookingService - Creating new booking for John Doe in Aveiro on 2025-11-03 at slot 7
2025-11-02 15:57:01 [main] INFO  u.d.tqs.hw1.service.BookingService - Booking created successfully with token: 24320c8c for John Doe
2025-11-02 15:57:01 [main] INFO  u.d.tqs.hw1.service.BookingService - Creating new booking for John Doe in Aveiro on 2025-11-03 at slot 8
2025-11-02 15:57:01 [main] INFO  u.d.tqs.hw1.service.BookingService - Booking created successfully with token: 24320c8c for John Doe
2025-11-02 15:57:01 [main] INFO  u.d.tqs.hw1.service.BookingService - Creating new booking for John Doe in Aveiro on 2025-11-03 at slot 0
2025-11-02 15:57:01 [main] INFO  u.d.tqs.hw1.service.BookingService - Booking created successfully with token: 24320c8c for John Doe
2025-11-02 15:57:01 [main] INFO  u.d.tqs.hw1.service.BookingService - Creating new booking for John Doe in Aveiro on 2025-11-03 at slot 1
2025-11-02 15:57:01 [main] INFO  u.d.tqs.hw1.service.BookingService - Booking created successfully with token: 24320c8c for John Doe
2025-11-02 15:57:01 [main] INFO  u.d.tqs.hw1.service.BookingService - Creating new booking for John Doe in Aveiro on 2025-11-03 at slot 2
2025-11-02 15:57:01 [main] INFO  u.d.tqs.hw1.service.BookingService - Booking created successfully with token: 24320c8c for John Doe
2025-11-02 15:57:01 [main] INFO  u.d.tqs.hw1.service.BookingService - Creating new booking for John Doe in Aveiro on 2025-11-03 at slot 3
2025-11-02 15:57:01 [main] INFO  u.d.tqs.hw1.service.BookingService - Booking created successfully with token: 24320c8c for John Doe
2025-11-02 15:57:01 [main] INFO  u.d.tqs.hw1.service.BookingService - Creating new booking for John Doe in Aveiro on 2025-11-03 at slot 4
2025-11-02 15:57:01 [main] INFO  u.d.tqs.hw1.service.BookingService - Booking created successfully with token: 24320c8c for John Doe
2025-11-02 15:57:01 [main] INFO  u.d.tqs.hw1.service.BookingService - Creating new booking for John Doe in Aveiro on 2025-11-03 at slot 5
2025-11-02 15:57:01 [main] INFO  u.d.tqs.hw1.service.BookingService - Booking created successfully with token: 24320c8c for John Doe
2025-11-02 15:57:01 [main] INFO  u.d.tqs.hw1.service.BookingService - Creating new booking for John Doe in Aveiro on 2025-11-03 at slot 6
2025-11-02 15:57:01 [main] INFO  u.d.tqs.hw1.service.BookingService - Booking created successfully with token: 24320c8c for John Doe
2025-11-02 15:57:01 [main] INFO  u.d.tqs.hw1.service.BookingService - Creating new booking for John Doe in Aveiro on 2025-11-03 at slot 7
2025-11-02 15:57:01 [main] INFO  u.d.tqs.hw1.service.BookingService - Booking created successfully with token: 24320c8c for John Doe
2025-11-02 15:57:01 [main] INFO  u.d.tqs.hw1.service.BookingService - Creating new booking for John Doe in Aveiro on 2025-11-03 at slot 8
2025-11-02 15:57:01 [main] INFO  u.d.tqs.hw1.service.BookingService - Booking created successfully with token: 24320c8c for John Doe
2025-11-02 15:57:01 [main] INFO  u.d.tqs.hw1.service.BookingService - Creating new booking for John Doe in Aveiro on 2025-11-03 at slot 0
2025-11-02 15:57:01 [main] INFO  u.d.tqs.hw1.service.BookingService - Booking created successfully with token: 24320c8c for John Doe
2025-11-02 15:57:01 [main] INFO  u.d.tqs.hw1.service.BookingService - Creating new booking for John Doe in Aveiro on 2025-11-03 at slot 1
2025-11-02 15:57:01 [main] INFO  u.d.tqs.hw1.service.BookingService - Booking created successfully with token: 24320c8c for John Doe
2025-11-02 15:57:01 [main] INFO  u.d.tqs.hw1.service.BookingService - Creating new booking for John Doe in Aveiro on 2025-11-03 at slot 2
2025-11-02 15:57:01 [main] INFO  u.d.tqs.hw1.service.BookingService - Booking created successfully with token: 24320c8c for John Doe
2025-11-02 15:57:01 [main] INFO  u.d.tqs.hw1.service.BookingService - Creating new booking for John Doe in Aveiro on 2025-11-03 at slot 3
2025-11-02 15:57:01 [main] INFO  u.d.tqs.hw1.service.BookingService - Booking created successfully with token: 24320c8c for John Doe
2025-11-02 15:57:01 [main] INFO  u.d.tqs.hw1.service.BookingService - Creating new booking for John Doe in Aveiro on 2025-11-03 at slot 4
2025-11-02 15:57:01 [main] INFO  u.d.tqs.hw1.service.BookingService - Booking created successfully with token: 24320c8c for John Doe
2025-11-02 15:57:01 [main] INFO  u.d.tqs.hw1.service.BookingService - Creating new booking for John Doe in Aveiro on 2025-11-03 at slot 5
2025-11-02 15:57:01 [main] INFO  u.d.tqs.hw1.service.BookingService - Booking created successfully with token: 24320c8c for John Doe
2025-11-02 15:57:01 [main] INFO  u.d.tqs.hw1.service.BookingService - Creating new booking for John Doe in Aveiro on 2025-11-03 at slot 6
2025-11-02 15:57:01 [main] INFO  u.d.tqs.hw1.service.BookingService - Booking created successfully with token: 24320c8c for John Doe
2025-11-02 15:57:01 [main] INFO  u.d.tqs.hw1.service.BookingService - Creating new booking for John Doe in Aveiro on 2025-11-03 at slot 7
2025-11-02 15:57:01 [main] INFO  u.d.tqs.hw1.service.BookingService - Booking created successfully with token: 24320c8c for John Doe
2025-11-02 15:57:01 [main] INFO  u.d.tqs.hw1.service.BookingService - Creating new booking for John Doe in Aveiro on 2025-11-03 at slot 8
2025-11-02 15:57:01 [main] INFO  u.d.tqs.hw1.service.BookingService - Booking created successfully with token: 24320c8c for John Doe
2025-11-02 15:57:01 [main] INFO  u.d.tqs.hw1.service.BookingService - Creating new booking for John Doe in Aveiro on 2025-11-03 at slot 0
2025-11-02 15:57:01 [main] INFO  u.d.tqs.hw1.service.BookingService - Booking created successfully with token: 24320c8c for John Doe
2025-11-02 15:57:01 [main] INFO  u.d.tqs.hw1.service.BookingService - Creating new booking for John Doe in Aveiro on 2025-11-03 at slot 1
2025-11-02 15:57:01 [main] INFO  u.d.tqs.hw1.service.BookingService - Booking created successfully with token: 24320c8c for John Doe
2025-11-02 15:57:01 [main] INFO  u.d.tqs.hw1.service.BookingService - Creating new booking for John Doe in Aveiro on 2025-11-03 at slot 2
2025-11-02 15:57:01 [main] INFO  u.d.tqs.hw1.service.BookingService - Booking created successfully with token: 24320c8c for John Doe
2025-11-02 15:57:01 [main] INFO  u.d.tqs.hw1.service.BookingService - Creating new booking for John Doe in Aveiro on 2025-11-03 at slot 3
2025-11-02 15:57:01 [main] INFO  u.d.tqs.hw1.service.BookingService - Booking created successfully with token: 24320c8c for John Doe
2025-11-02 15:57:01 [main] INFO  u.d.tqs.hw1.service.BookingService - Creating new booking for John Doe in Aveiro on 2025-11-03 at slot 4
2025-11-02 15:57:01 [main] INFO  u.d.tqs.hw1.service.BookingService - Booking created successfully with token: 24320c8c for John Doe
2025-11-02 15:57:01 [main] INFO  u.d.tqs.hw1.service.BookingService - Creating new booking for John Doe in Aveiro on 2025-11-03 at slot 5
2025-11-02 15:57:01 [main] INFO  u.d.tqs.hw1.service.BookingService - Booking created successfully with token: 24320c8c for John Doe
2025-11-02 15:57:01 [main] INFO  u.d.tqs.hw1.service.BookingService - Creating new booking for John Doe in Aveiro on 2025-11-03 at slot 6
2025-11-02 15:57:01 [main] INFO  u.d.tqs.hw1.service.BookingService - Booking created successfully with token: 24320c8c for John Doe
2025-11-02 15:57:01 [main] INFO  u.d.tqs.hw1.service.BookingService - Creating new booking for John Doe in Aveiro on 2025-11-03 at slot 7
2025-11-02 15:57:01 [main] INFO  u.d.tqs.hw1.service.BookingService - Booking created successfully with token: 24320c8c for John Doe
2025-11-02 15:57:01 [main] INFO  u.d.tqs.hw1.service.BookingService - Creating new booking for John Doe in Aveiro on 2025-11-03 at slot 8
2025-11-02 15:57:01 [main] INFO  u.d.tqs.hw1.service.BookingService - Booking created successfully with token: 24320c8c for John Doe
2025-11-02 15:57:01 [main] INFO  u.d.tqs.hw1.service.BookingService - Creating new booking for John Doe in Aveiro on 2025-11-03 at slot 0
2025-11-02 15:57:01 [main] INFO  u.d.tqs.hw1.service.BookingService - Booking created successfully with token: 24320c8c for John Doe
2025-11-02 15:57:01 [main] INFO  u.d.tqs.hw1.service.BookingService - Creating new booking for John Doe in Aveiro on 2025-11-03 at slot 1
2025-11-02 15:57:01 [main] INFO  u.d.tqs.hw1.service.BookingService - Booking created successfully with token: 24320c8c for John Doe
2025-11-02 15:57:01 [main] INFO  u.d.tqs.hw1.service.BookingService - Creating new booking for John Doe in Aveiro on 2025-11-03 at slot 2
2025-11-02 15:57:01 [main] INFO  u.d.tqs.hw1.service.BookingService - Booking created successfully with token: 24320c8c for John Doe
2025-11-02 15:57:01 [main] INFO  u.d.tqs.hw1.service.BookingService - Creating new booking for John Doe in Aveiro on 2025-11-03 at slot 3
2025-11-02 15:57:01 [main] INFO  u.d.tqs.hw1.service.BookingService - Booking created successfully with token: 24320c8c for John Doe
2025-11-02 15:57:01 [main] INFO  u.d.tqs.hw1.service.BookingService - Creating new booking for John Doe in Aveiro on 2025-11-03 at slot 4
2025-11-02 15:57:01 [main] INFO  u.d.tqs.hw1.service.BookingService - Booking created successfully with token: 24320c8c for John Doe
2025-11-02 15:57:01 [main] INFO  u.d.tqs.hw1.service.BookingService - Creating new booking for John Doe in Aveiro on 2025-11-03 at slot 5
2025-11-02 15:57:01 [main] INFO  u.d.tqs.hw1.service.BookingService - Booking created successfully with token: 24320c8c for John Doe
2025-11-02 15:57:01 [main] INFO  u.d.tqs.hw1.service.BookingService - Creating new booking for John Doe in Aveiro on 2025-11-03 at slot 6
2025-11-02 15:57:01 [main] INFO  u.d.tqs.hw1.service.BookingService - Booking created successfully with token: 24320c8c for John Doe
2025-11-02 15:57:01 [main] INFO  u.d.tqs.hw1.service.BookingService - Creating new booking for John Doe in Aveiro on 2025-11-03 at slot 7
2025-11-02 15:57:01 [main] INFO  u.d.tqs.hw1.service.BookingService - Booking created successfully with token: 24320c8c for John Doe
2025-11-02 15:57:01 [main] INFO  u.d.tqs.hw1.service.BookingService - Creating new booking for John Doe in Aveiro on 2025-11-03 at slot 8
2025-11-02 15:57:01 [main] INFO  u.d.tqs.hw1.service.BookingService - Booking created successfully with token: 24320c8c for John Doe
2025-11-02 15:57:01 [main] INFO  u.d.tqs.hw1.service.BookingService - Creating new booking for John Doe in Aveiro on 2025-11-03 at slot 0
2025-11-02 15:57:01 [main] INFO  u.d.tqs.hw1.service.BookingService - Booking created successfully with token: 24320c8c for John Doe
2025-11-02 15:57:01 [main] INFO  u.d.tqs.hw1.service.BookingService - Creating new booking for John Doe in Aveiro on 2025-11-03 at slot 1
2025-11-02 15:57:01 [main] INFO  u.d.tqs.hw1.service.BookingService - Booking created successfully with token: 24320c8c for John Doe
2025-11-02 15:57:01 [main] INFO  u.d.tqs.hw1.service.BookingService - Creating new booking for John Doe in Aveiro on 2025-11-03 at slot 2
2025-11-02 15:57:01 [main] INFO  u.d.tqs.hw1.service.BookingService - Booking created successfully with token: 24320c8c for John Doe
2025-11-02 15:57:01 [main] INFO  u.d.tqs.hw1.service.BookingService - Creating new booking for John Doe in Aveiro on 2025-11-03 at slot 3
2025-11-02 15:57:01 [main] INFO  u.d.tqs.hw1.service.BookingService - Booking created successfully with token: 24320c8c for John Doe
2025-11-02 15:57:01 [main] INFO  u.d.tqs.hw1.service.BookingService - Creating new booking for John Doe in Aveiro on 2025-11-03 at slot 4
2025-11-02 15:57:01 [main] INFO  u.d.tqs.hw1.service.BookingService - Booking created successfully with token: 24320c8c for John Doe
2025-11-02 15:57:01 [main] INFO  u.d.tqs.hw1.service.BookingService - Creating new booking for John Doe in Aveiro on 2025-11-03 at slot 5
2025-11-02 15:57:01 [main] INFO  u.d.tqs.hw1.service.BookingService - Booking created successfully with token: 24320c8c for John Doe
2025-11-02 15:57:01 [main] INFO  u.d.tqs.hw1.service.BookingService - Creating new booking for John Doe in Aveiro on 2025-11-03 at slot 6
2025-11-02 15:57:01 [main] INFO  u.d.tqs.hw1.service.BookingService - Booking created successfully with token: 24320c8c for John Doe
2025-11-02 15:57:01 [main] INFO  u.d.tqs.hw1.service.BookingService - Creating new booking for John Doe in Aveiro on 2025-11-03 at slot 7
2025-11-02 15:57:01 [main] INFO  u.d.tqs.hw1.service.BookingService - Booking created successfully with token: 24320c8c for John Doe
2025-11-02 15:57:01 [main] INFO  u.d.tqs.hw1.service.BookingService - Creating new booking for John Doe in Aveiro on 2025-11-03 at slot 8
2025-11-02 15:57:01 [main] INFO  u.d.tqs.hw1.service.BookingService - Booking created successfully with token: 24320c8c for John Doe
2025-11-02 15:57:01 [main] INFO  u.d.tqs.hw1.service.BookingService - Creating new booking for John Doe in Aveiro on 2025-11-03 at slot 0
2025-11-02 15:57:01 [main] INFO  u.d.tqs.hw1.service.BookingService - Booking created successfully with token: 24320c8c for John Doe
2025-11-02 15:57:01 [main] INFO  u.d.tqs.hw1.service.BookingService - Creating new booking for John Doe in Aveiro on 2025-11-03 at slot 1
2025-11-02 15:57:01 [main] INFO  u.d.tqs.hw1.service.BookingService - Booking created successfully with token: 24320c8c for John Doe
2025-11-02 15:57:01 [main] INFO  u.d.tqs.hw1.service.BookingService - Creating new booking for John Doe in Aveiro on 2025-11-03 at slot 2
2025-11-02 15:57:01 [main] INFO  u.d.tqs.hw1.service.BookingService - Booking created successfully with token: 24320c8c for John Doe
2025-11-02 15:57:01 [main] INFO  u.d.tqs.hw1.service.BookingService - Creating new booking for John Doe in Aveiro on 2025-11-03 at slot 3
2025-11-02 15:57:01 [main] INFO  u.d.tqs.hw1.service.BookingService - Booking created successfully with token: 24320c8c for John Doe
2025-11-02 15:57:01 [main] INFO  u.d.tqs.hw1.service.BookingService - Creating new booking for John Doe in Aveiro on 2025-11-03 at slot 4
2025-11-02 15:57:01 [main] INFO  u.d.tqs.hw1.service.BookingService - Booking created successfully with token: 24320c8c for John Doe
2025-11-02 15:57:01 [main] INFO  u.d.tqs.hw1.service.BookingService - Creating new booking for John Doe in Aveiro on 2025-11-03 at slot 5
2025-11-02 15:57:01 [main] INFO  u.d.tqs.hw1.service.BookingService - Booking created successfully with token: 24320c8c for John Doe
2025-11-02 15:57:01 [main] INFO  u.d.tqs.hw1.service.BookingService - Creating new booking for John Doe in Aveiro on 2025-11-03 at slot 6
2025-11-02 15:57:01 [main] INFO  u.d.tqs.hw1.service.BookingService - Booking created successfully with token: 24320c8c for John Doe
2025-11-02 15:57:01 [main] INFO  u.d.tqs.hw1.service.BookingService - Creating new booking for John Doe in Aveiro on 2025-11-03 at slot 7
2025-11-02 15:57:01 [main] INFO  u.d.tqs.hw1.service.BookingService - Booking created successfully with token: 24320c8c for John Doe
2025-11-02 15:57:01 [main] INFO  u.d.tqs.hw1.service.BookingService - Creating new booking for John Doe in Aveiro on 2025-11-03 at slot 8
2025-11-02 15:57:01 [main] INFO  u.d.tqs.hw1.service.BookingService - Booking created successfully with token: 24320c8c for John Doe
2025-11-02 15:57:01 [main] INFO  u.d.tqs.hw1.service.BookingService - Creating new booking for John Doe in Aveiro on 2025-11-03 at slot 0
2025-11-02 15:57:01 [main] INFO  u.d.tqs.hw1.service.BookingService - Booking created successfully with token: 24320c8c for John Doe
2025-11-02 15:57:01 [SpringApplicationShutdownHook] INFO  o.s.o.j.LocalContainerEntityManagerFactoryBean - Closing JPA EntityManagerFactory for persistence unit 'default'
2025-11-02 15:57:01 [SpringApplicationShutdownHook] INFO  com.zaxxer.hikari.HikariDataSource - HikariPool-1 - Shutdown initiated...
2025-11-02 15:57:01 [SpringApplicationShutdownHook] INFO  com.zaxxer.hikari.HikariDataSource - HikariPool-1 - Shutdown completed.
2025-11-02 15:57:01 [SpringApplicationShutdownHook] INFO  o.s.b.w.e.tomcat.GracefulShutdown - Commencing graceful shutdown. Waiting for active requests to complete
2025-11-02 15:57:01 [tomcat-shutdown] INFO  o.s.b.w.e.tomcat.GracefulShutdown - Graceful shutdown complete
2025-11-02 15:57:01 [SpringApplicationShutdownHook] INFO  o.s.o.j.LocalContainerEntityManagerFactoryBean - Closing JPA EntityManagerFactory for persistence unit 'default'
2025-11-02 15:57:01 [SpringApplicationShutdownHook] INFO  com.zaxxer.hikari.HikariDataSource - HikariPool-2 - Shutdown initiated...
2025-11-02 15:57:01 [SpringApplicationShutdownHook] INFO  com.zaxxer.hikari.HikariDataSource - HikariPool-2 - Shutdown completed.
2025-11-02 16:04:14 [main] INFO  u.d.t.h.c.MunicipalityControllerTest - Starting MunicipalityControllerTest using Java 21.0.8 with PID 226571 (started by duarte in /home/duarte/doc/Personal/UA/3ºAno/TQS/P/ZeroMonos)
2025-11-02 16:04:14 [main] INFO  u.d.t.h.c.MunicipalityControllerTest - No active profile set, falling back to 1 default profile: "default"
2025-11-02 16:04:15 [main] INFO  o.s.d.r.c.RepositoryConfigurationDelegate - Bootstrapping Spring Data JPA repositories in DEFAULT mode.
2025-11-02 16:04:15 [main] INFO  o.s.d.r.c.RepositoryConfigurationDelegate - Finished Spring Data repository scanning in 48 ms. Found 1 JPA repository interface.
2025-11-02 16:04:15 [main] INFO  o.h.jpa.internal.util.LogHelper - HHH000204: Processing PersistenceUnitInfo [name: default]
2025-11-02 16:04:16 [main] INFO  org.hibernate.Version - HHH000412: Hibernate ORM core version 6.6.29.Final
2025-11-02 16:04:16 [main] INFO  o.h.c.i.RegionFactoryInitiator - HHH000026: Second-level cache disabled
2025-11-02 16:04:16 [main] INFO  o.s.o.j.p.SpringPersistenceUnitInfo - No LoadTimeWeaver setup: ignoring JPA class transformer
2025-11-02 16:04:16 [main] INFO  com.zaxxer.hikari.HikariDataSource - HikariPool-1 - Starting...
2025-11-02 16:04:16 [main] INFO  com.zaxxer.hikari.pool.HikariPool - HikariPool-1 - Added connection org.postgresql.jdbc.PgConnection@b381194
2025-11-02 16:04:16 [main] INFO  com.zaxxer.hikari.HikariDataSource - HikariPool-1 - Start completed.
2025-11-02 16:04:16 [main] WARN  org.hibernate.orm.deprecation - HHH90000025: PostgreSQLDialect does not need to be specified explicitly using 'hibernate.dialect' (remove the property setting and it will be selected by default)
2025-11-02 16:04:16 [main] INFO  o.hibernate.orm.connections.pooling - HHH10001005: Database info:
	Database JDBC URL [Connecting through datasource 'HikariDataSource (HikariPool-1)']
	Database driver: undefined/unknown
	Database version: 18.0
	Autocommit mode: undefined/unknown
	Isolation level: undefined/unknown
	Minimum pool size: undefined/unknown
	Maximum pool size: undefined/unknown
2025-11-02 16:04:17 [main] INFO  o.h.e.t.j.p.i.JtaPlatformInitiator - HHH000489: No JTA platform available (set 'hibernate.transaction.jta.platform' to enable JTA platform integration)
2025-11-02 16:04:18 [main] INFO  o.s.o.j.LocalContainerEntityManagerFactoryBean - Initialized JPA EntityManagerFactory for persistence unit 'default'
2025-11-02 16:04:18 [main] INFO  o.s.d.j.r.query.QueryEnhancerFactory - Hibernate is in classpath; If applicable, HQL parser will be used.
2025-11-02 16:04:18 [main] INFO  u.d.tqs.hw1.service.BookingService - BookingService initialized
2025-11-02 16:04:19 [main] WARN  o.s.b.a.o.j.JpaBaseConfiguration$JpaWebConfiguration - spring.jpa.open-in-view is enabled by default. Therefore, database queries may be performed during view rendering. Explicitly configure spring.jpa.open-in-view to disable this warning
2025-11-02 16:04:19 [main] INFO  o.s.b.a.w.s.WelcomePageHandlerMapping - Adding welcome page template: index
2025-11-02 16:04:19 [main] INFO  o.s.b.t.m.w.SpringBootMockServletContext - Initializing Spring TestDispatcherServlet ''
2025-11-02 16:04:19 [main] INFO  o.s.t.w.s.TestDispatcherServlet - Initializing Servlet ''
2025-11-02 16:04:19 [main] INFO  o.s.t.w.s.TestDispatcherServlet - Completed initialization in 1 ms
2025-11-02 16:04:19 [main] INFO  u.d.t.h.c.MunicipalityControllerTest - Started MunicipalityControllerTest in 5.483 seconds (process running for 7.626)
2025-11-02 16:04:20 [main] INFO  o.s.t.c.s.AnnotationConfigContextLoaderUtils - Could not detect default configuration classes for test class [ua.deti.tqs.hw1.controller.BookingControllerTest]: BookingControllerTest does not declare any static, non-private, non-final, nested classes annotated with @Configuration.
2025-11-02 16:04:20 [main] INFO  o.s.b.t.c.SpringBootTestContextBootstrapper - Found @SpringBootConfiguration ua.deti.tqs.hw1.ZeroMonosApplication for test class ua.deti.tqs.hw1.controller.BookingControllerTest
2025-11-02 16:04:20 [main] INFO  u.d.tqs.hw1.service.BookingService - Deleting booking with ID: 487
2025-11-02 16:04:20 [main] INFO  u.d.tqs.hw1.service.BookingService - Booking 487 deleted successfully
2025-11-02 16:04:20 [main] INFO  u.d.tqs.hw1.service.BookingService - Creating new booking for Jane Smith in Aveiro on 2025-11-03 at slot 2
2025-11-02 16:04:20 [main] WARN  u.d.tqs.hw1.service.BookingService - Booking creation failed: Time slot 2 on 2025-11-03 already occupied in Aveiro
2025-11-02 16:04:20 [main] INFO  u.d.tqs.hw1.service.BookingService - Creating new booking for John Doe in Aveiro on 2025-11-01 at slot 2
2025-11-02 16:04:20 [main] WARN  u.d.tqs.hw1.service.BookingService - Booking creation failed: Invalid date 2025-11-01 for John Doe
2025-11-02 16:04:21 [main] WARN  o.s.w.s.m.s.DefaultHandlerExceptionResolver - Resolved [org.springframework.web.bind.MethodArgumentNotValidException: Validation failed for argument [0] in public org.springframework.http.ResponseEntity<java.lang.Object> ua.deti.tqs.hw1.controller.BookingController.create(ua.deti.tqs.hw1.model.Booking): [Field error in object 'booking' on field 'citizenName': rejected value [john]; codes [ValidCitizenName.booking.citizenName,ValidCitizenName.citizenName,ValidCitizenName.java.lang.String,ValidCitizenName]; arguments [org.springframework.context.support.DefaultMessageSourceResolvable: codes [booking.citizenName,citizenName]; arguments []; default message [citizenName]]; default message [Name must have at least two words, each starting with uppercase letter, letters only]] ]
2025-11-02 16:04:21 [main] WARN  o.s.w.s.m.s.DefaultHandlerExceptionResolver - Resolved [org.springframework.web.bind.MethodArgumentNotValidException: Validation failed for argument [0] in public org.springframework.http.ResponseEntity<java.lang.Object> ua.deti.tqs.hw1.controller.BookingController.create(ua.deti.tqs.hw1.model.Booking): [Field error in object 'booking' on field 'description': rejected value [TV]; codes [Size.booking.description,Size.description,Size.java.lang.String,Size]; arguments [org.springframework.context.support.DefaultMessageSourceResolvable: codes [booking.description,description]; arguments []; default message [description],2147483647,4]; default message [Description must have at least 4 characters]] ]
2025-11-02 16:04:21 [main] INFO  u.d.tqs.hw1.service.BookingService - Updating booking 491 status to CANCELLED
2025-11-02 16:04:21 [main] INFO  u.d.tqs.hw1.service.BookingService - Booking 491 status changed from RECEIVED to CANCELLED for citizen John Doe
2025-11-02 16:04:21 [main] INFO  u.d.tqs.hw1.service.BookingService - Time slot 11:00 on 2025-11-03 for Aveiro is now available (booking 491 cancelled)
2025-11-02 16:04:21 [main] INFO  u.d.tqs.hw1.service.BookingService - Creating new booking for John Doe in Aveiro on 2025-11-03 at slot 2
2025-11-02 16:04:21 [main] INFO  u.d.tqs.hw1.service.BookingService - Booking created successfully with token: 30cb8e1a for John Doe
2025-11-02 16:04:21 [main] INFO  u.d.tqs.hw1.service.BookingService - Updating booking 495 status to IN_PROGRESS
2025-11-02 16:04:21 [main] INFO  u.d.tqs.hw1.service.BookingService - Booking 495 status changed from RECEIVED to IN_PROGRESS for citizen John Doe
2025-11-02 16:04:21 [main] INFO  o.s.t.c.s.AnnotationConfigContextLoaderUtils - Could not detect default configuration classes for test class [ua.deti.tqs.hw1.functional.FunctionalSeleniumTest]: FunctionalSeleniumTest does not declare any static, non-private, non-final, nested classes annotated with @Configuration.
2025-11-02 16:04:21 [main] INFO  o.s.b.t.c.SpringBootTestContextBootstrapper - Found @SpringBootConfiguration ua.deti.tqs.hw1.ZeroMonosApplication for test class ua.deti.tqs.hw1.functional.FunctionalSeleniumTest
2025-11-02 16:04:21 [main] INFO  o.s.b.d.r.RestartApplicationListener - Restart disabled due to context in which it is running
2025-11-02 16:04:21 [main] INFO  u.d.t.h.f.FunctionalSeleniumTest - Starting FunctionalSeleniumTest using Java 21.0.8 with PID 226571 (started by duarte in /home/duarte/doc/Personal/UA/3ºAno/TQS/P/ZeroMonos)
2025-11-02 16:04:21 [main] INFO  u.d.t.h.f.FunctionalSeleniumTest - No active profile set, falling back to 1 default profile: "default"
2025-11-02 16:04:21 [main] INFO  o.s.d.r.c.RepositoryConfigurationDelegate - Bootstrapping Spring Data JPA repositories in DEFAULT mode.
2025-11-02 16:04:21 [main] INFO  o.s.d.r.c.RepositoryConfigurationDelegate - Finished Spring Data repository scanning in 7 ms. Found 1 JPA repository interface.
2025-11-02 16:04:21 [main] INFO  o.s.b.w.e.tomcat.TomcatWebServer - Tomcat initialized with port 0 (http)
2025-11-02 16:04:21 [main] INFO  o.a.catalina.core.StandardService - Starting service [Tomcat]
2025-11-02 16:04:21 [main] INFO  o.a.catalina.core.StandardEngine - Starting Servlet engine: [Apache Tomcat/10.1.46]
2025-11-02 16:04:21 [main] INFO  o.a.c.c.C.[Tomcat].[localhost].[/] - Initializing Spring embedded WebApplicationContext
2025-11-02 16:04:21 [main] INFO  o.s.b.w.s.c.ServletWebServerApplicationContext - Root WebApplicationContext: initialization completed in 436 ms
2025-11-02 16:04:21 [main] INFO  o.h.jpa.internal.util.LogHelper - HHH000204: Processing PersistenceUnitInfo [name: default]
2025-11-02 16:04:21 [main] INFO  o.h.c.i.RegionFactoryInitiator - HHH000026: Second-level cache disabled
2025-11-02 16:04:21 [main] INFO  o.s.o.j.p.SpringPersistenceUnitInfo - No LoadTimeWeaver setup: ignoring JPA class transformer
2025-11-02 16:04:21 [main] INFO  com.zaxxer.hikari.HikariDataSource - HikariPool-2 - Starting...
2025-11-02 16:04:21 [main] INFO  com.zaxxer.hikari.pool.HikariPool - HikariPool-2 - Added connection org.postgresql.jdbc.PgConnection@46df23fb
2025-11-02 16:04:21 [main] INFO  com.zaxxer.hikari.HikariDataSource - HikariPool-2 - Start completed.
2025-11-02 16:04:21 [main] WARN  org.hibernate.orm.deprecation - HHH90000025: PostgreSQLDialect does not need to be specified explicitly using 'hibernate.dialect' (remove the property setting and it will be selected by default)
2025-11-02 16:04:21 [main] INFO  o.hibernate.orm.connections.pooling - HHH10001005: Database info:
	Database JDBC URL [Connecting through datasource 'HikariDataSource (HikariPool-2)']
	Database driver: undefined/unknown
	Database version: 18.0
	Autocommit mode: undefined/unknown
	Isolation level: undefined/unknown
	Minimum pool size: undefined/unknown
	Maximum pool size: undefined/unknown
2025-11-02 16:04:21 [main] INFO  o.h.e.t.j.p.i.JtaPlatformInitiator - HHH000489: No JTA platform available (set 'hibernate.transaction.jta.platform' to enable JTA platform integration)
2025-11-02 16:04:21 [main] INFO  o.s.o.j.LocalContainerEntityManagerFactoryBean - Initialized JPA EntityManagerFactory for persistence unit 'default'
2025-11-02 16:04:22 [main] INFO  u.d.tqs.hw1.service.BookingService - BookingService initialized
2025-11-02 16:04:22 [main] WARN  o.s.b.a.o.j.JpaBaseConfiguration$JpaWebConfiguration - spring.jpa.open-in-view is enabled by default. Therefore, database queries may be performed during view rendering. Explicitly configure spring.jpa.open-in-view to disable this warning
2025-11-02 16:04:22 [main] INFO  o.s.b.a.w.s.WelcomePageHandlerMapping - Adding welcome page template: index
2025-11-02 16:04:22 [main] INFO  o.s.b.w.e.tomcat.TomcatWebServer - Tomcat started on port 44603 (http) with context path '/'
2025-11-02 16:04:22 [main] INFO  u.d.t.h.f.FunctionalSeleniumTest - Started FunctionalSeleniumTest in 1.026 seconds (process running for 10.46)
2025-11-02 16:04:22 [main] INFO  i.g.bonigarcia.wdm.WebDriverManager - Using geckodriver 0.36.0 (resolved driver for Firefox 144)
2025-11-02 16:04:22 [main] INFO  i.g.bonigarcia.wdm.WebDriverManager - Exporting webdriver.gecko.driver as /home/duarte/.cache/selenium/geckodriver/linux64/0.36.0/geckodriver
2025-11-02 16:04:24 [http-nio-auto-1-exec-1] INFO  o.a.c.c.C.[Tomcat].[localhost].[/] - Initializing Spring DispatcherServlet 'dispatcherServlet'
2025-11-02 16:04:25 [http-nio-auto-1-exec-8] INFO  u.d.tqs.hw1.service.BookingService - Creating new booking for Maria Silva in Aveiro on 2025-11-04 at slot 0
2025-11-02 16:04:25 [http-nio-auto-1-exec-8] INFO  u.d.tqs.hw1.service.BookingService - Booking created successfully with token: 6583ace0 for Maria Silva
2025-11-02 16:04:26 [http-nio-auto-1-exec-2] INFO  u.d.tqs.hw1.service.BookingService - Creating new booking for Maria Silva in Ílhavo on 2025-11-04 at slot 0
2025-11-02 16:04:26 [http-nio-auto-1-exec-2] INFO  u.d.tqs.hw1.service.BookingService - Booking created successfully with token: 55f8de0f for Maria Silva
2025-11-02 16:04:27 [main] INFO  i.g.bonigarcia.wdm.WebDriverManager - Using geckodriver 0.36.0 (resolved driver for Firefox 144)
2025-11-02 16:04:27 [main] INFO  i.g.bonigarcia.wdm.WebDriverManager - Exporting webdriver.gecko.driver as /home/duarte/.cache/selenium/geckodriver/linux64/0.36.0/geckodriver
2025-11-02 16:04:40 [http-nio-auto-1-exec-10] INFO  u.d.tqs.hw1.service.BookingService - Updating booking 496 status to ASSIGNED
2025-11-02 16:04:40 [http-nio-auto-1-exec-10] INFO  u.d.tqs.hw1.service.BookingService - Booking 496 status changed from RECEIVED to ASSIGNED for citizen Maria Silva
2025-11-02 16:04:40 [main] INFO  i.g.bonigarcia.wdm.WebDriverManager - Using geckodriver 0.36.0 (resolved driver for Firefox 144)
2025-11-02 16:04:40 [main] INFO  i.g.bonigarcia.wdm.WebDriverManager - Exporting webdriver.gecko.driver as /home/duarte/.cache/selenium/geckodriver/linux64/0.36.0/geckodriver
2025-11-02 16:04:43 [main] INFO  i.g.bonigarcia.wdm.WebDriverManager - Using geckodriver 0.36.0 (resolved driver for Firefox 144)
2025-11-02 16:04:43 [main] INFO  i.g.bonigarcia.wdm.WebDriverManager - Exporting webdriver.gecko.driver as /home/duarte/.cache/selenium/geckodriver/linux64/0.36.0/geckodriver
2025-11-02 16:04:45 [http-nio-auto-1-exec-5] INFO  u.d.tqs.hw1.service.BookingService - Updating booking 497 status to CANCELLED
2025-11-02 16:04:45 [http-nio-auto-1-exec-5] INFO  u.d.tqs.hw1.service.BookingService - Booking 497 status changed from RECEIVED to CANCELLED for citizen Maria Silva
2025-11-02 16:04:45 [http-nio-auto-1-exec-5] INFO  u.d.tqs.hw1.service.BookingService - Time slot 09:00 on 2025-11-04 for Ílhavo is now available (booking 497 cancelled)
2025-11-02 16:04:57 [main] INFO  u.d.tqs.hw1.service.BookingService - BookingService initialized
2025-11-02 16:04:57 [main] INFO  u.d.tqs.hw1.service.BookingService - BookingService initialized
2025-11-02 16:04:57 [main] INFO  u.d.tqs.hw1.service.BookingService - BookingService initialized
2025-11-02 16:04:57 [main] WARN  u.d.tqs.hw1.service.BookingService - Attempted to delete non-existent booking with ID: 99
2025-11-02 16:04:57 [main] INFO  u.d.tqs.hw1.service.BookingService - BookingService initialized
2025-11-02 16:04:57 [main] INFO  u.d.tqs.hw1.service.BookingService - Updating booking 1 status to IN_PROGRESS
2025-11-02 16:04:57 [main] INFO  u.d.tqs.hw1.service.BookingService - Booking 1 status changed from RECEIVED to IN_PROGRESS for citizen John Doe
2025-11-02 16:04:57 [main] INFO  u.d.tqs.hw1.service.BookingService - BookingService initialized
2025-11-02 16:04:57 [main] INFO  u.d.tqs.hw1.service.BookingService - BookingService initialized
2025-11-02 16:04:57 [main] INFO  u.d.tqs.hw1.service.BookingService - Creating new booking for John Doe in Aveiro on 2025-11-03 at slot 2
2025-11-02 16:04:57 [main] WARN  u.d.tqs.hw1.service.BookingService - Booking creation failed: Time slot 2 on 2025-11-03 already occupied in Aveiro
2025-11-02 16:04:57 [main] INFO  u.d.tqs.hw1.service.BookingService - BookingService initialized
2025-11-02 16:04:57 [main] INFO  u.d.tqs.hw1.service.BookingService - BookingService initialized
2025-11-02 16:04:57 [main] INFO  u.d.tqs.hw1.service.BookingService - Creating new booking for John Doe in Aveiro on 2025-11-01 at slot 2
2025-11-02 16:04:57 [main] WARN  u.d.tqs.hw1.service.BookingService - Booking creation failed: Invalid date 2025-11-01 for John Doe
2025-11-02 16:04:57 [main] INFO  u.d.tqs.hw1.service.BookingService - BookingService initialized
2025-11-02 16:04:57 [main] INFO  u.d.tqs.hw1.service.BookingService - BookingService initialized
2025-11-02 16:04:57 [main] INFO  u.d.tqs.hw1.service.BookingService - Updating booking 1 status to CANCELLED
2025-11-02 16:04:57 [main] INFO  u.d.tqs.hw1.service.BookingService - Booking 1 status changed from RECEIVED to CANCELLED for citizen John Doe
2025-11-02 16:04:57 [main] INFO  u.d.tqs.hw1.service.BookingService - Time slot 11:00 on 2025-11-03 for Aveiro is now available (booking null cancelled)
2025-11-02 16:04:57 [main] INFO  u.d.tqs.hw1.service.BookingService - BookingService initialized
2025-11-02 16:04:57 [main] INFO  u.d.tqs.hw1.service.BookingService - BookingService initialized
2025-11-02 16:04:57 [main] INFO  u.d.tqs.hw1.service.BookingService - BookingService initialized
2025-11-02 16:04:57 [main] INFO  u.d.tqs.hw1.service.BookingService - BookingService initialized
2025-11-02 16:04:57 [main] INFO  u.d.tqs.hw1.service.BookingService - BookingService initialized
2025-11-02 16:04:57 [main] INFO  u.d.tqs.hw1.service.BookingService - BookingService initialized
2025-11-02 16:04:57 [main] INFO  u.d.tqs.hw1.service.BookingService - BookingService initialized
2025-11-02 16:04:57 [main] INFO  u.d.tqs.hw1.service.BookingService - BookingService initialized
2025-11-02 16:04:57 [main] INFO  u.d.tqs.hw1.service.BookingService - BookingService initialized
2025-11-02 16:04:57 [main] INFO  u.d.tqs.hw1.service.BookingService - BookingService initialized
2025-11-02 16:04:57 [main] INFO  u.d.tqs.hw1.service.BookingService - BookingService initialized
2025-11-02 16:04:57 [main] INFO  u.d.tqs.hw1.service.BookingService - BookingService initialized
2025-11-02 16:04:57 [main] INFO  u.d.tqs.hw1.service.BookingService - Deleting booking with ID: 1
2025-11-02 16:04:57 [main] INFO  u.d.tqs.hw1.service.BookingService - Booking 1 deleted successfully
2025-11-02 16:04:57 [main] INFO  u.d.tqs.hw1.service.BookingService - BookingService initialized
2025-11-02 16:04:57 [main] INFO  u.d.tqs.hw1.service.BookingService - BookingService initialized
2025-11-02 16:04:57 [main] INFO  u.d.tqs.hw1.service.BookingService - Updating booking 99 status to COMPLETED
2025-11-02 16:04:57 [main] WARN  u.d.tqs.hw1.service.BookingService - Attempted to update non-existent booking with ID: 99
2025-11-02 16:04:57 [main] INFO  u.d.tqs.hw1.service.BookingService - BookingService initialized
2025-11-02 16:04:57 [main] INFO  u.d.tqs.hw1.service.BookingService - BookingService initialized
2025-11-02 16:04:57 [main] INFO  u.d.tqs.hw1.service.BookingService - BookingService initialized
2025-11-02 16:04:57 [main] INFO  u.d.tqs.hw1.service.BookingService - Creating new booking for John Doe in Aveiro on 2025-11-03 at slot 2
2025-11-02 16:04:57 [main] INFO  u.d.tqs.hw1.service.BookingService - Booking created successfully with token: 9678d1ec for John Doe
2025-11-02 16:04:57 [main] ERROR u.d.t.h.service.MunicipalityService - Failed to load municipalities: API is down
org.springframework.web.client.RestClientException: API is down
	at org.springframework.web.client.RestTemplate.exchange(RestTemplate.java:709)
	at ua.deti.tqs.hw1.service.MunicipalityService.getMunicipalities(MunicipalityService.java:26)
	at ua.deti.tqs.hw1.service.MunicipalityServiceTest.whenApiFails_thenReturnFallbackList(MunicipalityServiceTest.java:85)
	at java.base/jdk.internal.reflect.DirectMethodHandleAccessor.invoke(DirectMethodHandleAccessor.java:103)
	at java.base/java.lang.reflect.Method.invoke(Method.java:580)
	at org.junit.platform.commons.util.ReflectionUtils.invokeMethod(ReflectionUtils.java:775)
	at org.junit.platform.commons.support.ReflectionSupport.invokeMethod(ReflectionSupport.java:479)
	at org.junit.jupiter.engine.execution.MethodInvocation.proceed(MethodInvocation.java:60)
	at org.junit.jupiter.engine.execution.InvocationInterceptorChain$ValidatingInvocation.proceed(InvocationInterceptorChain.java:131)
	at org.junit.jupiter.engine.extension.TimeoutExtension.intercept(TimeoutExtension.java:161)
	at org.junit.jupiter.engine.extension.TimeoutExtension.interceptTestableMethod(TimeoutExtension.java:152)
	at org.junit.jupiter.engine.extension.TimeoutExtension.interceptTestMethod(TimeoutExtension.java:91)
	at org.junit.jupiter.engine.execution.InterceptingExecutableInvoker$ReflectiveInterceptorCall.lambda$ofVoidMethod$0(InterceptingExecutableInvoker.java:112)
	at org.junit.jupiter.engine.execution.InterceptingExecutableInvoker.lambda$invoke$0(InterceptingExecutableInvoker.java:94)
	at org.junit.jupiter.engine.execution.InvocationInterceptorChain$InterceptedInvocation.proceed(InvocationInterceptorChain.java:106)
	at org.junit.jupiter.engine.execution.InvocationInterceptorChain.proceed(InvocationInterceptorChain.java:64)
	at org.junit.jupiter.engine.execution.InvocationInterceptorChain.chainAndInvoke(InvocationInterceptorChain.java:45)
	at org.junit.jupiter.engine.execution.InvocationInterceptorChain.invoke(InvocationInterceptorChain.java:37)
	at org.junit.jupiter.engine.execution.InterceptingExecutableInvoker.invoke(InterceptingExecutableInvoker.java:93)
	at org.junit.jupiter.engine.execution.InterceptingExecutableInvoker.invoke(InterceptingExecutableInvoker.java:87)
	at org.junit.jupiter.engine.descriptor.TestMethodTestDescriptor.lambda$invokeTestMethod$7(TestMethodTestDescriptor.java:216)
	at org.junit.platform.engine.support.hierarchical.ThrowableCollector.execute(ThrowableCollector.java:73)
	at org.junit.jupiter.engine.descriptor.TestMethodTestDescriptor.invokeTestMethod(TestMethodTestDescriptor.java:212)
	at org.junit.jupiter.engine.descriptor.TestMethodTestDescriptor.execute(TestMethodTestDescriptor.java:137)
	at org.junit.jupiter.engine.descriptor.TestMethodTestDescriptor.execute(TestMethodTestDescriptor.java:69)
	at org.junit.platform.engine.support.hierarchical.NodeTestTask.lambda$executeRecursively$6(NodeTestTask.java:156)
	at org.junit.platform.engine.support.hierarchical.ThrowableCollector.execute(ThrowableCollector.java:73)
	at org.junit.platform.engine.support.hierarchical.NodeTestTask.lambda$executeRecursively$8(NodeTestTask.java:146)
	at org.junit.platform.engine.support.hierarchical.Node.around(Node.java:137)
	at org.junit.platform.engine.support.hierarchical.NodeTestTask.lambda$executeRecursively$9(NodeTestTask.java:144)
	at org.junit.platform.engine.support.hierarchical.ThrowableCollector.execute(ThrowableCollector.java:73)
	at org.junit.platform.engine.support.hierarchical.NodeTestTask.executeRecursively(NodeTestTask.java:143)
	at org.junit.platform.engine.support.hierarchical.NodeTestTask.execute(NodeTestTask.java:100)
	at java.base/java.util.ArrayList.forEach(ArrayList.java:1596)
	at org.junit.platform.engine.support.hierarchical.SameThreadHierarchicalTestExecutorService.invokeAll(SameThreadHierarchicalTestExecutorService.java:41)
	at org.junit.platform.engine.support.hierarchical.NodeTestTask.lambda$executeRecursively$6(NodeTestTask.java:160)
	at org.junit.platform.engine.support.hierarchical.ThrowableCollector.execute(ThrowableCollector.java:73)
	at org.junit.platform.engine.support.hierarchical.NodeTestTask.lambda$executeRecursively$8(NodeTestTask.java:146)
	at org.junit.platform.engine.support.hierarchical.Node.around(Node.java:137)
	at org.junit.platform.engine.support.hierarchical.NodeTestTask.lambda$executeRecursively$9(NodeTestTask.java:144)
	at org.junit.platform.engine.support.hierarchical.ThrowableCollector.execute(ThrowableCollector.java:73)
	at org.junit.platform.engine.support.hierarchical.NodeTestTask.executeRecursively(NodeTestTask.java:143)
	at org.junit.platform.engine.support.hierarchical.NodeTestTask.execute(NodeTestTask.java:100)
	at java.base/java.util.ArrayList.forEach(ArrayList.java:1596)
	at org.junit.platform.engine.support.hierarchical.SameThreadHierarchicalTestExecutorService.invokeAll(SameThreadHierarchicalTestExecutorService.java:41)
	at org.junit.platform.engine.support.hierarchical.NodeTestTask.lambda$executeRecursively$6(NodeTestTask.java:160)
	at org.junit.platform.engine.support.hierarchical.ThrowableCollector.execute(ThrowableCollector.java:73)
	at org.junit.platform.engine.support.hierarchical.NodeTestTask.lambda$executeRecursively$8(NodeTestTask.java:146)
	at org.junit.platform.engine.support.hierarchical.Node.around(Node.java:137)
	at org.junit.platform.engine.support.hierarchical.NodeTestTask.lambda$executeRecursively$9(NodeTestTask.java:144)
	at org.junit.platform.engine.support.hierarchical.ThrowableCollector.execute(ThrowableCollector.java:73)
	at org.junit.platform.engine.support.hierarchical.NodeTestTask.executeRecursively(NodeTestTask.java:143)
	at org.junit.platform.engine.support.hierarchical.NodeTestTask.execute(NodeTestTask.java:100)
	at org.junit.platform.engine.support.hierarchical.SameThreadHierarchicalTestExecutorService.submit(SameThreadHierarchicalTestExecutorService.java:35)
	at org.junit.platform.engine.support.hierarchical.HierarchicalTestExecutor.execute(HierarchicalTestExecutor.java:57)
	at org.junit.platform.engine.support.hierarchical.HierarchicalTestEngine.execute(HierarchicalTestEngine.java:54)
	at org.junit.platform.launcher.core.EngineExecutionOrchestrator.execute(EngineExecutionOrchestrator.java:201)
	at org.junit.platform.launcher.core.EngineExecutionOrchestrator.execute(EngineExecutionOrchestrator.java:170)
	at org.junit.platform.launcher.core.EngineExecutionOrchestrator.execute(EngineExecutionOrchestrator.java:94)
	at org.junit.platform.launcher.core.EngineExecutionOrchestrator.lambda$execute$0(EngineExecutionOrchestrator.java:59)
	at org.junit.platform.launcher.core.EngineExecutionOrchestrator.withInterceptedStreams(EngineExecutionOrchestrator.java:142)
	at org.junit.platform.launcher.core.EngineExecutionOrchestrator.execute(EngineExecutionOrchestrator.java:58)
	at org.junit.platform.launcher.core.DefaultLauncher.execute(DefaultLauncher.java:103)
	at org.junit.platform.launcher.core.DefaultLauncher.execute(DefaultLauncher.java:85)
	at org.junit.platform.launcher.core.DelegatingLauncher.execute(DelegatingLauncher.java:47)
	at org.junit.platform.launcher.core.InterceptingLauncher.lambda$execute$1(InterceptingLauncher.java:39)
	at org.junit.platform.launcher.core.ClasspathAlignmentCheckingLauncherInterceptor.intercept(ClasspathAlignmentCheckingLauncherInterceptor.java:25)
	at org.junit.platform.launcher.core.InterceptingLauncher.execute(InterceptingLauncher.java:38)
	at org.junit.platform.launcher.core.DelegatingLauncher.execute(DelegatingLauncher.java:47)
	at org.apache.maven.surefire.junitplatform.LauncherAdapter.executeWithoutCancellationToken(LauncherAdapter.java:60)
	at org.apache.maven.surefire.junitplatform.LauncherAdapter.execute(LauncherAdapter.java:52)
	at org.apache.maven.surefire.junitplatform.JUnitPlatformProvider.execute(JUnitPlatformProvider.java:203)
	at org.apache.maven.surefire.junitplatform.JUnitPlatformProvider.invokeAllTests(JUnitPlatformProvider.java:168)
	at org.apache.maven.surefire.junitplatform.JUnitPlatformProvider.invoke(JUnitPlatformProvider.java:136)
	at org.apache.maven.surefire.booter.ForkedBooter.runSuitesInProcess(ForkedBooter.java:385)
	at org.apache.maven.surefire.booter.ForkedBooter.execute(ForkedBooter.java:162)
	at org.apache.maven.surefire.booter.ForkedBooter.run(ForkedBooter.java:507)
	at org.apache.maven.surefire.booter.ForkedBooter.main(ForkedBooter.java:495)
2025-11-02 16:04:57 [main] WARN  u.d.t.h.service.MunicipalityService - API returned null or empty response
2025-11-02 16:04:57 [main] INFO  u.d.tqs.hw1.service.BookingService - BookingService initialized
2025-11-02 16:04:57 [main] INFO  u.d.tqs.hw1.service.BookingService - Updating booking 0 status to IN_PROGRESS
2025-11-02 16:04:57 [main] INFO  u.d.tqs.hw1.service.BookingService - Booking 0 status changed from RECEIVED to IN_PROGRESS for citizen Test Person
2025-11-02 16:04:57 [main] INFO  u.d.tqs.hw1.service.BookingService - Updating booking 1 status to IN_PROGRESS
2025-11-02 16:04:57 [main] INFO  u.d.tqs.hw1.service.BookingService - Booking 1 status changed from RECEIVED to IN_PROGRESS for citizen Test Person
2025-11-02 16:04:57 [main] INFO  u.d.tqs.hw1.service.BookingService - Updating booking 2 status to IN_PROGRESS
2025-11-02 16:04:57 [main] INFO  u.d.tqs.hw1.service.BookingService - Booking 2 status changed from RECEIVED to IN_PROGRESS for citizen Test Person
2025-11-02 16:04:57 [main] INFO  u.d.tqs.hw1.service.BookingService - Updating booking 3 status to IN_PROGRESS
2025-11-02 16:04:57 [main] INFO  u.d.tqs.hw1.service.BookingService - Booking 3 status changed from RECEIVED to IN_PROGRESS for citizen Test Person
2025-11-02 16:04:57 [main] INFO  u.d.tqs.hw1.service.BookingService - Updating booking 4 status to IN_PROGRESS
2025-11-02 16:04:57 [main] INFO  u.d.tqs.hw1.service.BookingService - Booking 4 status changed from RECEIVED to IN_PROGRESS for citizen Test Person
2025-11-02 16:04:57 [main] INFO  u.d.tqs.hw1.service.BookingService - Updating booking 5 status to IN_PROGRESS
2025-11-02 16:04:57 [main] INFO  u.d.tqs.hw1.service.BookingService - Booking 5 status changed from RECEIVED to IN_PROGRESS for citizen Test Person
2025-11-02 16:04:57 [main] INFO  u.d.tqs.hw1.service.BookingService - Updating booking 6 status to IN_PROGRESS
2025-11-02 16:04:57 [main] INFO  u.d.tqs.hw1.service.BookingService - Booking 6 status changed from RECEIVED to IN_PROGRESS for citizen Test Person
2025-11-02 16:04:57 [main] INFO  u.d.tqs.hw1.service.BookingService - Updating booking 7 status to IN_PROGRESS
2025-11-02 16:04:57 [main] INFO  u.d.tqs.hw1.service.BookingService - Booking 7 status changed from RECEIVED to IN_PROGRESS for citizen Test Person
2025-11-02 16:04:57 [main] INFO  u.d.tqs.hw1.service.BookingService - Updating booking 8 status to IN_PROGRESS
2025-11-02 16:04:57 [main] INFO  u.d.tqs.hw1.service.BookingService - Booking 8 status changed from RECEIVED to IN_PROGRESS for citizen Test Person
2025-11-02 16:04:57 [main] INFO  u.d.tqs.hw1.service.BookingService - Updating booking 9 status to IN_PROGRESS
2025-11-02 16:04:57 [main] INFO  u.d.tqs.hw1.service.BookingService - Booking 9 status changed from RECEIVED to IN_PROGRESS for citizen Test Person
2025-11-02 16:04:57 [main] INFO  u.d.tqs.hw1.service.BookingService - Updating booking 10 status to IN_PROGRESS
2025-11-02 16:04:57 [main] INFO  u.d.tqs.hw1.service.BookingService - Booking 10 status changed from RECEIVED to IN_PROGRESS for citizen Test Person
2025-11-02 16:04:57 [main] INFO  u.d.tqs.hw1.service.BookingService - Updating booking 11 status to IN_PROGRESS
2025-11-02 16:04:57 [main] INFO  u.d.tqs.hw1.service.BookingService - Booking 11 status changed from RECEIVED to IN_PROGRESS for citizen Test Person
2025-11-02 16:04:57 [main] INFO  u.d.tqs.hw1.service.BookingService - Updating booking 12 status to IN_PROGRESS
2025-11-02 16:04:57 [main] INFO  u.d.tqs.hw1.service.BookingService - Booking 12 status changed from RECEIVED to IN_PROGRESS for citizen Test Person
2025-11-02 16:04:57 [main] INFO  u.d.tqs.hw1.service.BookingService - Updating booking 13 status to IN_PROGRESS
2025-11-02 16:04:57 [main] INFO  u.d.tqs.hw1.service.BookingService - Booking 13 status changed from RECEIVED to IN_PROGRESS for citizen Test Person
2025-11-02 16:04:57 [main] INFO  u.d.tqs.hw1.service.BookingService - Updating booking 14 status to IN_PROGRESS
2025-11-02 16:04:57 [main] INFO  u.d.tqs.hw1.service.BookingService - Booking 14 status changed from RECEIVED to IN_PROGRESS for citizen Test Person
2025-11-02 16:04:57 [main] INFO  u.d.tqs.hw1.service.BookingService - Updating booking 15 status to IN_PROGRESS
2025-11-02 16:04:57 [main] INFO  u.d.tqs.hw1.service.BookingService - Booking 15 status changed from RECEIVED to IN_PROGRESS for citizen Test Person
2025-11-02 16:04:57 [main] INFO  u.d.tqs.hw1.service.BookingService - Updating booking 16 status to IN_PROGRESS
2025-11-02 16:04:57 [main] INFO  u.d.tqs.hw1.service.BookingService - Booking 16 status changed from RECEIVED to IN_PROGRESS for citizen Test Person
2025-11-02 16:04:57 [main] INFO  u.d.tqs.hw1.service.BookingService - Updating booking 17 status to IN_PROGRESS
2025-11-02 16:04:57 [main] INFO  u.d.tqs.hw1.service.BookingService - Booking 17 status changed from RECEIVED to IN_PROGRESS for citizen Test Person
2025-11-02 16:04:57 [main] INFO  u.d.tqs.hw1.service.BookingService - Updating booking 18 status to IN_PROGRESS
2025-11-02 16:04:57 [main] INFO  u.d.tqs.hw1.service.BookingService - Booking 18 status changed from RECEIVED to IN_PROGRESS for citizen Test Person
2025-11-02 16:04:57 [main] INFO  u.d.tqs.hw1.service.BookingService - Updating booking 19 status to IN_PROGRESS
2025-11-02 16:04:57 [main] INFO  u.d.tqs.hw1.service.BookingService - Booking 19 status changed from RECEIVED to IN_PROGRESS for citizen Test Person
2025-11-02 16:04:57 [main] INFO  u.d.tqs.hw1.service.BookingService - Updating booking 20 status to IN_PROGRESS
2025-11-02 16:04:57 [main] INFO  u.d.tqs.hw1.service.BookingService - Booking 20 status changed from RECEIVED to IN_PROGRESS for citizen Test Person
2025-11-02 16:04:57 [main] INFO  u.d.tqs.hw1.service.BookingService - Updating booking 21 status to IN_PROGRESS
2025-11-02 16:04:57 [main] INFO  u.d.tqs.hw1.service.BookingService - Booking 21 status changed from RECEIVED to IN_PROGRESS for citizen Test Person
2025-11-02 16:04:57 [main] INFO  u.d.tqs.hw1.service.BookingService - Updating booking 22 status to IN_PROGRESS
2025-11-02 16:04:57 [main] INFO  u.d.tqs.hw1.service.BookingService - Booking 22 status changed from RECEIVED to IN_PROGRESS for citizen Test Person
2025-11-02 16:04:57 [main] INFO  u.d.tqs.hw1.service.BookingService - Updating booking 23 status to IN_PROGRESS
2025-11-02 16:04:57 [main] INFO  u.d.tqs.hw1.service.BookingService - Booking 23 status changed from RECEIVED to IN_PROGRESS for citizen Test Person
2025-11-02 16:04:57 [main] INFO  u.d.tqs.hw1.service.BookingService - Updating booking 24 status to IN_PROGRESS
2025-11-02 16:04:57 [main] INFO  u.d.tqs.hw1.service.BookingService - Booking 24 status changed from RECEIVED to IN_PROGRESS for citizen Test Person
2025-11-02 16:04:57 [main] INFO  u.d.tqs.hw1.service.BookingService - Updating booking 25 status to IN_PROGRESS
2025-11-02 16:04:57 [main] INFO  u.d.tqs.hw1.service.BookingService - Booking 25 status changed from RECEIVED to IN_PROGRESS for citizen Test Person
2025-11-02 16:04:57 [main] INFO  u.d.tqs.hw1.service.BookingService - Updating booking 26 status to IN_PROGRESS
2025-11-02 16:04:57 [main] INFO  u.d.tqs.hw1.service.BookingService - Booking 26 status changed from RECEIVED to IN_PROGRESS for citizen Test Person
2025-11-02 16:04:57 [main] INFO  u.d.tqs.hw1.service.BookingService - Updating booking 27 status to IN_PROGRESS
2025-11-02 16:04:57 [main] INFO  u.d.tqs.hw1.service.BookingService - Booking 27 status changed from RECEIVED to IN_PROGRESS for citizen Test Person
2025-11-02 16:04:57 [main] INFO  u.d.tqs.hw1.service.BookingService - Updating booking 28 status to IN_PROGRESS
2025-11-02 16:04:57 [main] INFO  u.d.tqs.hw1.service.BookingService - Booking 28 status changed from RECEIVED to IN_PROGRESS for citizen Test Person
2025-11-02 16:04:57 [main] INFO  u.d.tqs.hw1.service.BookingService - Updating booking 29 status to IN_PROGRESS
2025-11-02 16:04:57 [main] INFO  u.d.tqs.hw1.service.BookingService - Booking 29 status changed from RECEIVED to IN_PROGRESS for citizen Test Person
2025-11-02 16:04:57 [main] INFO  u.d.tqs.hw1.service.BookingService - Updating booking 30 status to IN_PROGRESS
2025-11-02 16:04:57 [main] INFO  u.d.tqs.hw1.service.BookingService - Booking 30 status changed from RECEIVED to IN_PROGRESS for citizen Test Person
2025-11-02 16:04:57 [main] INFO  u.d.tqs.hw1.service.BookingService - Updating booking 31 status to IN_PROGRESS
2025-11-02 16:04:57 [main] INFO  u.d.tqs.hw1.service.BookingService - Booking 31 status changed from RECEIVED to IN_PROGRESS for citizen Test Person
2025-11-02 16:04:57 [main] INFO  u.d.tqs.hw1.service.BookingService - Updating booking 32 status to IN_PROGRESS
2025-11-02 16:04:57 [main] INFO  u.d.tqs.hw1.service.BookingService - Booking 32 status changed from RECEIVED to IN_PROGRESS for citizen Test Person
2025-11-02 16:04:57 [main] INFO  u.d.tqs.hw1.service.BookingService - Updating booking 33 status to IN_PROGRESS
2025-11-02 16:04:57 [main] INFO  u.d.tqs.hw1.service.BookingService - Booking 33 status changed from RECEIVED to IN_PROGRESS for citizen Test Person
2025-11-02 16:04:57 [main] INFO  u.d.tqs.hw1.service.BookingService - Updating booking 34 status to IN_PROGRESS
2025-11-02 16:04:57 [main] INFO  u.d.tqs.hw1.service.BookingService - Booking 34 status changed from RECEIVED to IN_PROGRESS for citizen Test Person
2025-11-02 16:04:57 [main] INFO  u.d.tqs.hw1.service.BookingService - Updating booking 35 status to IN_PROGRESS
2025-11-02 16:04:57 [main] INFO  u.d.tqs.hw1.service.BookingService - Booking 35 status changed from RECEIVED to IN_PROGRESS for citizen Test Person
2025-11-02 16:04:57 [main] INFO  u.d.tqs.hw1.service.BookingService - Updating booking 36 status to IN_PROGRESS
2025-11-02 16:04:57 [main] INFO  u.d.tqs.hw1.service.BookingService - Booking 36 status changed from RECEIVED to IN_PROGRESS for citizen Test Person
2025-11-02 16:04:57 [main] INFO  u.d.tqs.hw1.service.BookingService - Updating booking 37 status to IN_PROGRESS
2025-11-02 16:04:57 [main] INFO  u.d.tqs.hw1.service.BookingService - Booking 37 status changed from RECEIVED to IN_PROGRESS for citizen Test Person
2025-11-02 16:04:57 [main] INFO  u.d.tqs.hw1.service.BookingService - Updating booking 38 status to IN_PROGRESS
2025-11-02 16:04:57 [main] INFO  u.d.tqs.hw1.service.BookingService - Booking 38 status changed from RECEIVED to IN_PROGRESS for citizen Test Person
2025-11-02 16:04:57 [main] INFO  u.d.tqs.hw1.service.BookingService - Updating booking 39 status to IN_PROGRESS
2025-11-02 16:04:57 [main] INFO  u.d.tqs.hw1.service.BookingService - Booking 39 status changed from RECEIVED to IN_PROGRESS for citizen Test Person
2025-11-02 16:04:57 [main] INFO  u.d.tqs.hw1.service.BookingService - Updating booking 40 status to IN_PROGRESS
2025-11-02 16:04:57 [main] INFO  u.d.tqs.hw1.service.BookingService - Booking 40 status changed from RECEIVED to IN_PROGRESS for citizen Test Person
2025-11-02 16:04:57 [main] INFO  u.d.tqs.hw1.service.BookingService - Updating booking 41 status to IN_PROGRESS
2025-11-02 16:04:57 [main] INFO  u.d.tqs.hw1.service.BookingService - Booking 41 status changed from RECEIVED to IN_PROGRESS for citizen Test Person
2025-11-02 16:04:57 [main] INFO  u.d.tqs.hw1.service.BookingService - Updating booking 42 status to IN_PROGRESS
2025-11-02 16:04:57 [main] INFO  u.d.tqs.hw1.service.BookingService - Booking 42 status changed from RECEIVED to IN_PROGRESS for citizen Test Person
2025-11-02 16:04:57 [main] INFO  u.d.tqs.hw1.service.BookingService - Updating booking 43 status to IN_PROGRESS
2025-11-02 16:04:57 [main] INFO  u.d.tqs.hw1.service.BookingService - Booking 43 status changed from RECEIVED to IN_PROGRESS for citizen Test Person
2025-11-02 16:04:57 [main] INFO  u.d.tqs.hw1.service.BookingService - Updating booking 44 status to IN_PROGRESS
2025-11-02 16:04:57 [main] INFO  u.d.tqs.hw1.service.BookingService - Booking 44 status changed from RECEIVED to IN_PROGRESS for citizen Test Person
2025-11-02 16:04:57 [main] INFO  u.d.tqs.hw1.service.BookingService - Updating booking 45 status to IN_PROGRESS
2025-11-02 16:04:57 [main] INFO  u.d.tqs.hw1.service.BookingService - Booking 45 status changed from RECEIVED to IN_PROGRESS for citizen Test Person
2025-11-02 16:04:57 [main] INFO  u.d.tqs.hw1.service.BookingService - Updating booking 46 status to IN_PROGRESS
2025-11-02 16:04:57 [main] INFO  u.d.tqs.hw1.service.BookingService - Booking 46 status changed from RECEIVED to IN_PROGRESS for citizen Test Person
2025-11-02 16:04:57 [main] INFO  u.d.tqs.hw1.service.BookingService - Updating booking 47 status to IN_PROGRESS
2025-11-02 16:04:57 [main] INFO  u.d.tqs.hw1.service.BookingService - Booking 47 status changed from RECEIVED to IN_PROGRESS for citizen Test Person
2025-11-02 16:04:57 [main] INFO  u.d.tqs.hw1.service.BookingService - Updating booking 48 status to IN_PROGRESS
2025-11-02 16:04:57 [main] INFO  u.d.tqs.hw1.service.BookingService - Booking 48 status changed from RECEIVED to IN_PROGRESS for citizen Test Person
2025-11-02 16:04:57 [main] INFO  u.d.tqs.hw1.service.BookingService - Updating booking 49 status to IN_PROGRESS
2025-11-02 16:04:57 [main] INFO  u.d.tqs.hw1.service.BookingService - Booking 49 status changed from RECEIVED to IN_PROGRESS for citizen Test Person
2025-11-02 16:04:57 [main] INFO  u.d.tqs.hw1.service.BookingService - BookingService initialized
2025-11-02 16:04:57 [main] INFO  u.d.tqs.hw1.service.BookingService - BookingService initialized
2025-11-02 16:04:57 [main] INFO  u.d.tqs.hw1.service.BookingService - BookingService initialized
2025-11-02 16:04:57 [main] INFO  u.d.tqs.hw1.service.BookingService - BookingService initialized
2025-11-02 16:04:57 [main] INFO  u.d.tqs.hw1.service.BookingService - BookingService initialized
2025-11-02 16:04:57 [main] INFO  u.d.tqs.hw1.service.BookingService - Creating new booking for John Doe in Aveiro on 2025-11-03 at slot 0
2025-11-02 16:04:57 [main] INFO  u.d.tqs.hw1.service.BookingService - Booking created successfully with token: 29a53b0a for John Doe
2025-11-02 16:04:57 [main] INFO  u.d.tqs.hw1.service.BookingService - Creating new booking for John Doe in Aveiro on 2025-11-03 at slot 1
2025-11-02 16:04:57 [main] INFO  u.d.tqs.hw1.service.BookingService - Booking created successfully with token: 29a53b0a for John Doe
2025-11-02 16:04:57 [main] INFO  u.d.tqs.hw1.service.BookingService - Creating new booking for John Doe in Aveiro on 2025-11-03 at slot 2
2025-11-02 16:04:57 [main] INFO  u.d.tqs.hw1.service.BookingService - Booking created successfully with token: 29a53b0a for John Doe
2025-11-02 16:04:57 [main] INFO  u.d.tqs.hw1.service.BookingService - Creating new booking for John Doe in Aveiro on 2025-11-03 at slot 3
2025-11-02 16:04:57 [main] INFO  u.d.tqs.hw1.service.BookingService - Booking created successfully with token: 29a53b0a for John Doe
2025-11-02 16:04:57 [main] INFO  u.d.tqs.hw1.service.BookingService - Creating new booking for John Doe in Aveiro on 2025-11-03 at slot 4
2025-11-02 16:04:57 [main] INFO  u.d.tqs.hw1.service.BookingService - Booking created successfully with token: 29a53b0a for John Doe
2025-11-02 16:04:57 [main] INFO  u.d.tqs.hw1.service.BookingService - Creating new booking for John Doe in Aveiro on 2025-11-03 at slot 5
2025-11-02 16:04:57 [main] INFO  u.d.tqs.hw1.service.BookingService - Booking created successfully with token: 29a53b0a for John Doe
2025-11-02 16:04:57 [main] INFO  u.d.tqs.hw1.service.BookingService - Creating new booking for John Doe in Aveiro on 2025-11-03 at slot 6
2025-11-02 16:04:57 [main] INFO  u.d.tqs.hw1.service.BookingService - Booking created successfully with token: 29a53b0a for John Doe
2025-11-02 16:04:57 [main] INFO  u.d.tqs.hw1.service.BookingService - Creating new booking for John Doe in Aveiro on 2025-11-03 at slot 7
2025-11-02 16:04:57 [main] INFO  u.d.tqs.hw1.service.BookingService - Booking created successfully with token: 29a53b0a for John Doe
2025-11-02 16:04:57 [main] INFO  u.d.tqs.hw1.service.BookingService - Creating new booking for John Doe in Aveiro on 2025-11-03 at slot 8
2025-11-02 16:04:57 [main] INFO  u.d.tqs.hw1.service.BookingService - Booking created successfully with token: 29a53b0a for John Doe
2025-11-02 16:04:57 [main] INFO  u.d.tqs.hw1.service.BookingService - Creating new booking for John Doe in Aveiro on 2025-11-03 at slot 0
2025-11-02 16:04:57 [main] INFO  u.d.tqs.hw1.service.BookingService - Booking created successfully with token: 29a53b0a for John Doe
2025-11-02 16:04:57 [main] INFO  u.d.tqs.hw1.service.BookingService - Creating new booking for John Doe in Aveiro on 2025-11-03 at slot 1
2025-11-02 16:04:57 [main] INFO  u.d.tqs.hw1.service.BookingService - Booking created successfully with token: 29a53b0a for John Doe
2025-11-02 16:04:57 [main] INFO  u.d.tqs.hw1.service.BookingService - Creating new booking for John Doe in Aveiro on 2025-11-03 at slot 2
2025-11-02 16:04:57 [main] INFO  u.d.tqs.hw1.service.BookingService - Booking created successfully with token: 29a53b0a for John Doe
2025-11-02 16:04:57 [main] INFO  u.d.tqs.hw1.service.BookingService - Creating new booking for John Doe in Aveiro on 2025-11-03 at slot 3
2025-11-02 16:04:57 [main] INFO  u.d.tqs.hw1.service.BookingService - Booking created successfully with token: 29a53b0a for John Doe
2025-11-02 16:04:57 [main] INFO  u.d.tqs.hw1.service.BookingService - Creating new booking for John Doe in Aveiro on 2025-11-03 at slot 4
2025-11-02 16:04:57 [main] INFO  u.d.tqs.hw1.service.BookingService - Booking created successfully with token: 29a53b0a for John Doe
2025-11-02 16:04:57 [main] INFO  u.d.tqs.hw1.service.BookingService - Creating new booking for John Doe in Aveiro on 2025-11-03 at slot 5
2025-11-02 16:04:57 [main] INFO  u.d.tqs.hw1.service.BookingService - Booking created successfully with token: 29a53b0a for John Doe
2025-11-02 16:04:57 [main] INFO  u.d.tqs.hw1.service.BookingService - Creating new booking for John Doe in Aveiro on 2025-11-03 at slot 6
2025-11-02 16:04:57 [main] INFO  u.d.tqs.hw1.service.BookingService - Booking created successfully with token: 29a53b0a for John Doe
2025-11-02 16:04:57 [main] INFO  u.d.tqs.hw1.service.BookingService - Creating new booking for John Doe in Aveiro on 2025-11-03 at slot 7
2025-11-02 16:04:57 [main] INFO  u.d.tqs.hw1.service.BookingService - Booking created successfully with token: 29a53b0a for John Doe
2025-11-02 16:04:57 [main] INFO  u.d.tqs.hw1.service.BookingService - Creating new booking for John Doe in Aveiro on 2025-11-03 at slot 8
2025-11-02 16:04:57 [main] INFO  u.d.tqs.hw1.service.BookingService - Booking created successfully with token: 29a53b0a for John Doe
2025-11-02 16:04:57 [main] INFO  u.d.tqs.hw1.service.BookingService - Creating new booking for John Doe in Aveiro on 2025-11-03 at slot 0
2025-11-02 16:04:57 [main] INFO  u.d.tqs.hw1.service.BookingService - Booking created successfully with token: 29a53b0a for John Doe
2025-11-02 16:04:57 [main] INFO  u.d.tqs.hw1.service.BookingService - Creating new booking for John Doe in Aveiro on 2025-11-03 at slot 1
2025-11-02 16:04:57 [main] INFO  u.d.tqs.hw1.service.BookingService - Booking created successfully with token: 29a53b0a for John Doe
2025-11-02 16:04:57 [main] INFO  u.d.tqs.hw1.service.BookingService - Creating new booking for John Doe in Aveiro on 2025-11-03 at slot 2
2025-11-02 16:04:57 [main] INFO  u.d.tqs.hw1.service.BookingService - Booking created successfully with token: 29a53b0a for John Doe
2025-11-02 16:04:57 [main] INFO  u.d.tqs.hw1.service.BookingService - Creating new booking for John Doe in Aveiro on 2025-11-03 at slot 3
2025-11-02 16:04:57 [main] INFO  u.d.tqs.hw1.service.BookingService - Booking created successfully with token: 29a53b0a for John Doe
2025-11-02 16:04:57 [main] INFO  u.d.tqs.hw1.service.BookingService - Creating new booking for John Doe in Aveiro on 2025-11-03 at slot 4
2025-11-02 16:04:57 [main] INFO  u.d.tqs.hw1.service.BookingService - Booking created successfully with token: 29a53b0a for John Doe
2025-11-02 16:04:57 [main] INFO  u.d.tqs.hw1.service.BookingService - Creating new booking for John Doe in Aveiro on 2025-11-03 at slot 5
2025-11-02 16:04:57 [main] INFO  u.d.tqs.hw1.service.BookingService - Booking created successfully with token: 29a53b0a for John Doe
2025-11-02 16:04:57 [main] INFO  u.d.tqs.hw1.service.BookingService - Creating new booking for John Doe in Aveiro on 2025-11-03 at slot 6
2025-11-02 16:04:57 [main] INFO  u.d.tqs.hw1.service.BookingService - Booking created successfully with token: 29a53b0a for John Doe
2025-11-02 16:04:57 [main] INFO  u.d.tqs.hw1.service.BookingService - Creating new booking for John Doe in Aveiro on 2025-11-03 at slot 7
2025-11-02 16:04:57 [main] INFO  u.d.tqs.hw1.service.BookingService - Booking created successfully with token: 29a53b0a for John Doe
2025-11-02 16:04:57 [main] INFO  u.d.tqs.hw1.service.BookingService - Creating new booking for John Doe in Aveiro on 2025-11-03 at slot 8
2025-11-02 16:04:57 [main] INFO  u.d.tqs.hw1.service.BookingService - Booking created successfully with token: 29a53b0a for John Doe
2025-11-02 16:04:57 [main] INFO  u.d.tqs.hw1.service.BookingService - Creating new booking for John Doe in Aveiro on 2025-11-03 at slot 0
2025-11-02 16:04:57 [main] INFO  u.d.tqs.hw1.service.BookingService - Booking created successfully with token: 29a53b0a for John Doe
2025-11-02 16:04:57 [main] INFO  u.d.tqs.hw1.service.BookingService - Creating new booking for John Doe in Aveiro on 2025-11-03 at slot 1
2025-11-02 16:04:57 [main] INFO  u.d.tqs.hw1.service.BookingService - Booking created successfully with token: 29a53b0a for John Doe
2025-11-02 16:04:57 [main] INFO  u.d.tqs.hw1.service.BookingService - Creating new booking for John Doe in Aveiro on 2025-11-03 at slot 2
2025-11-02 16:04:57 [main] INFO  u.d.tqs.hw1.service.BookingService - Booking created successfully with token: 29a53b0a for John Doe
2025-11-02 16:04:57 [main] INFO  u.d.tqs.hw1.service.BookingService - Creating new booking for John Doe in Aveiro on 2025-11-03 at slot 3
2025-11-02 16:04:57 [main] INFO  u.d.tqs.hw1.service.BookingService - Booking created successfully with token: 29a53b0a for John Doe
2025-11-02 16:04:57 [main] INFO  u.d.tqs.hw1.service.BookingService - Creating new booking for John Doe in Aveiro on 2025-11-03 at slot 4
2025-11-02 16:04:57 [main] INFO  u.d.tqs.hw1.service.BookingService - Booking created successfully with token: 29a53b0a for John Doe
2025-11-02 16:04:57 [main] INFO  u.d.tqs.hw1.service.BookingService - Creating new booking for John Doe in Aveiro on 2025-11-03 at slot 5
2025-11-02 16:04:57 [main] INFO  u.d.tqs.hw1.service.BookingService - Booking created successfully with token: 29a53b0a for John Doe
2025-11-02 16:04:57 [main] INFO  u.d.tqs.hw1.service.BookingService - Creating new booking for John Doe in Aveiro on 2025-11-03 at slot 6
2025-11-02 16:04:57 [main] INFO  u.d.tqs.hw1.service.BookingService - Booking created successfully with token: 29a53b0a for John Doe
2025-11-02 16:04:57 [main] INFO  u.d.tqs.hw1.service.BookingService - Creating new booking for John Doe in Aveiro on 2025-11-03 at slot 7
2025-11-02 16:04:57 [main] INFO  u.d.tqs.hw1.service.BookingService - Booking created successfully with token: 29a53b0a for John Doe
2025-11-02 16:04:57 [main] INFO  u.d.tqs.hw1.service.BookingService - Creating new booking for John Doe in Aveiro on 2025-11-03 at slot 8
2025-11-02 16:04:57 [main] INFO  u.d.tqs.hw1.service.BookingService - Booking created successfully with token: 29a53b0a for John Doe
2025-11-02 16:04:57 [main] INFO  u.d.tqs.hw1.service.BookingService - Creating new booking for John Doe in Aveiro on 2025-11-03 at slot 0
2025-11-02 16:04:57 [main] INFO  u.d.tqs.hw1.service.BookingService - Booking created successfully with token: 29a53b0a for John Doe
2025-11-02 16:04:57 [main] INFO  u.d.tqs.hw1.service.BookingService - Creating new booking for John Doe in Aveiro on 2025-11-03 at slot 1
2025-11-02 16:04:57 [main] INFO  u.d.tqs.hw1.service.BookingService - Booking created successfully with token: 29a53b0a for John Doe
2025-11-02 16:04:57 [main] INFO  u.d.tqs.hw1.service.BookingService - Creating new booking for John Doe in Aveiro on 2025-11-03 at slot 2
2025-11-02 16:04:57 [main] INFO  u.d.tqs.hw1.service.BookingService - Booking created successfully with token: 29a53b0a for John Doe
2025-11-02 16:04:57 [main] INFO  u.d.tqs.hw1.service.BookingService - Creating new booking for John Doe in Aveiro on 2025-11-03 at slot 3
2025-11-02 16:04:57 [main] INFO  u.d.tqs.hw1.service.BookingService - Booking created successfully with token: 29a53b0a for John Doe
2025-11-02 16:04:57 [main] INFO  u.d.tqs.hw1.service.BookingService - Creating new booking for John Doe in Aveiro on 2025-11-03 at slot 4
2025-11-02 16:04:57 [main] INFO  u.d.tqs.hw1.service.BookingService - Booking created successfully with token: 29a53b0a for John Doe
2025-11-02 16:04:57 [main] INFO  u.d.tqs.hw1.service.BookingService - Creating new booking for John Doe in Aveiro on 2025-11-03 at slot 5
2025-11-02 16:04:57 [main] INFO  u.d.tqs.hw1.service.BookingService - Booking created successfully with token: 29a53b0a for John Doe
2025-11-02 16:04:57 [main] INFO  u.d.tqs.hw1.service.BookingService - Creating new booking for John Doe in Aveiro on 2025-11-03 at slot 6
2025-11-02 16:04:57 [main] INFO  u.d.tqs.hw1.service.BookingService - Booking created successfully with token: 29a53b0a for John Doe
2025-11-02 16:04:57 [main] INFO  u.d.tqs.hw1.service.BookingService - Creating new booking for John Doe in Aveiro on 2025-11-03 at slot 7
2025-11-02 16:04:57 [main] INFO  u.d.tqs.hw1.service.BookingService - Booking created successfully with token: 29a53b0a for John Doe
2025-11-02 16:04:57 [main] INFO  u.d.tqs.hw1.service.BookingService - Creating new booking for John Doe in Aveiro on 2025-11-03 at slot 8
2025-11-02 16:04:57 [main] INFO  u.d.tqs.hw1.service.BookingService - Booking created successfully with token: 29a53b0a for John Doe
2025-11-02 16:04:57 [main] INFO  u.d.tqs.hw1.service.BookingService - Creating new booking for John Doe in Aveiro on 2025-11-03 at slot 0
2025-11-02 16:04:57 [main] INFO  u.d.tqs.hw1.service.BookingService - Booking created successfully with token: 29a53b0a for John Doe
2025-11-02 16:04:57 [main] INFO  u.d.tqs.hw1.service.BookingService - Creating new booking for John Doe in Aveiro on 2025-11-03 at slot 1
2025-11-02 16:04:57 [main] INFO  u.d.tqs.hw1.service.BookingService - Booking created successfully with token: 29a53b0a for John Doe
2025-11-02 16:04:57 [main] INFO  u.d.tqs.hw1.service.BookingService - Creating new booking for John Doe in Aveiro on 2025-11-03 at slot 2
2025-11-02 16:04:57 [main] INFO  u.d.tqs.hw1.service.BookingService - Booking created successfully with token: 29a53b0a for John Doe
2025-11-02 16:04:57 [main] INFO  u.d.tqs.hw1.service.BookingService - Creating new booking for John Doe in Aveiro on 2025-11-03 at slot 3
2025-11-02 16:04:57 [main] INFO  u.d.tqs.hw1.service.BookingService - Booking created successfully with token: 29a53b0a for John Doe
2025-11-02 16:04:57 [main] INFO  u.d.tqs.hw1.service.BookingService - Creating new booking for John Doe in Aveiro on 2025-11-03 at slot 4
2025-11-02 16:04:57 [main] INFO  u.d.tqs.hw1.service.BookingService - Booking created successfully with token: 29a53b0a for John Doe
2025-11-02 16:04:57 [main] INFO  u.d.tqs.hw1.service.BookingService - Creating new booking for John Doe in Aveiro on 2025-11-03 at slot 5
2025-11-02 16:04:57 [main] INFO  u.d.tqs.hw1.service.BookingService - Booking created successfully with token: 29a53b0a for John Doe
2025-11-02 16:04:57 [main] INFO  u.d.tqs.hw1.service.BookingService - Creating new booking for John Doe in Aveiro on 2025-11-03 at slot 6
2025-11-02 16:04:57 [main] INFO  u.d.tqs.hw1.service.BookingService - Booking created successfully with token: 29a53b0a for John Doe
2025-11-02 16:04:57 [main] INFO  u.d.tqs.hw1.service.BookingService - Creating new booking for John Doe in Aveiro on 2025-11-03 at slot 7
2025-11-02 16:04:57 [main] INFO  u.d.tqs.hw1.service.BookingService - Booking created successfully with token: 29a53b0a for John Doe
2025-11-02 16:04:57 [main] INFO  u.d.tqs.hw1.service.BookingService - Creating new booking for John Doe in Aveiro on 2025-11-03 at slot 8
2025-11-02 16:04:58 [main] INFO  u.d.tqs.hw1.service.BookingService - Booking created successfully with token: 29a53b0a for John Doe
2025-11-02 16:04:58 [main] INFO  u.d.tqs.hw1.service.BookingService - Creating new booking for John Doe in Aveiro on 2025-11-03 at slot 0
2025-11-02 16:04:58 [main] INFO  u.d.tqs.hw1.service.BookingService - Booking created successfully with token: 29a53b0a for John Doe
2025-11-02 16:04:58 [main] INFO  u.d.tqs.hw1.service.BookingService - Creating new booking for John Doe in Aveiro on 2025-11-03 at slot 1
2025-11-02 16:04:58 [main] INFO  u.d.tqs.hw1.service.BookingService - Booking created successfully with token: 29a53b0a for John Doe
2025-11-02 16:04:58 [main] INFO  u.d.tqs.hw1.service.BookingService - Creating new booking for John Doe in Aveiro on 2025-11-03 at slot 2
2025-11-02 16:04:58 [main] INFO  u.d.tqs.hw1.service.BookingService - Booking created successfully with token: 29a53b0a for John Doe
2025-11-02 16:04:58 [main] INFO  u.d.tqs.hw1.service.BookingService - Creating new booking for John Doe in Aveiro on 2025-11-03 at slot 3
2025-11-02 16:04:58 [main] INFO  u.d.tqs.hw1.service.BookingService - Booking created successfully with token: 29a53b0a for John Doe
2025-11-02 16:04:58 [main] INFO  u.d.tqs.hw1.service.BookingService - Creating new booking for John Doe in Aveiro on 2025-11-03 at slot 4
2025-11-02 16:04:58 [main] INFO  u.d.tqs.hw1.service.BookingService - Booking created successfully with token: 29a53b0a for John Doe
2025-11-02 16:04:58 [main] INFO  u.d.tqs.hw1.service.BookingService - Creating new booking for John Doe in Aveiro on 2025-11-03 at slot 5
2025-11-02 16:04:58 [main] INFO  u.d.tqs.hw1.service.BookingService - Booking created successfully with token: 29a53b0a for John Doe
2025-11-02 16:04:58 [main] INFO  u.d.tqs.hw1.service.BookingService - Creating new booking for John Doe in Aveiro on 2025-11-03 at slot 6
2025-11-02 16:04:58 [main] INFO  u.d.tqs.hw1.service.BookingService - Booking created successfully with token: 29a53b0a for John Doe
2025-11-02 16:04:58 [main] INFO  u.d.tqs.hw1.service.BookingService - Creating new booking for John Doe in Aveiro on 2025-11-03 at slot 7
2025-11-02 16:04:58 [main] INFO  u.d.tqs.hw1.service.BookingService - Booking created successfully with token: 29a53b0a for John Doe
2025-11-02 16:04:58 [main] INFO  u.d.tqs.hw1.service.BookingService - Creating new booking for John Doe in Aveiro on 2025-11-03 at slot 8
2025-11-02 16:04:58 [main] INFO  u.d.tqs.hw1.service.BookingService - Booking created successfully with token: 29a53b0a for John Doe
2025-11-02 16:04:58 [main] INFO  u.d.tqs.hw1.service.BookingService - Creating new booking for John Doe in Aveiro on 2025-11-03 at slot 0
2025-11-02 16:04:58 [main] INFO  u.d.tqs.hw1.service.BookingService - Booking created successfully with token: 29a53b0a for John Doe
2025-11-02 16:04:58 [main] INFO  u.d.tqs.hw1.service.BookingService - Creating new booking for John Doe in Aveiro on 2025-11-03 at slot 1
2025-11-02 16:04:58 [main] INFO  u.d.tqs.hw1.service.BookingService - Booking created successfully with token: 29a53b0a for John Doe
2025-11-02 16:04:58 [main] INFO  u.d.tqs.hw1.service.BookingService - Creating new booking for John Doe in Aveiro on 2025-11-03 at slot 2
2025-11-02 16:04:58 [main] INFO  u.d.tqs.hw1.service.BookingService - Booking created successfully with token: 29a53b0a for John Doe
2025-11-02 16:04:58 [main] INFO  u.d.tqs.hw1.service.BookingService - Creating new booking for John Doe in Aveiro on 2025-11-03 at slot 3
2025-11-02 16:04:58 [main] INFO  u.d.tqs.hw1.service.BookingService - Booking created successfully with token: 29a53b0a for John Doe
2025-11-02 16:04:58 [main] INFO  u.d.tqs.hw1.service.BookingService - Creating new booking for John Doe in Aveiro on 2025-11-03 at slot 4
2025-11-02 16:04:58 [main] INFO  u.d.tqs.hw1.service.BookingService - Booking created successfully with token: 29a53b0a for John Doe
2025-11-02 16:04:58 [main] INFO  u.d.tqs.hw1.service.BookingService - Creating new booking for John Doe in Aveiro on 2025-11-03 at slot 5
2025-11-02 16:04:58 [main] INFO  u.d.tqs.hw1.service.BookingService - Booking created successfully with token: 29a53b0a for John Doe
2025-11-02 16:04:58 [main] INFO  u.d.tqs.hw1.service.BookingService - Creating new booking for John Doe in Aveiro on 2025-11-03 at slot 6
2025-11-02 16:04:58 [main] INFO  u.d.tqs.hw1.service.BookingService - Booking created successfully with token: 29a53b0a for John Doe
2025-11-02 16:04:58 [main] INFO  u.d.tqs.hw1.service.BookingService - Creating new booking for John Doe in Aveiro on 2025-11-03 at slot 7
2025-11-02 16:04:58 [main] INFO  u.d.tqs.hw1.service.BookingService - Booking created successfully with token: 29a53b0a for John Doe
2025-11-02 16:04:58 [main] INFO  u.d.tqs.hw1.service.BookingService - Creating new booking for John Doe in Aveiro on 2025-11-03 at slot 8
2025-11-02 16:04:58 [main] INFO  u.d.tqs.hw1.service.BookingService - Booking created successfully with token: 29a53b0a for John Doe
2025-11-02 16:04:58 [main] INFO  u.d.tqs.hw1.service.BookingService - Creating new booking for John Doe in Aveiro on 2025-11-03 at slot 0
2025-11-02 16:04:58 [main] INFO  u.d.tqs.hw1.service.BookingService - Booking created successfully with token: 29a53b0a for John Doe
2025-11-02 16:04:58 [main] INFO  u.d.tqs.hw1.service.BookingService - Creating new booking for John Doe in Aveiro on 2025-11-03 at slot 1
2025-11-02 16:04:58 [main] INFO  u.d.tqs.hw1.service.BookingService - Booking created successfully with token: 29a53b0a for John Doe
2025-11-02 16:04:58 [main] INFO  u.d.tqs.hw1.service.BookingService - Creating new booking for John Doe in Aveiro on 2025-11-03 at slot 2
2025-11-02 16:04:58 [main] INFO  u.d.tqs.hw1.service.BookingService - Booking created successfully with token: 29a53b0a for John Doe
2025-11-02 16:04:58 [main] INFO  u.d.tqs.hw1.service.BookingService - Creating new booking for John Doe in Aveiro on 2025-11-03 at slot 3
2025-11-02 16:04:58 [main] INFO  u.d.tqs.hw1.service.BookingService - Booking created successfully with token: 29a53b0a for John Doe
2025-11-02 16:04:58 [main] INFO  u.d.tqs.hw1.service.BookingService - Creating new booking for John Doe in Aveiro on 2025-11-03 at slot 4
2025-11-02 16:04:58 [main] INFO  u.d.tqs.hw1.service.BookingService - Booking created successfully with token: 29a53b0a for John Doe
2025-11-02 16:04:58 [main] INFO  u.d.tqs.hw1.service.BookingService - Creating new booking for John Doe in Aveiro on 2025-11-03 at slot 5
2025-11-02 16:04:58 [main] INFO  u.d.tqs.hw1.service.BookingService - Booking created successfully with token: 29a53b0a for John Doe
2025-11-02 16:04:58 [main] INFO  u.d.tqs.hw1.service.BookingService - Creating new booking for John Doe in Aveiro on 2025-11-03 at slot 6
2025-11-02 16:04:58 [main] INFO  u.d.tqs.hw1.service.BookingService - Booking created successfully with token: 29a53b0a for John Doe
2025-11-02 16:04:58 [main] INFO  u.d.tqs.hw1.service.BookingService - Creating new booking for John Doe in Aveiro on 2025-11-03 at slot 7
2025-11-02 16:04:58 [main] INFO  u.d.tqs.hw1.service.BookingService - Booking created successfully with token: 29a53b0a for John Doe
2025-11-02 16:04:58 [main] INFO  u.d.tqs.hw1.service.BookingService - Creating new booking for John Doe in Aveiro on 2025-11-03 at slot 8
2025-11-02 16:04:58 [main] INFO  u.d.tqs.hw1.service.BookingService - Booking created successfully with token: 29a53b0a for John Doe
2025-11-02 16:04:58 [main] INFO  u.d.tqs.hw1.service.BookingService - Creating new booking for John Doe in Aveiro on 2025-11-03 at slot 0
2025-11-02 16:04:58 [main] INFO  u.d.tqs.hw1.service.BookingService - Booking created successfully with token: 29a53b0a for John Doe
2025-11-02 16:04:58 [main] INFO  u.d.tqs.hw1.service.BookingService - Creating new booking for John Doe in Aveiro on 2025-11-03 at slot 1
2025-11-02 16:04:58 [main] INFO  u.d.tqs.hw1.service.BookingService - Booking created successfully with token: 29a53b0a for John Doe
2025-11-02 16:04:58 [main] INFO  u.d.tqs.hw1.service.BookingService - Creating new booking for John Doe in Aveiro on 2025-11-03 at slot 2
2025-11-02 16:04:58 [main] INFO  u.d.tqs.hw1.service.BookingService - Booking created successfully with token: 29a53b0a for John Doe
2025-11-02 16:04:58 [main] INFO  u.d.tqs.hw1.service.BookingService - Creating new booking for John Doe in Aveiro on 2025-11-03 at slot 3
2025-11-02 16:04:58 [main] INFO  u.d.tqs.hw1.service.BookingService - Booking created successfully with token: 29a53b0a for John Doe
2025-11-02 16:04:58 [main] INFO  u.d.tqs.hw1.service.BookingService - Creating new booking for John Doe in Aveiro on 2025-11-03 at slot 4
2025-11-02 16:04:58 [main] INFO  u.d.tqs.hw1.service.BookingService - Booking created successfully with token: 29a53b0a for John Doe
2025-11-02 16:04:58 [main] INFO  u.d.tqs.hw1.service.BookingService - Creating new booking for John Doe in Aveiro on 2025-11-03 at slot 5
2025-11-02 16:04:58 [main] INFO  u.d.tqs.hw1.service.BookingService - Booking created successfully with token: 29a53b0a for John Doe
2025-11-02 16:04:58 [main] INFO  u.d.tqs.hw1.service.BookingService - Creating new booking for John Doe in Aveiro on 2025-11-03 at slot 6
2025-11-02 16:04:58 [main] INFO  u.d.tqs.hw1.service.BookingService - Booking created successfully with token: 29a53b0a for John Doe
2025-11-02 16:04:58 [main] INFO  u.d.tqs.hw1.service.BookingService - Creating new booking for John Doe in Aveiro on 2025-11-03 at slot 7
2025-11-02 16:04:58 [main] INFO  u.d.tqs.hw1.service.BookingService - Booking created successfully with token: 29a53b0a for John Doe
2025-11-02 16:04:58 [main] INFO  u.d.tqs.hw1.service.BookingService - Creating new booking for John Doe in Aveiro on 2025-11-03 at slot 8
2025-11-02 16:04:58 [main] INFO  u.d.tqs.hw1.service.BookingService - Booking created successfully with token: 29a53b0a for John Doe
2025-11-02 16:04:58 [main] INFO  u.d.tqs.hw1.service.BookingService - Creating new booking for John Doe in Aveiro on 2025-11-03 at slot 0
2025-11-02 16:04:58 [main] INFO  u.d.tqs.hw1.service.BookingService - Booking created successfully with token: 29a53b0a for John Doe
2025-11-02 16:04:58 [main] INFO  u.d.tqs.hw1.service.BookingService - Creating new booking for John Doe in Aveiro on 2025-11-03 at slot 1
2025-11-02 16:04:58 [main] INFO  u.d.tqs.hw1.service.BookingService - Booking created successfully with token: 29a53b0a for John Doe
2025-11-02 16:04:58 [main] INFO  u.d.tqs.hw1.service.BookingService - Creating new booking for John Doe in Aveiro on 2025-11-03 at slot 2
2025-11-02 16:04:58 [main] INFO  u.d.tqs.hw1.service.BookingService - Booking created successfully with token: 29a53b0a for John Doe
2025-11-02 16:04:58 [main] INFO  u.d.tqs.hw1.service.BookingService - Creating new booking for John Doe in Aveiro on 2025-11-03 at slot 3
2025-11-02 16:04:58 [main] INFO  u.d.tqs.hw1.service.BookingService - Booking created successfully with token: 29a53b0a for John Doe
2025-11-02 16:04:58 [main] INFO  u.d.tqs.hw1.service.BookingService - Creating new booking for John Doe in Aveiro on 2025-11-03 at slot 4
2025-11-02 16:04:58 [main] INFO  u.d.tqs.hw1.service.BookingService - Booking created successfully with token: 29a53b0a for John Doe
2025-11-02 16:04:58 [main] INFO  u.d.tqs.hw1.service.BookingService - Creating new booking for John Doe in Aveiro on 2025-11-03 at slot 5
2025-11-02 16:04:58 [main] INFO  u.d.tqs.hw1.service.BookingService - Booking created successfully with token: 29a53b0a for John Doe
2025-11-02 16:04:58 [main] INFO  u.d.tqs.hw1.service.BookingService - Creating new booking for John Doe in Aveiro on 2025-11-03 at slot 6
2025-11-02 16:04:58 [main] INFO  u.d.tqs.hw1.service.BookingService - Booking created successfully with token: 29a53b0a for John Doe
2025-11-02 16:04:58 [main] INFO  u.d.tqs.hw1.service.BookingService - Creating new booking for John Doe in Aveiro on 2025-11-03 at slot 7
2025-11-02 16:04:58 [main] INFO  u.d.tqs.hw1.service.BookingService - Booking created successfully with token: 29a53b0a for John Doe
2025-11-02 16:04:58 [main] INFO  u.d.tqs.hw1.service.BookingService - Creating new booking for John Doe in Aveiro on 2025-11-03 at slot 8
2025-11-02 16:04:58 [main] INFO  u.d.tqs.hw1.service.BookingService - Booking created successfully with token: 29a53b0a for John Doe
2025-11-02 16:04:58 [main] INFO  u.d.tqs.hw1.service.BookingService - Creating new booking for John Doe in Aveiro on 2025-11-03 at slot 0
2025-11-02 16:04:58 [main] INFO  u.d.tqs.hw1.service.BookingService - Booking created successfully with token: 29a53b0a for John Doe
2025-11-02 16:04:58 [SpringApplicationShutdownHook] INFO  o.s.o.j.LocalContainerEntityManagerFactoryBean - Closing JPA EntityManagerFactory for persistence unit 'default'
2025-11-02 16:04:58 [SpringApplicationShutdownHook] INFO  com.zaxxer.hikari.HikariDataSource - HikariPool-1 - Shutdown initiated...
2025-11-02 16:04:58 [SpringApplicationShutdownHook] INFO  com.zaxxer.hikari.HikariDataSource - HikariPool-1 - Shutdown completed.
2025-11-02 16:04:58 [SpringApplicationShutdownHook] INFO  o.s.b.w.e.tomcat.GracefulShutdown - Commencing graceful shutdown. Waiting for active requests to complete
2025-11-02 16:04:58 [tomcat-shutdown] INFO  o.s.b.w.e.tomcat.GracefulShutdown - Graceful shutdown complete
2025-11-02 16:04:58 [SpringApplicationShutdownHook] INFO  o.s.o.j.LocalContainerEntityManagerFactoryBean - Closing JPA EntityManagerFactory for persistence unit 'default'
2025-11-02 16:04:58 [SpringApplicationShutdownHook] INFO  com.zaxxer.hikari.HikariDataSource - HikariPool-2 - Shutdown initiated...
2025-11-02 16:04:58 [SpringApplicationShutdownHook] INFO  com.zaxxer.hikari.HikariDataSource - HikariPool-2 - Shutdown completed.
2025-11-02 16:05:05 [main] INFO  u.d.t.h.c.MunicipalityControllerTest - Starting MunicipalityControllerTest using Java 21.0.8 with PID 228644 (started by duarte in /home/duarte/doc/Personal/UA/3ºAno/TQS/P/ZeroMonos)
2025-11-02 16:05:05 [main] INFO  u.d.t.h.c.MunicipalityControllerTest - No active profile set, falling back to 1 default profile: "default"
2025-11-02 16:05:06 [main] INFO  o.s.d.r.c.RepositoryConfigurationDelegate - Bootstrapping Spring Data JPA repositories in DEFAULT mode.
2025-11-02 16:05:07 [main] INFO  o.s.d.r.c.RepositoryConfigurationDelegate - Finished Spring Data repository scanning in 67 ms. Found 1 JPA repository interface.
2025-11-02 16:05:07 [main] INFO  o.h.jpa.internal.util.LogHelper - HHH000204: Processing PersistenceUnitInfo [name: default]
2025-11-02 16:05:07 [main] INFO  org.hibernate.Version - HHH000412: Hibernate ORM core version 6.6.29.Final
2025-11-02 16:05:07 [main] INFO  o.h.c.i.RegionFactoryInitiator - HHH000026: Second-level cache disabled
2025-11-02 16:05:08 [main] INFO  o.s.o.j.p.SpringPersistenceUnitInfo - No LoadTimeWeaver setup: ignoring JPA class transformer
2025-11-02 16:05:08 [main] INFO  com.zaxxer.hikari.HikariDataSource - HikariPool-1 - Starting...
2025-11-02 16:05:08 [main] INFO  com.zaxxer.hikari.pool.HikariPool - HikariPool-1 - Added connection org.postgresql.jdbc.PgConnection@66b3c476
2025-11-02 16:05:08 [main] INFO  com.zaxxer.hikari.HikariDataSource - HikariPool-1 - Start completed.
2025-11-02 16:05:08 [main] WARN  org.hibernate.orm.deprecation - HHH90000025: PostgreSQLDialect does not need to be specified explicitly using 'hibernate.dialect' (remove the property setting and it will be selected by default)
2025-11-02 16:05:08 [main] INFO  o.hibernate.orm.connections.pooling - HHH10001005: Database info:
	Database JDBC URL [Connecting through datasource 'HikariDataSource (HikariPool-1)']
	Database driver: undefined/unknown
	Database version: 18.0
	Autocommit mode: undefined/unknown
	Isolation level: undefined/unknown
	Minimum pool size: undefined/unknown
	Maximum pool size: undefined/unknown
2025-11-02 16:05:09 [main] INFO  o.h.e.t.j.p.i.JtaPlatformInitiator - HHH000489: No JTA platform available (set 'hibernate.transaction.jta.platform' to enable JTA platform integration)
2025-11-02 16:05:09 [main] INFO  o.s.o.j.LocalContainerEntityManagerFactoryBean - Initialized JPA EntityManagerFactory for persistence unit 'default'
2025-11-02 16:05:10 [main] INFO  o.s.d.j.r.query.QueryEnhancerFactory - Hibernate is in classpath; If applicable, HQL parser will be used.
2025-11-02 16:05:10 [main] INFO  u.d.tqs.hw1.service.BookingService - BookingService initialized
2025-11-02 16:05:10 [main] WARN  o.s.b.a.o.j.JpaBaseConfiguration$JpaWebConfiguration - spring.jpa.open-in-view is enabled by default. Therefore, database queries may be performed during view rendering. Explicitly configure spring.jpa.open-in-view to disable this warning
2025-11-02 16:05:10 [main] INFO  o.s.b.a.w.s.WelcomePageHandlerMapping - Adding welcome page template: index
2025-11-02 16:05:11 [main] INFO  o.s.b.t.m.w.SpringBootMockServletContext - Initializing Spring TestDispatcherServlet ''
2025-11-02 16:05:11 [main] INFO  o.s.t.w.s.TestDispatcherServlet - Initializing Servlet ''
2025-11-02 16:05:11 [main] INFO  o.s.t.w.s.TestDispatcherServlet - Completed initialization in 1 ms
2025-11-02 16:05:11 [main] INFO  u.d.t.h.c.MunicipalityControllerTest - Started MunicipalityControllerTest in 5.784 seconds (process running for 7.598)
2025-11-02 16:05:12 [main] INFO  o.s.t.c.s.AnnotationConfigContextLoaderUtils - Could not detect default configuration classes for test class [ua.deti.tqs.hw1.controller.BookingControllerTest]: BookingControllerTest does not declare any static, non-private, non-final, nested classes annotated with @Configuration.
2025-11-02 16:05:12 [main] INFO  o.s.b.t.c.SpringBootTestContextBootstrapper - Found @SpringBootConfiguration ua.deti.tqs.hw1.ZeroMonosApplication for test class ua.deti.tqs.hw1.controller.BookingControllerTest
2025-11-02 16:05:12 [main] INFO  u.d.tqs.hw1.service.BookingService - Deleting booking with ID: 498
2025-11-02 16:05:12 [main] INFO  u.d.tqs.hw1.service.BookingService - Booking 498 deleted successfully
2025-11-02 16:05:12 [main] INFO  u.d.tqs.hw1.service.BookingService - Creating new booking for Jane Smith in Aveiro on 2025-11-03 at slot 2
2025-11-02 16:05:12 [main] WARN  u.d.tqs.hw1.service.BookingService - Booking creation failed: Time slot 2 on 2025-11-03 already occupied in Aveiro
2025-11-02 16:05:12 [main] INFO  u.d.tqs.hw1.service.BookingService - Creating new booking for John Doe in Aveiro on 2025-11-01 at slot 2
2025-11-02 16:05:12 [main] WARN  u.d.tqs.hw1.service.BookingService - Booking creation failed: Invalid date 2025-11-01 for John Doe
2025-11-02 16:05:12 [main] WARN  o.s.w.s.m.s.DefaultHandlerExceptionResolver - Resolved [org.springframework.web.bind.MethodArgumentNotValidException: Validation failed for argument [0] in public org.springframework.http.ResponseEntity<java.lang.Object> ua.deti.tqs.hw1.controller.BookingController.create(ua.deti.tqs.hw1.model.Booking): [Field error in object 'booking' on field 'citizenName': rejected value [john]; codes [ValidCitizenName.booking.citizenName,ValidCitizenName.citizenName,ValidCitizenName.java.lang.String,ValidCitizenName]; arguments [org.springframework.context.support.DefaultMessageSourceResolvable: codes [booking.citizenName,citizenName]; arguments []; default message [citizenName]]; default message [Name must have at least two words, each starting with uppercase letter, letters only]] ]
2025-11-02 16:05:12 [main] WARN  o.s.w.s.m.s.DefaultHandlerExceptionResolver - Resolved [org.springframework.web.bind.MethodArgumentNotValidException: Validation failed for argument [0] in public org.springframework.http.ResponseEntity<java.lang.Object> ua.deti.tqs.hw1.controller.BookingController.create(ua.deti.tqs.hw1.model.Booking): [Field error in object 'booking' on field 'description': rejected value [TV]; codes [Size.booking.description,Size.description,Size.java.lang.String,Size]; arguments [org.springframework.context.support.DefaultMessageSourceResolvable: codes [booking.description,description]; arguments []; default message [description],2147483647,4]; default message [Description must have at least 4 characters]] ]
2025-11-02 16:05:12 [main] INFO  u.d.tqs.hw1.service.BookingService - Updating booking 502 status to CANCELLED
2025-11-02 16:05:12 [main] INFO  u.d.tqs.hw1.service.BookingService - Booking 502 status changed from RECEIVED to CANCELLED for citizen John Doe
2025-11-02 16:05:12 [main] INFO  u.d.tqs.hw1.service.BookingService - Time slot 11:00 on 2025-11-03 for Aveiro is now available (booking 502 cancelled)
2025-11-02 16:05:12 [main] INFO  u.d.tqs.hw1.service.BookingService - Creating new booking for John Doe in Aveiro on 2025-11-03 at slot 2
2025-11-02 16:05:12 [main] INFO  u.d.tqs.hw1.service.BookingService - Booking created successfully with token: 3de93cc9 for John Doe
2025-11-02 16:05:12 [main] INFO  u.d.tqs.hw1.service.BookingService - Updating booking 506 status to IN_PROGRESS
2025-11-02 16:05:12 [main] INFO  u.d.tqs.hw1.service.BookingService - Booking 506 status changed from RECEIVED to IN_PROGRESS for citizen John Doe
2025-11-02 16:05:12 [main] INFO  o.s.t.c.s.AnnotationConfigContextLoaderUtils - Could not detect default configuration classes for test class [ua.deti.tqs.hw1.functional.FunctionalSeleniumTest]: FunctionalSeleniumTest does not declare any static, non-private, non-final, nested classes annotated with @Configuration.
2025-11-02 16:05:12 [main] INFO  o.s.b.t.c.SpringBootTestContextBootstrapper - Found @SpringBootConfiguration ua.deti.tqs.hw1.ZeroMonosApplication for test class ua.deti.tqs.hw1.functional.FunctionalSeleniumTest
2025-11-02 16:05:12 [main] INFO  o.s.b.d.r.RestartApplicationListener - Restart disabled due to context in which it is running
2025-11-02 16:05:12 [main] INFO  u.d.t.h.f.FunctionalSeleniumTest - Starting FunctionalSeleniumTest using Java 21.0.8 with PID 228644 (started by duarte in /home/duarte/doc/Personal/UA/3ºAno/TQS/P/ZeroMonos)
2025-11-02 16:05:12 [main] INFO  u.d.t.h.f.FunctionalSeleniumTest - No active profile set, falling back to 1 default profile: "default"
2025-11-02 16:05:13 [main] INFO  o.s.d.r.c.RepositoryConfigurationDelegate - Bootstrapping Spring Data JPA repositories in DEFAULT mode.
2025-11-02 16:05:13 [main] INFO  o.s.d.r.c.RepositoryConfigurationDelegate - Finished Spring Data repository scanning in 7 ms. Found 1 JPA repository interface.
2025-11-02 16:05:13 [main] INFO  o.s.b.w.e.tomcat.TomcatWebServer - Tomcat initialized with port 0 (http)
2025-11-02 16:05:13 [main] INFO  o.a.catalina.core.StandardService - Starting service [Tomcat]
2025-11-02 16:05:13 [main] INFO  o.a.catalina.core.StandardEngine - Starting Servlet engine: [Apache Tomcat/10.1.46]
2025-11-02 16:05:13 [main] INFO  o.a.c.c.C.[Tomcat].[localhost].[/] - Initializing Spring embedded WebApplicationContext
2025-11-02 16:05:13 [main] INFO  o.s.b.w.s.c.ServletWebServerApplicationContext - Root WebApplicationContext: initialization completed in 485 ms
2025-11-02 16:05:13 [main] INFO  o.h.jpa.internal.util.LogHelper - HHH000204: Processing PersistenceUnitInfo [name: default]
2025-11-02 16:05:13 [main] INFO  o.h.c.i.RegionFactoryInitiator - HHH000026: Second-level cache disabled
2025-11-02 16:05:13 [main] INFO  o.s.o.j.p.SpringPersistenceUnitInfo - No LoadTimeWeaver setup: ignoring JPA class transformer
2025-11-02 16:05:13 [main] INFO  com.zaxxer.hikari.HikariDataSource - HikariPool-2 - Starting...
2025-11-02 16:05:13 [main] INFO  com.zaxxer.hikari.pool.HikariPool - HikariPool-2 - Added connection org.postgresql.jdbc.PgConnection@1573a7e0
2025-11-02 16:05:13 [main] INFO  com.zaxxer.hikari.HikariDataSource - HikariPool-2 - Start completed.
2025-11-02 16:05:13 [main] WARN  org.hibernate.orm.deprecation - HHH90000025: PostgreSQLDialect does not need to be specified explicitly using 'hibernate.dialect' (remove the property setting and it will be selected by default)
2025-11-02 16:05:13 [main] INFO  o.hibernate.orm.connections.pooling - HHH10001005: Database info:
	Database JDBC URL [Connecting through datasource 'HikariDataSource (HikariPool-2)']
	Database driver: undefined/unknown
	Database version: 18.0
	Autocommit mode: undefined/unknown
	Isolation level: undefined/unknown
	Minimum pool size: undefined/unknown
	Maximum pool size: undefined/unknown
2025-11-02 16:05:13 [main] INFO  o.h.e.t.j.p.i.JtaPlatformInitiator - HHH000489: No JTA platform available (set 'hibernate.transaction.jta.platform' to enable JTA platform integration)
2025-11-02 16:05:13 [main] INFO  o.s.o.j.LocalContainerEntityManagerFactoryBean - Initialized JPA EntityManagerFactory for persistence unit 'default'
2025-11-02 16:05:13 [main] INFO  u.d.tqs.hw1.service.BookingService - BookingService initialized
2025-11-02 16:05:13 [main] WARN  o.s.b.a.o.j.JpaBaseConfiguration$JpaWebConfiguration - spring.jpa.open-in-view is enabled by default. Therefore, database queries may be performed during view rendering. Explicitly configure spring.jpa.open-in-view to disable this warning
2025-11-02 16:05:13 [main] INFO  o.s.b.a.w.s.WelcomePageHandlerMapping - Adding welcome page template: index
2025-11-02 16:05:13 [main] INFO  o.s.b.w.e.tomcat.TomcatWebServer - Tomcat started on port 40251 (http) with context path '/'
2025-11-02 16:05:13 [main] INFO  u.d.t.h.f.FunctionalSeleniumTest - Started FunctionalSeleniumTest in 0.968 seconds (process running for 10.231)
2025-11-02 16:05:14 [main] INFO  i.g.bonigarcia.wdm.WebDriverManager - Using geckodriver 0.36.0 (resolved driver for Firefox 144)
2025-11-02 16:05:14 [main] INFO  i.g.bonigarcia.wdm.WebDriverManager - Exporting webdriver.gecko.driver as /home/duarte/.cache/selenium/geckodriver/linux64/0.36.0/geckodriver
2025-11-02 16:05:15 [http-nio-auto-1-exec-1] INFO  o.a.c.c.C.[Tomcat].[localhost].[/] - Initializing Spring DispatcherServlet 'dispatcherServlet'
2025-11-02 16:05:17 [http-nio-auto-1-exec-7] INFO  u.d.tqs.hw1.service.BookingService - Creating new booking for Maria Silva in Aveiro on 2025-11-04 at slot 0
2025-11-02 16:05:17 [http-nio-auto-1-exec-7] INFO  u.d.tqs.hw1.service.BookingService - Booking created successfully with token: 9d4fa99b for Maria Silva
2025-11-02 16:05:18 [http-nio-auto-1-exec-2] INFO  u.d.tqs.hw1.service.BookingService - Creating new booking for Maria Silva in Ílhavo on 2025-11-04 at slot 0
2025-11-02 16:05:18 [http-nio-auto-1-exec-2] INFO  u.d.tqs.hw1.service.BookingService - Booking created successfully with token: b6e340e4 for Maria Silva
2025-11-02 16:05:19 [main] INFO  i.g.bonigarcia.wdm.WebDriverManager - Using geckodriver 0.36.0 (resolved driver for Firefox 144)
2025-11-02 16:05:19 [main] INFO  i.g.bonigarcia.wdm.WebDriverManager - Exporting webdriver.gecko.driver as /home/duarte/.cache/selenium/geckodriver/linux64/0.36.0/geckodriver
2025-11-02 16:05:32 [http-nio-auto-1-exec-10] INFO  u.d.tqs.hw1.service.BookingService - Updating booking 507 status to ASSIGNED
2025-11-02 16:05:32 [http-nio-auto-1-exec-10] INFO  u.d.tqs.hw1.service.BookingService - Booking 507 status changed from RECEIVED to ASSIGNED for citizen Maria Silva
2025-11-02 16:05:32 [main] INFO  i.g.bonigarcia.wdm.WebDriverManager - Using geckodriver 0.36.0 (resolved driver for Firefox 144)
2025-11-02 16:05:32 [main] INFO  i.g.bonigarcia.wdm.WebDriverManager - Exporting webdriver.gecko.driver as /home/duarte/.cache/selenium/geckodriver/linux64/0.36.0/geckodriver
2025-11-02 16:05:35 [main] INFO  i.g.bonigarcia.wdm.WebDriverManager - Using geckodriver 0.36.0 (resolved driver for Firefox 144)
2025-11-02 16:05:35 [main] INFO  i.g.bonigarcia.wdm.WebDriverManager - Exporting webdriver.gecko.driver as /home/duarte/.cache/selenium/geckodriver/linux64/0.36.0/geckodriver
2025-11-02 16:05:37 [http-nio-auto-1-exec-5] INFO  u.d.tqs.hw1.service.BookingService - Updating booking 508 status to CANCELLED
2025-11-02 16:05:37 [http-nio-auto-1-exec-5] INFO  u.d.tqs.hw1.service.BookingService - Booking 508 status changed from RECEIVED to CANCELLED for citizen Maria Silva
2025-11-02 16:05:37 [http-nio-auto-1-exec-5] INFO  u.d.tqs.hw1.service.BookingService - Time slot 09:00 on 2025-11-04 for Ílhavo is now available (booking 508 cancelled)
2025-11-02 16:05:48 [main] INFO  u.d.tqs.hw1.service.BookingService - BookingService initialized
2025-11-02 16:05:49 [main] INFO  u.d.tqs.hw1.service.BookingService - BookingService initialized
2025-11-02 16:05:49 [main] INFO  u.d.tqs.hw1.service.BookingService - BookingService initialized
2025-11-02 16:05:49 [main] WARN  u.d.tqs.hw1.service.BookingService - Attempted to delete non-existent booking with ID: 99
2025-11-02 16:05:49 [main] INFO  u.d.tqs.hw1.service.BookingService - BookingService initialized
2025-11-02 16:05:49 [main] INFO  u.d.tqs.hw1.service.BookingService - Updating booking 1 status to IN_PROGRESS
2025-11-02 16:05:49 [main] INFO  u.d.tqs.hw1.service.BookingService - Booking 1 status changed from RECEIVED to IN_PROGRESS for citizen John Doe
2025-11-02 16:05:49 [main] INFO  u.d.tqs.hw1.service.BookingService - BookingService initialized
2025-11-02 16:05:49 [main] INFO  u.d.tqs.hw1.service.BookingService - BookingService initialized
2025-11-02 16:05:49 [main] INFO  u.d.tqs.hw1.service.BookingService - Creating new booking for John Doe in Aveiro on 2025-11-03 at slot 2
2025-11-02 16:05:49 [main] WARN  u.d.tqs.hw1.service.BookingService - Booking creation failed: Time slot 2 on 2025-11-03 already occupied in Aveiro
2025-11-02 16:05:49 [main] INFO  u.d.tqs.hw1.service.BookingService - BookingService initialized
2025-11-02 16:05:49 [main] INFO  u.d.tqs.hw1.service.BookingService - BookingService initialized
2025-11-02 16:05:49 [main] INFO  u.d.tqs.hw1.service.BookingService - Creating new booking for John Doe in Aveiro on 2025-11-01 at slot 2
2025-11-02 16:05:49 [main] WARN  u.d.tqs.hw1.service.BookingService - Booking creation failed: Invalid date 2025-11-01 for John Doe
2025-11-02 16:05:49 [main] INFO  u.d.tqs.hw1.service.BookingService - BookingService initialized
2025-11-02 16:05:49 [main] INFO  u.d.tqs.hw1.service.BookingService - BookingService initialized
2025-11-02 16:05:49 [main] INFO  u.d.tqs.hw1.service.BookingService - Updating booking 1 status to CANCELLED
2025-11-02 16:05:49 [main] INFO  u.d.tqs.hw1.service.BookingService - Booking 1 status changed from RECEIVED to CANCELLED for citizen John Doe
2025-11-02 16:05:49 [main] INFO  u.d.tqs.hw1.service.BookingService - Time slot 11:00 on 2025-11-03 for Aveiro is now available (booking null cancelled)
2025-11-02 16:05:49 [main] INFO  u.d.tqs.hw1.service.BookingService - BookingService initialized
2025-11-02 16:05:49 [main] INFO  u.d.tqs.hw1.service.BookingService - BookingService initialized
2025-11-02 16:05:49 [main] INFO  u.d.tqs.hw1.service.BookingService - BookingService initialized
2025-11-02 16:05:49 [main] INFO  u.d.tqs.hw1.service.BookingService - BookingService initialized
2025-11-02 16:05:49 [main] INFO  u.d.tqs.hw1.service.BookingService - BookingService initialized
2025-11-02 16:05:49 [main] INFO  u.d.tqs.hw1.service.BookingService - BookingService initialized
2025-11-02 16:05:49 [main] INFO  u.d.tqs.hw1.service.BookingService - BookingService initialized
2025-11-02 16:05:49 [main] INFO  u.d.tqs.hw1.service.BookingService - BookingService initialized
2025-11-02 16:05:49 [main] INFO  u.d.tqs.hw1.service.BookingService - BookingService initialized
2025-11-02 16:05:49 [main] INFO  u.d.tqs.hw1.service.BookingService - BookingService initialized
2025-11-02 16:05:49 [main] INFO  u.d.tqs.hw1.service.BookingService - BookingService initialized
2025-11-02 16:05:49 [main] INFO  u.d.tqs.hw1.service.BookingService - BookingService initialized
2025-11-02 16:05:49 [main] INFO  u.d.tqs.hw1.service.BookingService - Deleting booking with ID: 1
2025-11-02 16:05:49 [main] INFO  u.d.tqs.hw1.service.BookingService - Booking 1 deleted successfully
2025-11-02 16:05:49 [main] INFO  u.d.tqs.hw1.service.BookingService - BookingService initialized
2025-11-02 16:05:49 [main] INFO  u.d.tqs.hw1.service.BookingService - BookingService initialized
2025-11-02 16:05:49 [main] INFO  u.d.tqs.hw1.service.BookingService - Updating booking 99 status to COMPLETED
2025-11-02 16:05:49 [main] WARN  u.d.tqs.hw1.service.BookingService - Attempted to update non-existent booking with ID: 99
2025-11-02 16:05:49 [main] INFO  u.d.tqs.hw1.service.BookingService - BookingService initialized
2025-11-02 16:05:49 [main] INFO  u.d.tqs.hw1.service.BookingService - BookingService initialized
2025-11-02 16:05:49 [main] INFO  u.d.tqs.hw1.service.BookingService - BookingService initialized
2025-11-02 16:05:49 [main] INFO  u.d.tqs.hw1.service.BookingService - Creating new booking for John Doe in Aveiro on 2025-11-03 at slot 2
2025-11-02 16:05:49 [main] INFO  u.d.tqs.hw1.service.BookingService - Booking created successfully with token: e6cd3c21 for John Doe
2025-11-02 16:05:49 [main] ERROR u.d.t.h.service.MunicipalityService - Failed to load municipalities: API is down
org.springframework.web.client.RestClientException: API is down
	at org.springframework.web.client.RestTemplate.exchange(RestTemplate.java:709)
	at ua.deti.tqs.hw1.service.MunicipalityService.getMunicipalities(MunicipalityService.java:26)
	at ua.deti.tqs.hw1.service.MunicipalityServiceTest.whenApiFails_thenReturnFallbackList(MunicipalityServiceTest.java:85)
	at java.base/jdk.internal.reflect.DirectMethodHandleAccessor.invoke(DirectMethodHandleAccessor.java:103)
	at java.base/java.lang.reflect.Method.invoke(Method.java:580)
	at org.junit.platform.commons.util.ReflectionUtils.invokeMethod(ReflectionUtils.java:775)
	at org.junit.platform.commons.support.ReflectionSupport.invokeMethod(ReflectionSupport.java:479)
	at org.junit.jupiter.engine.execution.MethodInvocation.proceed(MethodInvocation.java:60)
	at org.junit.jupiter.engine.execution.InvocationInterceptorChain$ValidatingInvocation.proceed(InvocationInterceptorChain.java:131)
	at org.junit.jupiter.engine.extension.TimeoutExtension.intercept(TimeoutExtension.java:161)
	at org.junit.jupiter.engine.extension.TimeoutExtension.interceptTestableMethod(TimeoutExtension.java:152)
	at org.junit.jupiter.engine.extension.TimeoutExtension.interceptTestMethod(TimeoutExtension.java:91)
	at org.junit.jupiter.engine.execution.InterceptingExecutableInvoker$ReflectiveInterceptorCall.lambda$ofVoidMethod$0(InterceptingExecutableInvoker.java:112)
	at org.junit.jupiter.engine.execution.InterceptingExecutableInvoker.lambda$invoke$0(InterceptingExecutableInvoker.java:94)
	at org.junit.jupiter.engine.execution.InvocationInterceptorChain$InterceptedInvocation.proceed(InvocationInterceptorChain.java:106)
	at org.junit.jupiter.engine.execution.InvocationInterceptorChain.proceed(InvocationInterceptorChain.java:64)
	at org.junit.jupiter.engine.execution.InvocationInterceptorChain.chainAndInvoke(InvocationInterceptorChain.java:45)
	at org.junit.jupiter.engine.execution.InvocationInterceptorChain.invoke(InvocationInterceptorChain.java:37)
	at org.junit.jupiter.engine.execution.InterceptingExecutableInvoker.invoke(InterceptingExecutableInvoker.java:93)
	at org.junit.jupiter.engine.execution.InterceptingExecutableInvoker.invoke(InterceptingExecutableInvoker.java:87)
	at org.junit.jupiter.engine.descriptor.TestMethodTestDescriptor.lambda$invokeTestMethod$7(TestMethodTestDescriptor.java:216)
	at org.junit.platform.engine.support.hierarchical.ThrowableCollector.execute(ThrowableCollector.java:73)
	at org.junit.jupiter.engine.descriptor.TestMethodTestDescriptor.invokeTestMethod(TestMethodTestDescriptor.java:212)
	at org.junit.jupiter.engine.descriptor.TestMethodTestDescriptor.execute(TestMethodTestDescriptor.java:137)
	at org.junit.jupiter.engine.descriptor.TestMethodTestDescriptor.execute(TestMethodTestDescriptor.java:69)
	at org.junit.platform.engine.support.hierarchical.NodeTestTask.lambda$executeRecursively$6(NodeTestTask.java:156)
	at org.junit.platform.engine.support.hierarchical.ThrowableCollector.execute(ThrowableCollector.java:73)
	at org.junit.platform.engine.support.hierarchical.NodeTestTask.lambda$executeRecursively$8(NodeTestTask.java:146)
	at org.junit.platform.engine.support.hierarchical.Node.around(Node.java:137)
	at org.junit.platform.engine.support.hierarchical.NodeTestTask.lambda$executeRecursively$9(NodeTestTask.java:144)
	at org.junit.platform.engine.support.hierarchical.ThrowableCollector.execute(ThrowableCollector.java:73)
	at org.junit.platform.engine.support.hierarchical.NodeTestTask.executeRecursively(NodeTestTask.java:143)
	at org.junit.platform.engine.support.hierarchical.NodeTestTask.execute(NodeTestTask.java:100)
	at java.base/java.util.ArrayList.forEach(ArrayList.java:1596)
	at org.junit.platform.engine.support.hierarchical.SameThreadHierarchicalTestExecutorService.invokeAll(SameThreadHierarchicalTestExecutorService.java:41)
	at org.junit.platform.engine.support.hierarchical.NodeTestTask.lambda$executeRecursively$6(NodeTestTask.java:160)
	at org.junit.platform.engine.support.hierarchical.ThrowableCollector.execute(ThrowableCollector.java:73)
	at org.junit.platform.engine.support.hierarchical.NodeTestTask.lambda$executeRecursively$8(NodeTestTask.java:146)
	at org.junit.platform.engine.support.hierarchical.Node.around(Node.java:137)
	at org.junit.platform.engine.support.hierarchical.NodeTestTask.lambda$executeRecursively$9(NodeTestTask.java:144)
	at org.junit.platform.engine.support.hierarchical.ThrowableCollector.execute(ThrowableCollector.java:73)
	at org.junit.platform.engine.support.hierarchical.NodeTestTask.executeRecursively(NodeTestTask.java:143)
	at org.junit.platform.engine.support.hierarchical.NodeTestTask.execute(NodeTestTask.java:100)
	at java.base/java.util.ArrayList.forEach(ArrayList.java:1596)
	at org.junit.platform.engine.support.hierarchical.SameThreadHierarchicalTestExecutorService.invokeAll(SameThreadHierarchicalTestExecutorService.java:41)
	at org.junit.platform.engine.support.hierarchical.NodeTestTask.lambda$executeRecursively$6(NodeTestTask.java:160)
	at org.junit.platform.engine.support.hierarchical.ThrowableCollector.execute(ThrowableCollector.java:73)
	at org.junit.platform.engine.support.hierarchical.NodeTestTask.lambda$executeRecursively$8(NodeTestTask.java:146)
	at org.junit.platform.engine.support.hierarchical.Node.around(Node.java:137)
	at org.junit.platform.engine.support.hierarchical.NodeTestTask.lambda$executeRecursively$9(NodeTestTask.java:144)
	at org.junit.platform.engine.support.hierarchical.ThrowableCollector.execute(ThrowableCollector.java:73)
	at org.junit.platform.engine.support.hierarchical.NodeTestTask.executeRecursively(NodeTestTask.java:143)
	at org.junit.platform.engine.support.hierarchical.NodeTestTask.execute(NodeTestTask.java:100)
	at org.junit.platform.engine.support.hierarchical.SameThreadHierarchicalTestExecutorService.submit(SameThreadHierarchicalTestExecutorService.java:35)
	at org.junit.platform.engine.support.hierarchical.HierarchicalTestExecutor.execute(HierarchicalTestExecutor.java:57)
	at org.junit.platform.engine.support.hierarchical.HierarchicalTestEngine.execute(HierarchicalTestEngine.java:54)
	at org.junit.platform.launcher.core.EngineExecutionOrchestrator.execute(EngineExecutionOrchestrator.java:201)
	at org.junit.platform.launcher.core.EngineExecutionOrchestrator.execute(EngineExecutionOrchestrator.java:170)
	at org.junit.platform.launcher.core.EngineExecutionOrchestrator.execute(EngineExecutionOrchestrator.java:94)
	at org.junit.platform.launcher.core.EngineExecutionOrchestrator.lambda$execute$0(EngineExecutionOrchestrator.java:59)
	at org.junit.platform.launcher.core.EngineExecutionOrchestrator.withInterceptedStreams(EngineExecutionOrchestrator.java:142)
	at org.junit.platform.launcher.core.EngineExecutionOrchestrator.execute(EngineExecutionOrchestrator.java:58)
	at org.junit.platform.launcher.core.DefaultLauncher.execute(DefaultLauncher.java:103)
	at org.junit.platform.launcher.core.DefaultLauncher.execute(DefaultLauncher.java:85)
	at org.junit.platform.launcher.core.DelegatingLauncher.execute(DelegatingLauncher.java:47)
	at org.junit.platform.launcher.core.InterceptingLauncher.lambda$execute$1(InterceptingLauncher.java:39)
	at org.junit.platform.launcher.core.ClasspathAlignmentCheckingLauncherInterceptor.intercept(ClasspathAlignmentCheckingLauncherInterceptor.java:25)
	at org.junit.platform.launcher.core.InterceptingLauncher.execute(InterceptingLauncher.java:38)
	at org.junit.platform.launcher.core.DelegatingLauncher.execute(DelegatingLauncher.java:47)
	at org.apache.maven.surefire.junitplatform.LauncherAdapter.executeWithoutCancellationToken(LauncherAdapter.java:60)
	at org.apache.maven.surefire.junitplatform.LauncherAdapter.execute(LauncherAdapter.java:52)
	at org.apache.maven.surefire.junitplatform.JUnitPlatformProvider.execute(JUnitPlatformProvider.java:203)
	at org.apache.maven.surefire.junitplatform.JUnitPlatformProvider.invokeAllTests(JUnitPlatformProvider.java:168)
	at org.apache.maven.surefire.junitplatform.JUnitPlatformProvider.invoke(JUnitPlatformProvider.java:136)
	at org.apache.maven.surefire.booter.ForkedBooter.runSuitesInProcess(ForkedBooter.java:385)
	at org.apache.maven.surefire.booter.ForkedBooter.execute(ForkedBooter.java:162)
	at org.apache.maven.surefire.booter.ForkedBooter.run(ForkedBooter.java:507)
	at org.apache.maven.surefire.booter.ForkedBooter.main(ForkedBooter.java:495)
2025-11-02 16:05:49 [main] WARN  u.d.t.h.service.MunicipalityService - API returned null or empty response
2025-11-02 16:05:49 [main] INFO  u.d.tqs.hw1.service.BookingService - BookingService initialized
2025-11-02 16:05:49 [main] INFO  u.d.tqs.hw1.service.BookingService - Updating booking 0 status to IN_PROGRESS
2025-11-02 16:05:49 [main] INFO  u.d.tqs.hw1.service.BookingService - Booking 0 status changed from RECEIVED to IN_PROGRESS for citizen Test Person
2025-11-02 16:05:49 [main] INFO  u.d.tqs.hw1.service.BookingService - Updating booking 1 status to IN_PROGRESS
2025-11-02 16:05:49 [main] INFO  u.d.tqs.hw1.service.BookingService - Booking 1 status changed from RECEIVED to IN_PROGRESS for citizen Test Person
2025-11-02 16:05:49 [main] INFO  u.d.tqs.hw1.service.BookingService - Updating booking 2 status to IN_PROGRESS
2025-11-02 16:05:49 [main] INFO  u.d.tqs.hw1.service.BookingService - Booking 2 status changed from RECEIVED to IN_PROGRESS for citizen Test Person
2025-11-02 16:05:49 [main] INFO  u.d.tqs.hw1.service.BookingService - Updating booking 3 status to IN_PROGRESS
2025-11-02 16:05:49 [main] INFO  u.d.tqs.hw1.service.BookingService - Booking 3 status changed from RECEIVED to IN_PROGRESS for citizen Test Person
2025-11-02 16:05:49 [main] INFO  u.d.tqs.hw1.service.BookingService - Updating booking 4 status to IN_PROGRESS
2025-11-02 16:05:49 [main] INFO  u.d.tqs.hw1.service.BookingService - Booking 4 status changed from RECEIVED to IN_PROGRESS for citizen Test Person
2025-11-02 16:05:49 [main] INFO  u.d.tqs.hw1.service.BookingService - Updating booking 5 status to IN_PROGRESS
2025-11-02 16:05:49 [main] INFO  u.d.tqs.hw1.service.BookingService - Booking 5 status changed from RECEIVED to IN_PROGRESS for citizen Test Person
2025-11-02 16:05:49 [main] INFO  u.d.tqs.hw1.service.BookingService - Updating booking 6 status to IN_PROGRESS
2025-11-02 16:05:49 [main] INFO  u.d.tqs.hw1.service.BookingService - Booking 6 status changed from RECEIVED to IN_PROGRESS for citizen Test Person
2025-11-02 16:05:49 [main] INFO  u.d.tqs.hw1.service.BookingService - Updating booking 7 status to IN_PROGRESS
2025-11-02 16:05:49 [main] INFO  u.d.tqs.hw1.service.BookingService - Booking 7 status changed from RECEIVED to IN_PROGRESS for citizen Test Person
2025-11-02 16:05:49 [main] INFO  u.d.tqs.hw1.service.BookingService - Updating booking 8 status to IN_PROGRESS
2025-11-02 16:05:49 [main] INFO  u.d.tqs.hw1.service.BookingService - Booking 8 status changed from RECEIVED to IN_PROGRESS for citizen Test Person
2025-11-02 16:05:49 [main] INFO  u.d.tqs.hw1.service.BookingService - Updating booking 9 status to IN_PROGRESS
2025-11-02 16:05:49 [main] INFO  u.d.tqs.hw1.service.BookingService - Booking 9 status changed from RECEIVED to IN_PROGRESS for citizen Test Person
2025-11-02 16:05:49 [main] INFO  u.d.tqs.hw1.service.BookingService - Updating booking 10 status to IN_PROGRESS
2025-11-02 16:05:49 [main] INFO  u.d.tqs.hw1.service.BookingService - Booking 10 status changed from RECEIVED to IN_PROGRESS for citizen Test Person
2025-11-02 16:05:49 [main] INFO  u.d.tqs.hw1.service.BookingService - Updating booking 11 status to IN_PROGRESS
2025-11-02 16:05:49 [main] INFO  u.d.tqs.hw1.service.BookingService - Booking 11 status changed from RECEIVED to IN_PROGRESS for citizen Test Person
2025-11-02 16:05:49 [main] INFO  u.d.tqs.hw1.service.BookingService - Updating booking 12 status to IN_PROGRESS
2025-11-02 16:05:49 [main] INFO  u.d.tqs.hw1.service.BookingService - Booking 12 status changed from RECEIVED to IN_PROGRESS for citizen Test Person
2025-11-02 16:05:49 [main] INFO  u.d.tqs.hw1.service.BookingService - Updating booking 13 status to IN_PROGRESS
2025-11-02 16:05:49 [main] INFO  u.d.tqs.hw1.service.BookingService - Booking 13 status changed from RECEIVED to IN_PROGRESS for citizen Test Person
2025-11-02 16:05:49 [main] INFO  u.d.tqs.hw1.service.BookingService - Updating booking 14 status to IN_PROGRESS
2025-11-02 16:05:49 [main] INFO  u.d.tqs.hw1.service.BookingService - Booking 14 status changed from RECEIVED to IN_PROGRESS for citizen Test Person
2025-11-02 16:05:49 [main] INFO  u.d.tqs.hw1.service.BookingService - Updating booking 15 status to IN_PROGRESS
2025-11-02 16:05:49 [main] INFO  u.d.tqs.hw1.service.BookingService - Booking 15 status changed from RECEIVED to IN_PROGRESS for citizen Test Person
2025-11-02 16:05:49 [main] INFO  u.d.tqs.hw1.service.BookingService - Updating booking 16 status to IN_PROGRESS
2025-11-02 16:05:49 [main] INFO  u.d.tqs.hw1.service.BookingService - Booking 16 status changed from RECEIVED to IN_PROGRESS for citizen Test Person
2025-11-02 16:05:49 [main] INFO  u.d.tqs.hw1.service.BookingService - Updating booking 17 status to IN_PROGRESS
2025-11-02 16:05:49 [main] INFO  u.d.tqs.hw1.service.BookingService - Booking 17 status changed from RECEIVED to IN_PROGRESS for citizen Test Person
2025-11-02 16:05:49 [main] INFO  u.d.tqs.hw1.service.BookingService - Updating booking 18 status to IN_PROGRESS
2025-11-02 16:05:49 [main] INFO  u.d.tqs.hw1.service.BookingService - Booking 18 status changed from RECEIVED to IN_PROGRESS for citizen Test Person
2025-11-02 16:05:49 [main] INFO  u.d.tqs.hw1.service.BookingService - Updating booking 19 status to IN_PROGRESS
2025-11-02 16:05:49 [main] INFO  u.d.tqs.hw1.service.BookingService - Booking 19 status changed from RECEIVED to IN_PROGRESS for citizen Test Person
2025-11-02 16:05:49 [main] INFO  u.d.tqs.hw1.service.BookingService - Updating booking 20 status to IN_PROGRESS
2025-11-02 16:05:49 [main] INFO  u.d.tqs.hw1.service.BookingService - Booking 20 status changed from RECEIVED to IN_PROGRESS for citizen Test Person
2025-11-02 16:05:49 [main] INFO  u.d.tqs.hw1.service.BookingService - Updating booking 21 status to IN_PROGRESS
2025-11-02 16:05:49 [main] INFO  u.d.tqs.hw1.service.BookingService - Booking 21 status changed from RECEIVED to IN_PROGRESS for citizen Test Person
2025-11-02 16:05:49 [main] INFO  u.d.tqs.hw1.service.BookingService - Updating booking 22 status to IN_PROGRESS
2025-11-02 16:05:49 [main] INFO  u.d.tqs.hw1.service.BookingService - Booking 22 status changed from RECEIVED to IN_PROGRESS for citizen Test Person
2025-11-02 16:05:49 [main] INFO  u.d.tqs.hw1.service.BookingService - Updating booking 23 status to IN_PROGRESS
2025-11-02 16:05:49 [main] INFO  u.d.tqs.hw1.service.BookingService - Booking 23 status changed from RECEIVED to IN_PROGRESS for citizen Test Person
2025-11-02 16:05:49 [main] INFO  u.d.tqs.hw1.service.BookingService - Updating booking 24 status to IN_PROGRESS
2025-11-02 16:05:49 [main] INFO  u.d.tqs.hw1.service.BookingService - Booking 24 status changed from RECEIVED to IN_PROGRESS for citizen Test Person
2025-11-02 16:05:49 [main] INFO  u.d.tqs.hw1.service.BookingService - Updating booking 25 status to IN_PROGRESS
2025-11-02 16:05:49 [main] INFO  u.d.tqs.hw1.service.BookingService - Booking 25 status changed from RECEIVED to IN_PROGRESS for citizen Test Person
2025-11-02 16:05:49 [main] INFO  u.d.tqs.hw1.service.BookingService - Updating booking 26 status to IN_PROGRESS
2025-11-02 16:05:49 [main] INFO  u.d.tqs.hw1.service.BookingService - Booking 26 status changed from RECEIVED to IN_PROGRESS for citizen Test Person
2025-11-02 16:05:49 [main] INFO  u.d.tqs.hw1.service.BookingService - Updating booking 27 status to IN_PROGRESS
2025-11-02 16:05:49 [main] INFO  u.d.tqs.hw1.service.BookingService - Booking 27 status changed from RECEIVED to IN_PROGRESS for citizen Test Person
2025-11-02 16:05:49 [main] INFO  u.d.tqs.hw1.service.BookingService - Updating booking 28 status to IN_PROGRESS
2025-11-02 16:05:49 [main] INFO  u.d.tqs.hw1.service.BookingService - Booking 28 status changed from RECEIVED to IN_PROGRESS for citizen Test Person
2025-11-02 16:05:49 [main] INFO  u.d.tqs.hw1.service.BookingService - Updating booking 29 status to IN_PROGRESS
2025-11-02 16:05:49 [main] INFO  u.d.tqs.hw1.service.BookingService - Booking 29 status changed from RECEIVED to IN_PROGRESS for citizen Test Person
2025-11-02 16:05:49 [main] INFO  u.d.tqs.hw1.service.BookingService - Updating booking 30 status to IN_PROGRESS
2025-11-02 16:05:49 [main] INFO  u.d.tqs.hw1.service.BookingService - Booking 30 status changed from RECEIVED to IN_PROGRESS for citizen Test Person
2025-11-02 16:05:49 [main] INFO  u.d.tqs.hw1.service.BookingService - Updating booking 31 status to IN_PROGRESS
2025-11-02 16:05:49 [main] INFO  u.d.tqs.hw1.service.BookingService - Booking 31 status changed from RECEIVED to IN_PROGRESS for citizen Test Person
2025-11-02 16:05:49 [main] INFO  u.d.tqs.hw1.service.BookingService - Updating booking 32 status to IN_PROGRESS
2025-11-02 16:05:49 [main] INFO  u.d.tqs.hw1.service.BookingService - Booking 32 status changed from RECEIVED to IN_PROGRESS for citizen Test Person
2025-11-02 16:05:49 [main] INFO  u.d.tqs.hw1.service.BookingService - Updating booking 33 status to IN_PROGRESS
2025-11-02 16:05:49 [main] INFO  u.d.tqs.hw1.service.BookingService - Booking 33 status changed from RECEIVED to IN_PROGRESS for citizen Test Person
2025-11-02 16:05:49 [main] INFO  u.d.tqs.hw1.service.BookingService - Updating booking 34 status to IN_PROGRESS
2025-11-02 16:05:49 [main] INFO  u.d.tqs.hw1.service.BookingService - Booking 34 status changed from RECEIVED to IN_PROGRESS for citizen Test Person
2025-11-02 16:05:49 [main] INFO  u.d.tqs.hw1.service.BookingService - Updating booking 35 status to IN_PROGRESS
2025-11-02 16:05:49 [main] INFO  u.d.tqs.hw1.service.BookingService - Booking 35 status changed from RECEIVED to IN_PROGRESS for citizen Test Person
2025-11-02 16:05:49 [main] INFO  u.d.tqs.hw1.service.BookingService - Updating booking 36 status to IN_PROGRESS
2025-11-02 16:05:49 [main] INFO  u.d.tqs.hw1.service.BookingService - Booking 36 status changed from RECEIVED to IN_PROGRESS for citizen Test Person
2025-11-02 16:05:49 [main] INFO  u.d.tqs.hw1.service.BookingService - Updating booking 37 status to IN_PROGRESS
2025-11-02 16:05:49 [main] INFO  u.d.tqs.hw1.service.BookingService - Booking 37 status changed from RECEIVED to IN_PROGRESS for citizen Test Person
2025-11-02 16:05:49 [main] INFO  u.d.tqs.hw1.service.BookingService - Updating booking 38 status to IN_PROGRESS
2025-11-02 16:05:49 [main] INFO  u.d.tqs.hw1.service.BookingService - Booking 38 status changed from RECEIVED to IN_PROGRESS for citizen Test Person
2025-11-02 16:05:49 [main] INFO  u.d.tqs.hw1.service.BookingService - Updating booking 39 status to IN_PROGRESS
2025-11-02 16:05:49 [main] INFO  u.d.tqs.hw1.service.BookingService - Booking 39 status changed from RECEIVED to IN_PROGRESS for citizen Test Person
2025-11-02 16:05:49 [main] INFO  u.d.tqs.hw1.service.BookingService - Updating booking 40 status to IN_PROGRESS
2025-11-02 16:05:49 [main] INFO  u.d.tqs.hw1.service.BookingService - Booking 40 status changed from RECEIVED to IN_PROGRESS for citizen Test Person
2025-11-02 16:05:49 [main] INFO  u.d.tqs.hw1.service.BookingService - Updating booking 41 status to IN_PROGRESS
2025-11-02 16:05:49 [main] INFO  u.d.tqs.hw1.service.BookingService - Booking 41 status changed from RECEIVED to IN_PROGRESS for citizen Test Person
2025-11-02 16:05:49 [main] INFO  u.d.tqs.hw1.service.BookingService - Updating booking 42 status to IN_PROGRESS
2025-11-02 16:05:49 [main] INFO  u.d.tqs.hw1.service.BookingService - Booking 42 status changed from RECEIVED to IN_PROGRESS for citizen Test Person
2025-11-02 16:05:49 [main] INFO  u.d.tqs.hw1.service.BookingService - Updating booking 43 status to IN_PROGRESS
2025-11-02 16:05:49 [main] INFO  u.d.tqs.hw1.service.BookingService - Booking 43 status changed from RECEIVED to IN_PROGRESS for citizen Test Person
2025-11-02 16:05:49 [main] INFO  u.d.tqs.hw1.service.BookingService - Updating booking 44 status to IN_PROGRESS
2025-11-02 16:05:49 [main] INFO  u.d.tqs.hw1.service.BookingService - Booking 44 status changed from RECEIVED to IN_PROGRESS for citizen Test Person
2025-11-02 16:05:49 [main] INFO  u.d.tqs.hw1.service.BookingService - Updating booking 45 status to IN_PROGRESS
2025-11-02 16:05:49 [main] INFO  u.d.tqs.hw1.service.BookingService - Booking 45 status changed from RECEIVED to IN_PROGRESS for citizen Test Person
2025-11-02 16:05:49 [main] INFO  u.d.tqs.hw1.service.BookingService - Updating booking 46 status to IN_PROGRESS
2025-11-02 16:05:49 [main] INFO  u.d.tqs.hw1.service.BookingService - Booking 46 status changed from RECEIVED to IN_PROGRESS for citizen Test Person
2025-11-02 16:05:49 [main] INFO  u.d.tqs.hw1.service.BookingService - Updating booking 47 status to IN_PROGRESS
2025-11-02 16:05:49 [main] INFO  u.d.tqs.hw1.service.BookingService - Booking 47 status changed from RECEIVED to IN_PROGRESS for citizen Test Person
2025-11-02 16:05:49 [main] INFO  u.d.tqs.hw1.service.BookingService - Updating booking 48 status to IN_PROGRESS
2025-11-02 16:05:49 [main] INFO  u.d.tqs.hw1.service.BookingService - Booking 48 status changed from RECEIVED to IN_PROGRESS for citizen Test Person
2025-11-02 16:05:49 [main] INFO  u.d.tqs.hw1.service.BookingService - Updating booking 49 status to IN_PROGRESS
2025-11-02 16:05:49 [main] INFO  u.d.tqs.hw1.service.BookingService - Booking 49 status changed from RECEIVED to IN_PROGRESS for citizen Test Person
2025-11-02 16:05:49 [main] INFO  u.d.tqs.hw1.service.BookingService - BookingService initialized
2025-11-02 16:05:49 [main] INFO  u.d.tqs.hw1.service.BookingService - BookingService initialized
2025-11-02 16:05:49 [main] INFO  u.d.tqs.hw1.service.BookingService - BookingService initialized
2025-11-02 16:05:49 [main] INFO  u.d.tqs.hw1.service.BookingService - BookingService initialized
2025-11-02 16:05:49 [main] INFO  u.d.tqs.hw1.service.BookingService - BookingService initialized
2025-11-02 16:05:49 [main] INFO  u.d.tqs.hw1.service.BookingService - Creating new booking for John Doe in Aveiro on 2025-11-03 at slot 0
2025-11-02 16:05:49 [main] INFO  u.d.tqs.hw1.service.BookingService - Booking created successfully with token: 06c077cc for John Doe
2025-11-02 16:05:49 [main] INFO  u.d.tqs.hw1.service.BookingService - Creating new booking for John Doe in Aveiro on 2025-11-03 at slot 1
2025-11-02 16:05:49 [main] INFO  u.d.tqs.hw1.service.BookingService - Booking created successfully with token: 06c077cc for John Doe
2025-11-02 16:05:49 [main] INFO  u.d.tqs.hw1.service.BookingService - Creating new booking for John Doe in Aveiro on 2025-11-03 at slot 2
2025-11-02 16:05:49 [main] INFO  u.d.tqs.hw1.service.BookingService - Booking created successfully with token: 06c077cc for John Doe
2025-11-02 16:05:49 [main] INFO  u.d.tqs.hw1.service.BookingService - Creating new booking for John Doe in Aveiro on 2025-11-03 at slot 3
2025-11-02 16:05:49 [main] INFO  u.d.tqs.hw1.service.BookingService - Booking created successfully with token: 06c077cc for John Doe
2025-11-02 16:05:49 [main] INFO  u.d.tqs.hw1.service.BookingService - Creating new booking for John Doe in Aveiro on 2025-11-03 at slot 4
2025-11-02 16:05:49 [main] INFO  u.d.tqs.hw1.service.BookingService - Booking created successfully with token: 06c077cc for John Doe
2025-11-02 16:05:49 [main] INFO  u.d.tqs.hw1.service.BookingService - Creating new booking for John Doe in Aveiro on 2025-11-03 at slot 5
2025-11-02 16:05:49 [main] INFO  u.d.tqs.hw1.service.BookingService - Booking created successfully with token: 06c077cc for John Doe
2025-11-02 16:05:49 [main] INFO  u.d.tqs.hw1.service.BookingService - Creating new booking for John Doe in Aveiro on 2025-11-03 at slot 6
2025-11-02 16:05:49 [main] INFO  u.d.tqs.hw1.service.BookingService - Booking created successfully with token: 06c077cc for John Doe
2025-11-02 16:05:49 [main] INFO  u.d.tqs.hw1.service.BookingService - Creating new booking for John Doe in Aveiro on 2025-11-03 at slot 7
2025-11-02 16:05:49 [main] INFO  u.d.tqs.hw1.service.BookingService - Booking created successfully with token: 06c077cc for John Doe
2025-11-02 16:05:49 [main] INFO  u.d.tqs.hw1.service.BookingService - Creating new booking for John Doe in Aveiro on 2025-11-03 at slot 8
2025-11-02 16:05:49 [main] INFO  u.d.tqs.hw1.service.BookingService - Booking created successfully with token: 06c077cc for John Doe
2025-11-02 16:05:49 [main] INFO  u.d.tqs.hw1.service.BookingService - Creating new booking for John Doe in Aveiro on 2025-11-03 at slot 0
2025-11-02 16:05:49 [main] INFO  u.d.tqs.hw1.service.BookingService - Booking created successfully with token: 06c077cc for John Doe
2025-11-02 16:05:49 [main] INFO  u.d.tqs.hw1.service.BookingService - Creating new booking for John Doe in Aveiro on 2025-11-03 at slot 1
2025-11-02 16:05:49 [main] INFO  u.d.tqs.hw1.service.BookingService - Booking created successfully with token: 06c077cc for John Doe
2025-11-02 16:05:49 [main] INFO  u.d.tqs.hw1.service.BookingService - Creating new booking for John Doe in Aveiro on 2025-11-03 at slot 2
2025-11-02 16:05:49 [main] INFO  u.d.tqs.hw1.service.BookingService - Booking created successfully with token: 06c077cc for John Doe
2025-11-02 16:05:49 [main] INFO  u.d.tqs.hw1.service.BookingService - Creating new booking for John Doe in Aveiro on 2025-11-03 at slot 3
2025-11-02 16:05:49 [main] INFO  u.d.tqs.hw1.service.BookingService - Booking created successfully with token: 06c077cc for John Doe
2025-11-02 16:05:49 [main] INFO  u.d.tqs.hw1.service.BookingService - Creating new booking for John Doe in Aveiro on 2025-11-03 at slot 4
2025-11-02 16:05:49 [main] INFO  u.d.tqs.hw1.service.BookingService - Booking created successfully with token: 06c077cc for John Doe
2025-11-02 16:05:49 [main] INFO  u.d.tqs.hw1.service.BookingService - Creating new booking for John Doe in Aveiro on 2025-11-03 at slot 5
2025-11-02 16:05:49 [main] INFO  u.d.tqs.hw1.service.BookingService - Booking created successfully with token: 06c077cc for John Doe
2025-11-02 16:05:49 [main] INFO  u.d.tqs.hw1.service.BookingService - Creating new booking for John Doe in Aveiro on 2025-11-03 at slot 6
2025-11-02 16:05:49 [main] INFO  u.d.tqs.hw1.service.BookingService - Booking created successfully with token: 06c077cc for John Doe
2025-11-02 16:05:49 [main] INFO  u.d.tqs.hw1.service.BookingService - Creating new booking for John Doe in Aveiro on 2025-11-03 at slot 7
2025-11-02 16:05:49 [main] INFO  u.d.tqs.hw1.service.BookingService - Booking created successfully with token: 06c077cc for John Doe
2025-11-02 16:05:49 [main] INFO  u.d.tqs.hw1.service.BookingService - Creating new booking for John Doe in Aveiro on 2025-11-03 at slot 8
2025-11-02 16:05:49 [main] INFO  u.d.tqs.hw1.service.BookingService - Booking created successfully with token: 06c077cc for John Doe
2025-11-02 16:05:49 [main] INFO  u.d.tqs.hw1.service.BookingService - Creating new booking for John Doe in Aveiro on 2025-11-03 at slot 0
2025-11-02 16:05:49 [main] INFO  u.d.tqs.hw1.service.BookingService - Booking created successfully with token: 06c077cc for John Doe
2025-11-02 16:05:49 [main] INFO  u.d.tqs.hw1.service.BookingService - Creating new booking for John Doe in Aveiro on 2025-11-03 at slot 1
2025-11-02 16:05:49 [main] INFO  u.d.tqs.hw1.service.BookingService - Booking created successfully with token: 06c077cc for John Doe
2025-11-02 16:05:49 [main] INFO  u.d.tqs.hw1.service.BookingService - Creating new booking for John Doe in Aveiro on 2025-11-03 at slot 2
2025-11-02 16:05:49 [main] INFO  u.d.tqs.hw1.service.BookingService - Booking created successfully with token: 06c077cc for John Doe
2025-11-02 16:05:49 [main] INFO  u.d.tqs.hw1.service.BookingService - Creating new booking for John Doe in Aveiro on 2025-11-03 at slot 3
2025-11-02 16:05:49 [main] INFO  u.d.tqs.hw1.service.BookingService - Booking created successfully with token: 06c077cc for John Doe
2025-11-02 16:05:49 [main] INFO  u.d.tqs.hw1.service.BookingService - Creating new booking for John Doe in Aveiro on 2025-11-03 at slot 4
2025-11-02 16:05:49 [main] INFO  u.d.tqs.hw1.service.BookingService - Booking created successfully with token: 06c077cc for John Doe
2025-11-02 16:05:49 [main] INFO  u.d.tqs.hw1.service.BookingService - Creating new booking for John Doe in Aveiro on 2025-11-03 at slot 5
2025-11-02 16:05:49 [main] INFO  u.d.tqs.hw1.service.BookingService - Booking created successfully with token: 06c077cc for John Doe
2025-11-02 16:05:49 [main] INFO  u.d.tqs.hw1.service.BookingService - Creating new booking for John Doe in Aveiro on 2025-11-03 at slot 6
2025-11-02 16:05:49 [main] INFO  u.d.tqs.hw1.service.BookingService - Booking created successfully with token: 06c077cc for John Doe
2025-11-02 16:05:49 [main] INFO  u.d.tqs.hw1.service.BookingService - Creating new booking for John Doe in Aveiro on 2025-11-03 at slot 7
2025-11-02 16:05:49 [main] INFO  u.d.tqs.hw1.service.BookingService - Booking created successfully with token: 06c077cc for John Doe
2025-11-02 16:05:49 [main] INFO  u.d.tqs.hw1.service.BookingService - Creating new booking for John Doe in Aveiro on 2025-11-03 at slot 8
2025-11-02 16:05:49 [main] INFO  u.d.tqs.hw1.service.BookingService - Booking created successfully with token: 06c077cc for John Doe
2025-11-02 16:05:49 [main] INFO  u.d.tqs.hw1.service.BookingService - Creating new booking for John Doe in Aveiro on 2025-11-03 at slot 0
2025-11-02 16:05:49 [main] INFO  u.d.tqs.hw1.service.BookingService - Booking created successfully with token: 06c077cc for John Doe
2025-11-02 16:05:49 [main] INFO  u.d.tqs.hw1.service.BookingService - Creating new booking for John Doe in Aveiro on 2025-11-03 at slot 1
2025-11-02 16:05:49 [main] INFO  u.d.tqs.hw1.service.BookingService - Booking created successfully with token: 06c077cc for John Doe
2025-11-02 16:05:49 [main] INFO  u.d.tqs.hw1.service.BookingService - Creating new booking for John Doe in Aveiro on 2025-11-03 at slot 2
2025-11-02 16:05:49 [main] INFO  u.d.tqs.hw1.service.BookingService - Booking created successfully with token: 06c077cc for John Doe
2025-11-02 16:05:49 [main] INFO  u.d.tqs.hw1.service.BookingService - Creating new booking for John Doe in Aveiro on 2025-11-03 at slot 3
2025-11-02 16:05:49 [main] INFO  u.d.tqs.hw1.service.BookingService - Booking created successfully with token: 06c077cc for John Doe
2025-11-02 16:05:49 [main] INFO  u.d.tqs.hw1.service.BookingService - Creating new booking for John Doe in Aveiro on 2025-11-03 at slot 4
2025-11-02 16:05:49 [main] INFO  u.d.tqs.hw1.service.BookingService - Booking created successfully with token: 06c077cc for John Doe
2025-11-02 16:05:49 [main] INFO  u.d.tqs.hw1.service.BookingService - Creating new booking for John Doe in Aveiro on 2025-11-03 at slot 5
2025-11-02 16:05:49 [main] INFO  u.d.tqs.hw1.service.BookingService - Booking created successfully with token: 06c077cc for John Doe
2025-11-02 16:05:49 [main] INFO  u.d.tqs.hw1.service.BookingService - Creating new booking for John Doe in Aveiro on 2025-11-03 at slot 6
2025-11-02 16:05:49 [main] INFO  u.d.tqs.hw1.service.BookingService - Booking created successfully with token: 06c077cc for John Doe
2025-11-02 16:05:49 [main] INFO  u.d.tqs.hw1.service.BookingService - Creating new booking for John Doe in Aveiro on 2025-11-03 at slot 7
2025-11-02 16:05:49 [main] INFO  u.d.tqs.hw1.service.BookingService - Booking created successfully with token: 06c077cc for John Doe
2025-11-02 16:05:49 [main] INFO  u.d.tqs.hw1.service.BookingService - Creating new booking for John Doe in Aveiro on 2025-11-03 at slot 8
2025-11-02 16:05:49 [main] INFO  u.d.tqs.hw1.service.BookingService - Booking created successfully with token: 06c077cc for John Doe
2025-11-02 16:05:49 [main] INFO  u.d.tqs.hw1.service.BookingService - Creating new booking for John Doe in Aveiro on 2025-11-03 at slot 0
2025-11-02 16:05:49 [main] INFO  u.d.tqs.hw1.service.BookingService - Booking created successfully with token: 06c077cc for John Doe
2025-11-02 16:05:49 [main] INFO  u.d.tqs.hw1.service.BookingService - Creating new booking for John Doe in Aveiro on 2025-11-03 at slot 1
2025-11-02 16:05:49 [main] INFO  u.d.tqs.hw1.service.BookingService - Booking created successfully with token: 06c077cc for John Doe
2025-11-02 16:05:49 [main] INFO  u.d.tqs.hw1.service.BookingService - Creating new booking for John Doe in Aveiro on 2025-11-03 at slot 2
2025-11-02 16:05:49 [main] INFO  u.d.tqs.hw1.service.BookingService - Booking created successfully with token: 06c077cc for John Doe
2025-11-02 16:05:49 [main] INFO  u.d.tqs.hw1.service.BookingService - Creating new booking for John Doe in Aveiro on 2025-11-03 at slot 3
2025-11-02 16:05:49 [main] INFO  u.d.tqs.hw1.service.BookingService - Booking created successfully with token: 06c077cc for John Doe
2025-11-02 16:05:49 [main] INFO  u.d.tqs.hw1.service.BookingService - Creating new booking for John Doe in Aveiro on 2025-11-03 at slot 4
2025-11-02 16:05:49 [main] INFO  u.d.tqs.hw1.service.BookingService - Booking created successfully with token: 06c077cc for John Doe
2025-11-02 16:05:49 [main] INFO  u.d.tqs.hw1.service.BookingService - Creating new booking for John Doe in Aveiro on 2025-11-03 at slot 5
2025-11-02 16:05:49 [main] INFO  u.d.tqs.hw1.service.BookingService - Booking created successfully with token: 06c077cc for John Doe
2025-11-02 16:05:49 [main] INFO  u.d.tqs.hw1.service.BookingService - Creating new booking for John Doe in Aveiro on 2025-11-03 at slot 6
2025-11-02 16:05:49 [main] INFO  u.d.tqs.hw1.service.BookingService - Booking created successfully with token: 06c077cc for John Doe
2025-11-02 16:05:49 [main] INFO  u.d.tqs.hw1.service.BookingService - Creating new booking for John Doe in Aveiro on 2025-11-03 at slot 7
2025-11-02 16:05:49 [main] INFO  u.d.tqs.hw1.service.BookingService - Booking created successfully with token: 06c077cc for John Doe
2025-11-02 16:05:49 [main] INFO  u.d.tqs.hw1.service.BookingService - Creating new booking for John Doe in Aveiro on 2025-11-03 at slot 8
2025-11-02 16:05:49 [main] INFO  u.d.tqs.hw1.service.BookingService - Booking created successfully with token: 06c077cc for John Doe
2025-11-02 16:05:49 [main] INFO  u.d.tqs.hw1.service.BookingService - Creating new booking for John Doe in Aveiro on 2025-11-03 at slot 0
2025-11-02 16:05:49 [main] INFO  u.d.tqs.hw1.service.BookingService - Booking created successfully with token: 06c077cc for John Doe
2025-11-02 16:05:49 [main] INFO  u.d.tqs.hw1.service.BookingService - Creating new booking for John Doe in Aveiro on 2025-11-03 at slot 1
2025-11-02 16:05:49 [main] INFO  u.d.tqs.hw1.service.BookingService - Booking created successfully with token: 06c077cc for John Doe
2025-11-02 16:05:49 [main] INFO  u.d.tqs.hw1.service.BookingService - Creating new booking for John Doe in Aveiro on 2025-11-03 at slot 2
2025-11-02 16:05:49 [main] INFO  u.d.tqs.hw1.service.BookingService - Booking created successfully with token: 06c077cc for John Doe
2025-11-02 16:05:49 [main] INFO  u.d.tqs.hw1.service.BookingService - Creating new booking for John Doe in Aveiro on 2025-11-03 at slot 3
2025-11-02 16:05:49 [main] INFO  u.d.tqs.hw1.service.BookingService - Booking created successfully with token: 06c077cc for John Doe
2025-11-02 16:05:49 [main] INFO  u.d.tqs.hw1.service.BookingService - Creating new booking for John Doe in Aveiro on 2025-11-03 at slot 4
2025-11-02 16:05:49 [main] INFO  u.d.tqs.hw1.service.BookingService - Booking created successfully with token: 06c077cc for John Doe
2025-11-02 16:05:49 [main] INFO  u.d.tqs.hw1.service.BookingService - Creating new booking for John Doe in Aveiro on 2025-11-03 at slot 5
2025-11-02 16:05:49 [main] INFO  u.d.tqs.hw1.service.BookingService - Booking created successfully with token: 06c077cc for John Doe
2025-11-02 16:05:49 [main] INFO  u.d.tqs.hw1.service.BookingService - Creating new booking for John Doe in Aveiro on 2025-11-03 at slot 6
2025-11-02 16:05:49 [main] INFO  u.d.tqs.hw1.service.BookingService - Booking created successfully with token: 06c077cc for John Doe
2025-11-02 16:05:49 [main] INFO  u.d.tqs.hw1.service.BookingService - Creating new booking for John Doe in Aveiro on 2025-11-03 at slot 7
2025-11-02 16:05:49 [main] INFO  u.d.tqs.hw1.service.BookingService - Booking created successfully with token: 06c077cc for John Doe
2025-11-02 16:05:49 [main] INFO  u.d.tqs.hw1.service.BookingService - Creating new booking for John Doe in Aveiro on 2025-11-03 at slot 8
2025-11-02 16:05:49 [main] INFO  u.d.tqs.hw1.service.BookingService - Booking created successfully with token: 06c077cc for John Doe
2025-11-02 16:05:49 [main] INFO  u.d.tqs.hw1.service.BookingService - Creating new booking for John Doe in Aveiro on 2025-11-03 at slot 0
2025-11-02 16:05:49 [main] INFO  u.d.tqs.hw1.service.BookingService - Booking created successfully with token: 06c077cc for John Doe
2025-11-02 16:05:49 [main] INFO  u.d.tqs.hw1.service.BookingService - Creating new booking for John Doe in Aveiro on 2025-11-03 at slot 1
2025-11-02 16:05:49 [main] INFO  u.d.tqs.hw1.service.BookingService - Booking created successfully with token: 06c077cc for John Doe
2025-11-02 16:05:49 [main] INFO  u.d.tqs.hw1.service.BookingService - Creating new booking for John Doe in Aveiro on 2025-11-03 at slot 2
2025-11-02 16:05:49 [main] INFO  u.d.tqs.hw1.service.BookingService - Booking created successfully with token: 06c077cc for John Doe
2025-11-02 16:05:49 [main] INFO  u.d.tqs.hw1.service.BookingService - Creating new booking for John Doe in Aveiro on 2025-11-03 at slot 3
2025-11-02 16:05:49 [main] INFO  u.d.tqs.hw1.service.BookingService - Booking created successfully with token: 06c077cc for John Doe
2025-11-02 16:05:49 [main] INFO  u.d.tqs.hw1.service.BookingService - Creating new booking for John Doe in Aveiro on 2025-11-03 at slot 4
2025-11-02 16:05:49 [main] INFO  u.d.tqs.hw1.service.BookingService - Booking created successfully with token: 06c077cc for John Doe
2025-11-02 16:05:49 [main] INFO  u.d.tqs.hw1.service.BookingService - Creating new booking for John Doe in Aveiro on 2025-11-03 at slot 5
2025-11-02 16:05:49 [main] INFO  u.d.tqs.hw1.service.BookingService - Booking created successfully with token: 06c077cc for John Doe
2025-11-02 16:05:49 [main] INFO  u.d.tqs.hw1.service.BookingService - Creating new booking for John Doe in Aveiro on 2025-11-03 at slot 6
2025-11-02 16:05:49 [main] INFO  u.d.tqs.hw1.service.BookingService - Booking created successfully with token: 06c077cc for John Doe
2025-11-02 16:05:49 [main] INFO  u.d.tqs.hw1.service.BookingService - Creating new booking for John Doe in Aveiro on 2025-11-03 at slot 7
2025-11-02 16:05:49 [main] INFO  u.d.tqs.hw1.service.BookingService - Booking created successfully with token: 06c077cc for John Doe
2025-11-02 16:05:49 [main] INFO  u.d.tqs.hw1.service.BookingService - Creating new booking for John Doe in Aveiro on 2025-11-03 at slot 8
2025-11-02 16:05:49 [main] INFO  u.d.tqs.hw1.service.BookingService - Booking created successfully with token: 06c077cc for John Doe
2025-11-02 16:05:49 [main] INFO  u.d.tqs.hw1.service.BookingService - Creating new booking for John Doe in Aveiro on 2025-11-03 at slot 0
2025-11-02 16:05:49 [main] INFO  u.d.tqs.hw1.service.BookingService - Booking created successfully with token: 06c077cc for John Doe
2025-11-02 16:05:49 [main] INFO  u.d.tqs.hw1.service.BookingService - Creating new booking for John Doe in Aveiro on 2025-11-03 at slot 1
2025-11-02 16:05:49 [main] INFO  u.d.tqs.hw1.service.BookingService - Booking created successfully with token: 06c077cc for John Doe
2025-11-02 16:05:49 [main] INFO  u.d.tqs.hw1.service.BookingService - Creating new booking for John Doe in Aveiro on 2025-11-03 at slot 2
2025-11-02 16:05:49 [main] INFO  u.d.tqs.hw1.service.BookingService - Booking created successfully with token: 06c077cc for John Doe
2025-11-02 16:05:49 [main] INFO  u.d.tqs.hw1.service.BookingService - Creating new booking for John Doe in Aveiro on 2025-11-03 at slot 3
2025-11-02 16:05:49 [main] INFO  u.d.tqs.hw1.service.BookingService - Booking created successfully with token: 06c077cc for John Doe
2025-11-02 16:05:49 [main] INFO  u.d.tqs.hw1.service.BookingService - Creating new booking for John Doe in Aveiro on 2025-11-03 at slot 4
2025-11-02 16:05:49 [main] INFO  u.d.tqs.hw1.service.BookingService - Booking created successfully with token: 06c077cc for John Doe
2025-11-02 16:05:49 [main] INFO  u.d.tqs.hw1.service.BookingService - Creating new booking for John Doe in Aveiro on 2025-11-03 at slot 5
2025-11-02 16:05:49 [main] INFO  u.d.tqs.hw1.service.BookingService - Booking created successfully with token: 06c077cc for John Doe
2025-11-02 16:05:49 [main] INFO  u.d.tqs.hw1.service.BookingService - Creating new booking for John Doe in Aveiro on 2025-11-03 at slot 6
2025-11-02 16:05:49 [main] INFO  u.d.tqs.hw1.service.BookingService - Booking created successfully with token: 06c077cc for John Doe
2025-11-02 16:05:49 [main] INFO  u.d.tqs.hw1.service.BookingService - Creating new booking for John Doe in Aveiro on 2025-11-03 at slot 7
2025-11-02 16:05:49 [main] INFO  u.d.tqs.hw1.service.BookingService - Booking created successfully with token: 06c077cc for John Doe
2025-11-02 16:05:49 [main] INFO  u.d.tqs.hw1.service.BookingService - Creating new booking for John Doe in Aveiro on 2025-11-03 at slot 8
2025-11-02 16:05:49 [main] INFO  u.d.tqs.hw1.service.BookingService - Booking created successfully with token: 06c077cc for John Doe
2025-11-02 16:05:49 [main] INFO  u.d.tqs.hw1.service.BookingService - Creating new booking for John Doe in Aveiro on 2025-11-03 at slot 0
2025-11-02 16:05:49 [main] INFO  u.d.tqs.hw1.service.BookingService - Booking created successfully with token: 06c077cc for John Doe
2025-11-02 16:05:49 [main] INFO  u.d.tqs.hw1.service.BookingService - Creating new booking for John Doe in Aveiro on 2025-11-03 at slot 1
2025-11-02 16:05:49 [main] INFO  u.d.tqs.hw1.service.BookingService - Booking created successfully with token: 06c077cc for John Doe
2025-11-02 16:05:49 [main] INFO  u.d.tqs.hw1.service.BookingService - Creating new booking for John Doe in Aveiro on 2025-11-03 at slot 2
2025-11-02 16:05:49 [main] INFO  u.d.tqs.hw1.service.BookingService - Booking created successfully with token: 06c077cc for John Doe
2025-11-02 16:05:49 [main] INFO  u.d.tqs.hw1.service.BookingService - Creating new booking for John Doe in Aveiro on 2025-11-03 at slot 3
2025-11-02 16:05:49 [main] INFO  u.d.tqs.hw1.service.BookingService - Booking created successfully with token: 06c077cc for John Doe
2025-11-02 16:05:49 [main] INFO  u.d.tqs.hw1.service.BookingService - Creating new booking for John Doe in Aveiro on 2025-11-03 at slot 4
2025-11-02 16:05:49 [main] INFO  u.d.tqs.hw1.service.BookingService - Booking created successfully with token: 06c077cc for John Doe
2025-11-02 16:05:49 [main] INFO  u.d.tqs.hw1.service.BookingService - Creating new booking for John Doe in Aveiro on 2025-11-03 at slot 5
2025-11-02 16:05:49 [main] INFO  u.d.tqs.hw1.service.BookingService - Booking created successfully with token: 06c077cc for John Doe
2025-11-02 16:05:49 [main] INFO  u.d.tqs.hw1.service.BookingService - Creating new booking for John Doe in Aveiro on 2025-11-03 at slot 6
2025-11-02 16:05:49 [main] INFO  u.d.tqs.hw1.service.BookingService - Booking created successfully with token: 06c077cc for John Doe
2025-11-02 16:05:49 [main] INFO  u.d.tqs.hw1.service.BookingService - Creating new booking for John Doe in Aveiro on 2025-11-03 at slot 7
2025-11-02 16:05:49 [main] INFO  u.d.tqs.hw1.service.BookingService - Booking created successfully with token: 06c077cc for John Doe
2025-11-02 16:05:49 [main] INFO  u.d.tqs.hw1.service.BookingService - Creating new booking for John Doe in Aveiro on 2025-11-03 at slot 8
2025-11-02 16:05:49 [main] INFO  u.d.tqs.hw1.service.BookingService - Booking created successfully with token: 06c077cc for John Doe
2025-11-02 16:05:49 [main] INFO  u.d.tqs.hw1.service.BookingService - Creating new booking for John Doe in Aveiro on 2025-11-03 at slot 0
2025-11-02 16:05:49 [main] INFO  u.d.tqs.hw1.service.BookingService - Booking created successfully with token: 06c077cc for John Doe
2025-11-02 16:05:49 [main] INFO  u.d.tqs.hw1.service.BookingService - Creating new booking for John Doe in Aveiro on 2025-11-03 at slot 1
2025-11-02 16:05:49 [main] INFO  u.d.tqs.hw1.service.BookingService - Booking created successfully with token: 06c077cc for John Doe
2025-11-02 16:05:49 [main] INFO  u.d.tqs.hw1.service.BookingService - Creating new booking for John Doe in Aveiro on 2025-11-03 at slot 2
2025-11-02 16:05:49 [main] INFO  u.d.tqs.hw1.service.BookingService - Booking created successfully with token: 06c077cc for John Doe
2025-11-02 16:05:49 [main] INFO  u.d.tqs.hw1.service.BookingService - Creating new booking for John Doe in Aveiro on 2025-11-03 at slot 3
2025-11-02 16:05:49 [main] INFO  u.d.tqs.hw1.service.BookingService - Booking created successfully with token: 06c077cc for John Doe
2025-11-02 16:05:49 [main] INFO  u.d.tqs.hw1.service.BookingService - Creating new booking for John Doe in Aveiro on 2025-11-03 at slot 4
2025-11-02 16:05:49 [main] INFO  u.d.tqs.hw1.service.BookingService - Booking created successfully with token: 06c077cc for John Doe
2025-11-02 16:05:49 [main] INFO  u.d.tqs.hw1.service.BookingService - Creating new booking for John Doe in Aveiro on 2025-11-03 at slot 5
2025-11-02 16:05:49 [main] INFO  u.d.tqs.hw1.service.BookingService - Booking created successfully with token: 06c077cc for John Doe
2025-11-02 16:05:49 [main] INFO  u.d.tqs.hw1.service.BookingService - Creating new booking for John Doe in Aveiro on 2025-11-03 at slot 6
2025-11-02 16:05:49 [main] INFO  u.d.tqs.hw1.service.BookingService - Booking created successfully with token: 06c077cc for John Doe
2025-11-02 16:05:49 [main] INFO  u.d.tqs.hw1.service.BookingService - Creating new booking for John Doe in Aveiro on 2025-11-03 at slot 7
2025-11-02 16:05:49 [main] INFO  u.d.tqs.hw1.service.BookingService - Booking created successfully with token: 06c077cc for John Doe
2025-11-02 16:05:49 [main] INFO  u.d.tqs.hw1.service.BookingService - Creating new booking for John Doe in Aveiro on 2025-11-03 at slot 8
2025-11-02 16:05:49 [main] INFO  u.d.tqs.hw1.service.BookingService - Booking created successfully with token: 06c077cc for John Doe
2025-11-02 16:05:49 [main] INFO  u.d.tqs.hw1.service.BookingService - Creating new booking for John Doe in Aveiro on 2025-11-03 at slot 0
2025-11-02 16:05:49 [main] INFO  u.d.tqs.hw1.service.BookingService - Booking created successfully with token: 06c077cc for John Doe
2025-11-02 16:05:49 [main] INFO  u.d.tqs.hw1.service.BookingService - Creating new booking for John Doe in Aveiro on 2025-11-03 at slot 1
2025-11-02 16:05:49 [main] INFO  u.d.tqs.hw1.service.BookingService - Booking created successfully with token: 06c077cc for John Doe
2025-11-02 16:05:49 [main] INFO  u.d.tqs.hw1.service.BookingService - Creating new booking for John Doe in Aveiro on 2025-11-03 at slot 2
2025-11-02 16:05:49 [main] INFO  u.d.tqs.hw1.service.BookingService - Booking created successfully with token: 06c077cc for John Doe
2025-11-02 16:05:49 [main] INFO  u.d.tqs.hw1.service.BookingService - Creating new booking for John Doe in Aveiro on 2025-11-03 at slot 3
2025-11-02 16:05:49 [main] INFO  u.d.tqs.hw1.service.BookingService - Booking created successfully with token: 06c077cc for John Doe
2025-11-02 16:05:49 [main] INFO  u.d.tqs.hw1.service.BookingService - Creating new booking for John Doe in Aveiro on 2025-11-03 at slot 4
2025-11-02 16:05:49 [main] INFO  u.d.tqs.hw1.service.BookingService - Booking created successfully with token: 06c077cc for John Doe
2025-11-02 16:05:49 [main] INFO  u.d.tqs.hw1.service.BookingService - Creating new booking for John Doe in Aveiro on 2025-11-03 at slot 5
2025-11-02 16:05:49 [main] INFO  u.d.tqs.hw1.service.BookingService - Booking created successfully with token: 06c077cc for John Doe
2025-11-02 16:05:49 [main] INFO  u.d.tqs.hw1.service.BookingService - Creating new booking for John Doe in Aveiro on 2025-11-03 at slot 6
2025-11-02 16:05:49 [main] INFO  u.d.tqs.hw1.service.BookingService - Booking created successfully with token: 06c077cc for John Doe
2025-11-02 16:05:49 [main] INFO  u.d.tqs.hw1.service.BookingService - Creating new booking for John Doe in Aveiro on 2025-11-03 at slot 7
2025-11-02 16:05:49 [main] INFO  u.d.tqs.hw1.service.BookingService - Booking created successfully with token: 06c077cc for John Doe
2025-11-02 16:05:49 [main] INFO  u.d.tqs.hw1.service.BookingService - Creating new booking for John Doe in Aveiro on 2025-11-03 at slot 8
2025-11-02 16:05:49 [main] INFO  u.d.tqs.hw1.service.BookingService - Booking created successfully with token: 06c077cc for John Doe
2025-11-02 16:05:49 [main] INFO  u.d.tqs.hw1.service.BookingService - Creating new booking for John Doe in Aveiro on 2025-11-03 at slot 0
2025-11-02 16:05:49 [main] INFO  u.d.tqs.hw1.service.BookingService - Booking created successfully with token: 06c077cc for John Doe
2025-11-02 16:05:49 [SpringApplicationShutdownHook] INFO  o.s.o.j.LocalContainerEntityManagerFactoryBean - Closing JPA EntityManagerFactory for persistence unit 'default'
2025-11-02 16:05:49 [SpringApplicationShutdownHook] INFO  com.zaxxer.hikari.HikariDataSource - HikariPool-1 - Shutdown initiated...
2025-11-02 16:05:49 [SpringApplicationShutdownHook] INFO  com.zaxxer.hikari.HikariDataSource - HikariPool-1 - Shutdown completed.
2025-11-02 16:05:49 [SpringApplicationShutdownHook] INFO  o.s.b.w.e.tomcat.GracefulShutdown - Commencing graceful shutdown. Waiting for active requests to complete
2025-11-02 16:05:49 [tomcat-shutdown] INFO  o.s.b.w.e.tomcat.GracefulShutdown - Graceful shutdown complete
2025-11-02 16:05:49 [SpringApplicationShutdownHook] INFO  o.s.o.j.LocalContainerEntityManagerFactoryBean - Closing JPA EntityManagerFactory for persistence unit 'default'
2025-11-02 16:05:49 [SpringApplicationShutdownHook] INFO  com.zaxxer.hikari.HikariDataSource - HikariPool-2 - Shutdown initiated...
2025-11-02 16:05:49 [SpringApplicationShutdownHook] INFO  com.zaxxer.hikari.HikariDataSource - HikariPool-2 - Shutdown completed.
2025-11-02 16:12:01 [main] INFO  u.d.t.h.c.MunicipalityControllerTest - Starting MunicipalityControllerTest using Java 21.0.8 with PID 232748 (started by duarte in /home/duarte/doc/Personal/UA/3ºAno/TQS/P/ZeroMonos)
2025-11-02 16:12:01 [main] INFO  u.d.t.h.c.MunicipalityControllerTest - No active profile set, falling back to 1 default profile: "default"
2025-11-02 16:12:02 [main] INFO  o.s.d.r.c.RepositoryConfigurationDelegate - Bootstrapping Spring Data JPA repositories in DEFAULT mode.
2025-11-02 16:12:02 [main] INFO  o.s.d.r.c.RepositoryConfigurationDelegate - Finished Spring Data repository scanning in 44 ms. Found 1 JPA repository interface.
2025-11-02 16:12:02 [main] INFO  o.h.jpa.internal.util.LogHelper - HHH000204: Processing PersistenceUnitInfo [name: default]
2025-11-02 16:12:02 [main] INFO  org.hibernate.Version - HHH000412: Hibernate ORM core version 6.6.29.Final
2025-11-02 16:12:02 [main] INFO  o.h.c.i.RegionFactoryInitiator - HHH000026: Second-level cache disabled
2025-11-02 16:12:03 [main] INFO  o.s.o.j.p.SpringPersistenceUnitInfo - No LoadTimeWeaver setup: ignoring JPA class transformer
2025-11-02 16:12:03 [main] INFO  com.zaxxer.hikari.HikariDataSource - HikariPool-1 - Starting...
2025-11-02 16:12:03 [main] INFO  com.zaxxer.hikari.pool.HikariPool - HikariPool-1 - Added connection org.postgresql.jdbc.PgConnection@4e0e9fc1
2025-11-02 16:12:03 [main] INFO  com.zaxxer.hikari.HikariDataSource - HikariPool-1 - Start completed.
2025-11-02 16:12:03 [main] WARN  org.hibernate.orm.deprecation - HHH90000025: PostgreSQLDialect does not need to be specified explicitly using 'hibernate.dialect' (remove the property setting and it will be selected by default)
2025-11-02 16:12:03 [main] INFO  o.hibernate.orm.connections.pooling - HHH10001005: Database info:
	Database JDBC URL [Connecting through datasource 'HikariDataSource (HikariPool-1)']
	Database driver: undefined/unknown
	Database version: 18.0
	Autocommit mode: undefined/unknown
	Isolation level: undefined/unknown
	Minimum pool size: undefined/unknown
	Maximum pool size: undefined/unknown
2025-11-02 16:12:04 [main] INFO  o.h.e.t.j.p.i.JtaPlatformInitiator - HHH000489: No JTA platform available (set 'hibernate.transaction.jta.platform' to enable JTA platform integration)
2025-11-02 16:12:04 [main] INFO  o.s.o.j.LocalContainerEntityManagerFactoryBean - Initialized JPA EntityManagerFactory for persistence unit 'default'
2025-11-02 16:12:04 [main] INFO  o.s.d.j.r.query.QueryEnhancerFactory - Hibernate is in classpath; If applicable, HQL parser will be used.
2025-11-02 16:12:05 [main] INFO  u.d.tqs.hw1.service.BookingService - BookingService initialized
2025-11-02 16:12:05 [main] WARN  o.s.b.a.o.j.JpaBaseConfiguration$JpaWebConfiguration - spring.jpa.open-in-view is enabled by default. Therefore, database queries may be performed during view rendering. Explicitly configure spring.jpa.open-in-view to disable this warning
2025-11-02 16:12:05 [main] INFO  o.s.b.a.w.s.WelcomePageHandlerMapping - Adding welcome page template: index
2025-11-02 16:12:06 [main] INFO  o.s.b.t.m.w.SpringBootMockServletContext - Initializing Spring TestDispatcherServlet ''
2025-11-02 16:12:06 [main] INFO  o.s.t.w.s.TestDispatcherServlet - Initializing Servlet ''
2025-11-02 16:12:06 [main] INFO  o.s.t.w.s.TestDispatcherServlet - Completed initialization in 0 ms
2025-11-02 16:12:06 [main] INFO  u.d.t.h.c.MunicipalityControllerTest - Started MunicipalityControllerTest in 4.996 seconds (process running for 7.827)
2025-11-02 16:12:07 [main] INFO  o.s.t.c.s.AnnotationConfigContextLoaderUtils - Could not detect default configuration classes for test class [ua.deti.tqs.hw1.controller.BookingControllerTest]: BookingControllerTest does not declare any static, non-private, non-final, nested classes annotated with @Configuration.
2025-11-02 16:12:07 [main] INFO  o.s.b.t.c.SpringBootTestContextBootstrapper - Found @SpringBootConfiguration ua.deti.tqs.hw1.ZeroMonosApplication for test class ua.deti.tqs.hw1.controller.BookingControllerTest
2025-11-02 16:12:07 [main] INFO  u.d.tqs.hw1.service.BookingService - Deleting booking with ID: 509
2025-11-02 16:12:07 [main] INFO  u.d.tqs.hw1.service.BookingService - Booking 509 deleted successfully
2025-11-02 16:12:07 [main] INFO  u.d.tqs.hw1.service.BookingService - Creating new booking for Jane Smith in Aveiro on 2025-11-03 at slot 2
2025-11-02 16:12:07 [main] WARN  u.d.tqs.hw1.service.BookingService - Booking creation failed: Time slot 2 on 2025-11-03 already occupied in Aveiro
2025-11-02 16:12:07 [main] INFO  u.d.tqs.hw1.service.BookingService - Creating new booking for John Doe in Aveiro on 2025-11-01 at slot 2
2025-11-02 16:12:07 [main] WARN  u.d.tqs.hw1.service.BookingService - Booking creation failed: Invalid date 2025-11-01 for John Doe
2025-11-02 16:12:07 [main] WARN  o.s.w.s.m.s.DefaultHandlerExceptionResolver - Resolved [org.springframework.web.bind.MethodArgumentNotValidException: Validation failed for argument [0] in public org.springframework.http.ResponseEntity<java.lang.Object> ua.deti.tqs.hw1.controller.BookingController.create(ua.deti.tqs.hw1.model.Booking): [Field error in object 'booking' on field 'citizenName': rejected value [john]; codes [Pattern.booking.citizenName,Pattern.citizenName,Pattern.java.lang.String,Pattern]; arguments [org.springframework.context.support.DefaultMessageSourceResolvable: codes [booking.citizenName,citizenName]; arguments []; default message [citizenName],[Ljakarta.validation.constraints.Pattern$Flag;@306c7427,^[A-Z][a-z]+(?: [A-Z][a-z]+)*$]; default message [Name must have at least two words, each starting with uppercase letter, letters only]] ]
2025-11-02 16:12:07 [main] WARN  o.s.w.s.m.s.DefaultHandlerExceptionResolver - Resolved [org.springframework.web.bind.MethodArgumentNotValidException: Validation failed for argument [0] in public org.springframework.http.ResponseEntity<java.lang.Object> ua.deti.tqs.hw1.controller.BookingController.create(ua.deti.tqs.hw1.model.Booking): [Field error in object 'booking' on field 'description': rejected value [TV]; codes [Size.booking.description,Size.description,Size.java.lang.String,Size]; arguments [org.springframework.context.support.DefaultMessageSourceResolvable: codes [booking.description,description]; arguments []; default message [description],2147483647,4]; default message [Description must have at least 4 characters]] ]
2025-11-02 16:12:07 [main] INFO  u.d.tqs.hw1.service.BookingService - Updating booking 513 status to CANCELLED
2025-11-02 16:12:07 [main] INFO  u.d.tqs.hw1.service.BookingService - Booking 513 status changed from RECEIVED to CANCELLED for citizen John Doe
2025-11-02 16:12:07 [main] INFO  u.d.tqs.hw1.service.BookingService - Time slot 11:00 on 2025-11-03 for Aveiro is now available (booking 513 cancelled)
2025-11-02 16:12:07 [main] INFO  u.d.tqs.hw1.service.BookingService - Creating new booking for John Doe in Aveiro on 2025-11-03 at slot 2
2025-11-02 16:12:07 [main] INFO  u.d.tqs.hw1.service.BookingService - Booking created successfully with token: 02c44e7a for John Doe
2025-11-02 16:12:07 [main] INFO  u.d.tqs.hw1.service.BookingService - Updating booking 517 status to IN_PROGRESS
2025-11-02 16:12:07 [main] INFO  u.d.tqs.hw1.service.BookingService - Booking 517 status changed from RECEIVED to IN_PROGRESS for citizen John Doe
2025-11-02 16:12:07 [main] INFO  o.s.t.c.s.AnnotationConfigContextLoaderUtils - Could not detect default configuration classes for test class [ua.deti.tqs.hw1.functional.FunctionalSeleniumTest]: FunctionalSeleniumTest does not declare any static, non-private, non-final, nested classes annotated with @Configuration.
2025-11-02 16:12:07 [main] INFO  o.s.b.t.c.SpringBootTestContextBootstrapper - Found @SpringBootConfiguration ua.deti.tqs.hw1.ZeroMonosApplication for test class ua.deti.tqs.hw1.functional.FunctionalSeleniumTest
2025-11-02 16:12:07 [main] INFO  o.s.b.d.r.RestartApplicationListener - Restart disabled due to context in which it is running
2025-11-02 16:12:07 [main] INFO  u.d.t.h.f.FunctionalSeleniumTest - Starting FunctionalSeleniumTest using Java 21.0.8 with PID 232748 (started by duarte in /home/duarte/doc/Personal/UA/3ºAno/TQS/P/ZeroMonos)
2025-11-02 16:12:07 [main] INFO  u.d.t.h.f.FunctionalSeleniumTest - No active profile set, falling back to 1 default profile: "default"
2025-11-02 16:12:08 [main] INFO  o.s.d.r.c.RepositoryConfigurationDelegate - Bootstrapping Spring Data JPA repositories in DEFAULT mode.
2025-11-02 16:12:08 [main] INFO  o.s.d.r.c.RepositoryConfigurationDelegate - Finished Spring Data repository scanning in 8 ms. Found 1 JPA repository interface.
2025-11-02 16:12:08 [main] INFO  o.s.b.w.e.tomcat.TomcatWebServer - Tomcat initialized with port 0 (http)
2025-11-02 16:12:08 [main] INFO  o.a.catalina.core.StandardService - Starting service [Tomcat]
2025-11-02 16:12:08 [main] INFO  o.a.catalina.core.StandardEngine - Starting Servlet engine: [Apache Tomcat/10.1.46]
2025-11-02 16:12:08 [main] INFO  o.a.c.c.C.[Tomcat].[localhost].[/] - Initializing Spring embedded WebApplicationContext
2025-11-02 16:12:08 [main] INFO  o.s.b.w.s.c.ServletWebServerApplicationContext - Root WebApplicationContext: initialization completed in 426 ms
2025-11-02 16:12:08 [main] INFO  o.h.jpa.internal.util.LogHelper - HHH000204: Processing PersistenceUnitInfo [name: default]
2025-11-02 16:12:08 [main] INFO  o.h.c.i.RegionFactoryInitiator - HHH000026: Second-level cache disabled
2025-11-02 16:12:08 [main] INFO  o.s.o.j.p.SpringPersistenceUnitInfo - No LoadTimeWeaver setup: ignoring JPA class transformer
2025-11-02 16:12:08 [main] INFO  com.zaxxer.hikari.HikariDataSource - HikariPool-2 - Starting...
2025-11-02 16:12:08 [main] INFO  com.zaxxer.hikari.pool.HikariPool - HikariPool-2 - Added connection org.postgresql.jdbc.PgConnection@49ffc475
2025-11-02 16:12:08 [main] INFO  com.zaxxer.hikari.HikariDataSource - HikariPool-2 - Start completed.
2025-11-02 16:12:08 [main] WARN  org.hibernate.orm.deprecation - HHH90000025: PostgreSQLDialect does not need to be specified explicitly using 'hibernate.dialect' (remove the property setting and it will be selected by default)
2025-11-02 16:12:08 [main] INFO  o.hibernate.orm.connections.pooling - HHH10001005: Database info:
	Database JDBC URL [Connecting through datasource 'HikariDataSource (HikariPool-2)']
	Database driver: undefined/unknown
	Database version: 18.0
	Autocommit mode: undefined/unknown
	Isolation level: undefined/unknown
	Minimum pool size: undefined/unknown
	Maximum pool size: undefined/unknown
2025-11-02 16:12:08 [main] INFO  o.h.e.t.j.p.i.JtaPlatformInitiator - HHH000489: No JTA platform available (set 'hibernate.transaction.jta.platform' to enable JTA platform integration)
2025-11-02 16:12:08 [main] INFO  o.s.o.j.LocalContainerEntityManagerFactoryBean - Initialized JPA EntityManagerFactory for persistence unit 'default'
2025-11-02 16:12:08 [main] INFO  u.d.tqs.hw1.service.BookingService - BookingService initialized
2025-11-02 16:12:08 [main] WARN  o.s.b.a.o.j.JpaBaseConfiguration$JpaWebConfiguration - spring.jpa.open-in-view is enabled by default. Therefore, database queries may be performed during view rendering. Explicitly configure spring.jpa.open-in-view to disable this warning
2025-11-02 16:12:08 [main] INFO  o.s.b.a.w.s.WelcomePageHandlerMapping - Adding welcome page template: index
2025-11-02 16:12:08 [main] INFO  o.s.b.w.e.tomcat.TomcatWebServer - Tomcat started on port 40153 (http) with context path '/'
2025-11-02 16:12:08 [main] INFO  u.d.t.h.f.FunctionalSeleniumTest - Started FunctionalSeleniumTest in 0.841 seconds (process running for 10.402)
2025-11-02 16:12:08 [main] INFO  i.g.bonigarcia.wdm.WebDriverManager - Using geckodriver 0.36.0 (resolved driver for Firefox 144)
2025-11-02 16:12:08 [main] INFO  i.g.bonigarcia.wdm.WebDriverManager - Exporting webdriver.gecko.driver as /home/duarte/.cache/selenium/geckodriver/linux64/0.36.0/geckodriver
2025-11-02 16:12:10 [http-nio-auto-1-exec-1] INFO  o.a.c.c.C.[Tomcat].[localhost].[/] - Initializing Spring DispatcherServlet 'dispatcherServlet'
2025-11-02 16:12:11 [http-nio-auto-1-exec-7] INFO  u.d.tqs.hw1.service.BookingService - Creating new booking for Maria Silva in Aveiro on 2025-11-04 at slot 0
2025-11-02 16:12:11 [http-nio-auto-1-exec-7] INFO  u.d.tqs.hw1.service.BookingService - Booking created successfully with token: 538df53b for Maria Silva
2025-11-02 16:12:12 [http-nio-auto-1-exec-2] INFO  u.d.tqs.hw1.service.BookingService - Creating new booking for Maria Silva in Ílhavo on 2025-11-04 at slot 0
2025-11-02 16:12:12 [http-nio-auto-1-exec-2] INFO  u.d.tqs.hw1.service.BookingService - Booking created successfully with token: f2f849e2 for Maria Silva
2025-11-02 16:12:13 [main] INFO  i.g.bonigarcia.wdm.WebDriverManager - Using geckodriver 0.36.0 (resolved driver for Firefox 144)
2025-11-02 16:12:13 [main] INFO  i.g.bonigarcia.wdm.WebDriverManager - Exporting webdriver.gecko.driver as /home/duarte/.cache/selenium/geckodriver/linux64/0.36.0/geckodriver
2025-11-02 16:12:25 [http-nio-auto-1-exec-1] INFO  u.d.tqs.hw1.service.BookingService - Updating booking 518 status to ASSIGNED
2025-11-02 16:12:25 [http-nio-auto-1-exec-1] INFO  u.d.tqs.hw1.service.BookingService - Booking 518 status changed from RECEIVED to ASSIGNED for citizen Maria Silva
2025-11-02 16:12:26 [main] INFO  i.g.bonigarcia.wdm.WebDriverManager - Using geckodriver 0.36.0 (resolved driver for Firefox 144)
2025-11-02 16:12:26 [main] INFO  i.g.bonigarcia.wdm.WebDriverManager - Exporting webdriver.gecko.driver as /home/duarte/.cache/selenium/geckodriver/linux64/0.36.0/geckodriver
2025-11-02 16:12:29 [main] INFO  i.g.bonigarcia.wdm.WebDriverManager - Using geckodriver 0.36.0 (resolved driver for Firefox 144)
2025-11-02 16:12:29 [main] INFO  i.g.bonigarcia.wdm.WebDriverManager - Exporting webdriver.gecko.driver as /home/duarte/.cache/selenium/geckodriver/linux64/0.36.0/geckodriver
2025-11-02 16:12:31 [http-nio-auto-1-exec-7] INFO  u.d.tqs.hw1.service.BookingService - Updating booking 519 status to CANCELLED
2025-11-02 16:12:31 [http-nio-auto-1-exec-7] INFO  u.d.tqs.hw1.service.BookingService - Booking 519 status changed from RECEIVED to CANCELLED for citizen Maria Silva
2025-11-02 16:12:31 [http-nio-auto-1-exec-7] INFO  u.d.tqs.hw1.service.BookingService - Time slot 09:00 on 2025-11-04 for Ílhavo is now available (booking 519 cancelled)
2025-11-02 16:12:42 [main] INFO  u.d.tqs.hw1.service.BookingService - BookingService initialized
2025-11-02 16:12:42 [main] INFO  u.d.tqs.hw1.service.BookingService - BookingService initialized
2025-11-02 16:12:42 [main] INFO  u.d.tqs.hw1.service.BookingService - BookingService initialized
2025-11-02 16:12:42 [main] WARN  u.d.tqs.hw1.service.BookingService - Attempted to delete non-existent booking with ID: 99
2025-11-02 16:12:42 [main] INFO  u.d.tqs.hw1.service.BookingService - BookingService initialized
2025-11-02 16:12:42 [main] INFO  u.d.tqs.hw1.service.BookingService - Updating booking 1 status to IN_PROGRESS
2025-11-02 16:12:42 [main] INFO  u.d.tqs.hw1.service.BookingService - Booking 1 status changed from RECEIVED to IN_PROGRESS for citizen John Doe
2025-11-02 16:12:42 [main] INFO  u.d.tqs.hw1.service.BookingService - BookingService initialized
2025-11-02 16:12:42 [main] INFO  u.d.tqs.hw1.service.BookingService - BookingService initialized
2025-11-02 16:12:42 [main] INFO  u.d.tqs.hw1.service.BookingService - Creating new booking for John Doe in Aveiro on 2025-11-03 at slot 2
2025-11-02 16:12:42 [main] WARN  u.d.tqs.hw1.service.BookingService - Booking creation failed: Time slot 2 on 2025-11-03 already occupied in Aveiro
2025-11-02 16:12:42 [main] INFO  u.d.tqs.hw1.service.BookingService - BookingService initialized
2025-11-02 16:12:42 [main] INFO  u.d.tqs.hw1.service.BookingService - BookingService initialized
2025-11-02 16:12:42 [main] INFO  u.d.tqs.hw1.service.BookingService - Creating new booking for John Doe in Aveiro on 2025-11-01 at slot 2
2025-11-02 16:12:42 [main] WARN  u.d.tqs.hw1.service.BookingService - Booking creation failed: Invalid date 2025-11-01 for John Doe
2025-11-02 16:12:42 [main] INFO  u.d.tqs.hw1.service.BookingService - BookingService initialized
2025-11-02 16:12:42 [main] INFO  u.d.tqs.hw1.service.BookingService - BookingService initialized
2025-11-02 16:12:42 [main] INFO  u.d.tqs.hw1.service.BookingService - Updating booking 1 status to CANCELLED
2025-11-02 16:12:42 [main] INFO  u.d.tqs.hw1.service.BookingService - Booking 1 status changed from RECEIVED to CANCELLED for citizen John Doe
2025-11-02 16:12:42 [main] INFO  u.d.tqs.hw1.service.BookingService - Time slot 11:00 on 2025-11-03 for Aveiro is now available (booking null cancelled)
2025-11-02 16:12:42 [main] INFO  u.d.tqs.hw1.service.BookingService - BookingService initialized
2025-11-02 16:12:42 [main] INFO  u.d.tqs.hw1.service.BookingService - BookingService initialized
2025-11-02 16:12:42 [main] INFO  u.d.tqs.hw1.service.BookingService - BookingService initialized
2025-11-02 16:12:42 [main] INFO  u.d.tqs.hw1.service.BookingService - BookingService initialized
2025-11-02 16:12:42 [main] INFO  u.d.tqs.hw1.service.BookingService - BookingService initialized
2025-11-02 16:12:42 [main] INFO  u.d.tqs.hw1.service.BookingService - BookingService initialized
2025-11-02 16:12:42 [main] INFO  u.d.tqs.hw1.service.BookingService - BookingService initialized
2025-11-02 16:12:42 [main] INFO  u.d.tqs.hw1.service.BookingService - BookingService initialized
2025-11-02 16:12:42 [main] INFO  u.d.tqs.hw1.service.BookingService - BookingService initialized
2025-11-02 16:12:42 [main] INFO  u.d.tqs.hw1.service.BookingService - BookingService initialized
2025-11-02 16:12:42 [main] INFO  u.d.tqs.hw1.service.BookingService - BookingService initialized
2025-11-02 16:12:42 [main] INFO  u.d.tqs.hw1.service.BookingService - BookingService initialized
2025-11-02 16:12:42 [main] INFO  u.d.tqs.hw1.service.BookingService - Deleting booking with ID: 1
2025-11-02 16:12:42 [main] INFO  u.d.tqs.hw1.service.BookingService - Booking 1 deleted successfully
2025-11-02 16:12:42 [main] INFO  u.d.tqs.hw1.service.BookingService - BookingService initialized
2025-11-02 16:12:42 [main] INFO  u.d.tqs.hw1.service.BookingService - BookingService initialized
2025-11-02 16:12:42 [main] INFO  u.d.tqs.hw1.service.BookingService - Updating booking 99 status to COMPLETED
2025-11-02 16:12:42 [main] WARN  u.d.tqs.hw1.service.BookingService - Attempted to update non-existent booking with ID: 99
2025-11-02 16:12:42 [main] INFO  u.d.tqs.hw1.service.BookingService - BookingService initialized
2025-11-02 16:12:42 [main] INFO  u.d.tqs.hw1.service.BookingService - BookingService initialized
2025-11-02 16:12:42 [main] INFO  u.d.tqs.hw1.service.BookingService - BookingService initialized
2025-11-02 16:12:42 [main] INFO  u.d.tqs.hw1.service.BookingService - Creating new booking for John Doe in Aveiro on 2025-11-03 at slot 2
2025-11-02 16:12:42 [main] INFO  u.d.tqs.hw1.service.BookingService - Booking created successfully with token: e218a168 for John Doe
2025-11-02 16:12:43 [main] ERROR u.d.t.h.service.MunicipalityService - Failed to load municipalities: API is down
org.springframework.web.client.RestClientException: API is down
	at org.springframework.web.client.RestTemplate.exchange(RestTemplate.java:709)
	at ua.deti.tqs.hw1.service.MunicipalityService.getMunicipalities(MunicipalityService.java:26)
	at ua.deti.tqs.hw1.service.MunicipalityServiceTest.whenApiFails_thenReturnFallbackList(MunicipalityServiceTest.java:85)
	at java.base/jdk.internal.reflect.DirectMethodHandleAccessor.invoke(DirectMethodHandleAccessor.java:103)
	at java.base/java.lang.reflect.Method.invoke(Method.java:580)
	at org.junit.platform.commons.util.ReflectionUtils.invokeMethod(ReflectionUtils.java:775)
	at org.junit.platform.commons.support.ReflectionSupport.invokeMethod(ReflectionSupport.java:479)
	at org.junit.jupiter.engine.execution.MethodInvocation.proceed(MethodInvocation.java:60)
	at org.junit.jupiter.engine.execution.InvocationInterceptorChain$ValidatingInvocation.proceed(InvocationInterceptorChain.java:131)
	at org.junit.jupiter.engine.extension.TimeoutExtension.intercept(TimeoutExtension.java:161)
	at org.junit.jupiter.engine.extension.TimeoutExtension.interceptTestableMethod(TimeoutExtension.java:152)
	at org.junit.jupiter.engine.extension.TimeoutExtension.interceptTestMethod(TimeoutExtension.java:91)
	at org.junit.jupiter.engine.execution.InterceptingExecutableInvoker$ReflectiveInterceptorCall.lambda$ofVoidMethod$0(InterceptingExecutableInvoker.java:112)
	at org.junit.jupiter.engine.execution.InterceptingExecutableInvoker.lambda$invoke$0(InterceptingExecutableInvoker.java:94)
	at org.junit.jupiter.engine.execution.InvocationInterceptorChain$InterceptedInvocation.proceed(InvocationInterceptorChain.java:106)
	at org.junit.jupiter.engine.execution.InvocationInterceptorChain.proceed(InvocationInterceptorChain.java:64)
	at org.junit.jupiter.engine.execution.InvocationInterceptorChain.chainAndInvoke(InvocationInterceptorChain.java:45)
	at org.junit.jupiter.engine.execution.InvocationInterceptorChain.invoke(InvocationInterceptorChain.java:37)
	at org.junit.jupiter.engine.execution.InterceptingExecutableInvoker.invoke(InterceptingExecutableInvoker.java:93)
	at org.junit.jupiter.engine.execution.InterceptingExecutableInvoker.invoke(InterceptingExecutableInvoker.java:87)
	at org.junit.jupiter.engine.descriptor.TestMethodTestDescriptor.lambda$invokeTestMethod$7(TestMethodTestDescriptor.java:216)
	at org.junit.platform.engine.support.hierarchical.ThrowableCollector.execute(ThrowableCollector.java:73)
	at org.junit.jupiter.engine.descriptor.TestMethodTestDescriptor.invokeTestMethod(TestMethodTestDescriptor.java:212)
	at org.junit.jupiter.engine.descriptor.TestMethodTestDescriptor.execute(TestMethodTestDescriptor.java:137)
	at org.junit.jupiter.engine.descriptor.TestMethodTestDescriptor.execute(TestMethodTestDescriptor.java:69)
	at org.junit.platform.engine.support.hierarchical.NodeTestTask.lambda$executeRecursively$6(NodeTestTask.java:156)
	at org.junit.platform.engine.support.hierarchical.ThrowableCollector.execute(ThrowableCollector.java:73)
	at org.junit.platform.engine.support.hierarchical.NodeTestTask.lambda$executeRecursively$8(NodeTestTask.java:146)
	at org.junit.platform.engine.support.hierarchical.Node.around(Node.java:137)
	at org.junit.platform.engine.support.hierarchical.NodeTestTask.lambda$executeRecursively$9(NodeTestTask.java:144)
	at org.junit.platform.engine.support.hierarchical.ThrowableCollector.execute(ThrowableCollector.java:73)
	at org.junit.platform.engine.support.hierarchical.NodeTestTask.executeRecursively(NodeTestTask.java:143)
	at org.junit.platform.engine.support.hierarchical.NodeTestTask.execute(NodeTestTask.java:100)
	at java.base/java.util.ArrayList.forEach(ArrayList.java:1596)
	at org.junit.platform.engine.support.hierarchical.SameThreadHierarchicalTestExecutorService.invokeAll(SameThreadHierarchicalTestExecutorService.java:41)
	at org.junit.platform.engine.support.hierarchical.NodeTestTask.lambda$executeRecursively$6(NodeTestTask.java:160)
	at org.junit.platform.engine.support.hierarchical.ThrowableCollector.execute(ThrowableCollector.java:73)
	at org.junit.platform.engine.support.hierarchical.NodeTestTask.lambda$executeRecursively$8(NodeTestTask.java:146)
	at org.junit.platform.engine.support.hierarchical.Node.around(Node.java:137)
	at org.junit.platform.engine.support.hierarchical.NodeTestTask.lambda$executeRecursively$9(NodeTestTask.java:144)
	at org.junit.platform.engine.support.hierarchical.ThrowableCollector.execute(ThrowableCollector.java:73)
	at org.junit.platform.engine.support.hierarchical.NodeTestTask.executeRecursively(NodeTestTask.java:143)
	at org.junit.platform.engine.support.hierarchical.NodeTestTask.execute(NodeTestTask.java:100)
	at java.base/java.util.ArrayList.forEach(ArrayList.java:1596)
	at org.junit.platform.engine.support.hierarchical.SameThreadHierarchicalTestExecutorService.invokeAll(SameThreadHierarchicalTestExecutorService.java:41)
	at org.junit.platform.engine.support.hierarchical.NodeTestTask.lambda$executeRecursively$6(NodeTestTask.java:160)
	at org.junit.platform.engine.support.hierarchical.ThrowableCollector.execute(ThrowableCollector.java:73)
	at org.junit.platform.engine.support.hierarchical.NodeTestTask.lambda$executeRecursively$8(NodeTestTask.java:146)
	at org.junit.platform.engine.support.hierarchical.Node.around(Node.java:137)
	at org.junit.platform.engine.support.hierarchical.NodeTestTask.lambda$executeRecursively$9(NodeTestTask.java:144)
	at org.junit.platform.engine.support.hierarchical.ThrowableCollector.execute(ThrowableCollector.java:73)
	at org.junit.platform.engine.support.hierarchical.NodeTestTask.executeRecursively(NodeTestTask.java:143)
	at org.junit.platform.engine.support.hierarchical.NodeTestTask.execute(NodeTestTask.java:100)
	at org.junit.platform.engine.support.hierarchical.SameThreadHierarchicalTestExecutorService.submit(SameThreadHierarchicalTestExecutorService.java:35)
	at org.junit.platform.engine.support.hierarchical.HierarchicalTestExecutor.execute(HierarchicalTestExecutor.java:57)
	at org.junit.platform.engine.support.hierarchical.HierarchicalTestEngine.execute(HierarchicalTestEngine.java:54)
	at org.junit.platform.launcher.core.EngineExecutionOrchestrator.execute(EngineExecutionOrchestrator.java:201)
	at org.junit.platform.launcher.core.EngineExecutionOrchestrator.execute(EngineExecutionOrchestrator.java:170)
	at org.junit.platform.launcher.core.EngineExecutionOrchestrator.execute(EngineExecutionOrchestrator.java:94)
	at org.junit.platform.launcher.core.EngineExecutionOrchestrator.lambda$execute$0(EngineExecutionOrchestrator.java:59)
	at org.junit.platform.launcher.core.EngineExecutionOrchestrator.withInterceptedStreams(EngineExecutionOrchestrator.java:142)
	at org.junit.platform.launcher.core.EngineExecutionOrchestrator.execute(EngineExecutionOrchestrator.java:58)
	at org.junit.platform.launcher.core.DefaultLauncher.execute(DefaultLauncher.java:103)
	at org.junit.platform.launcher.core.DefaultLauncher.execute(DefaultLauncher.java:85)
	at org.junit.platform.launcher.core.DelegatingLauncher.execute(DelegatingLauncher.java:47)
	at org.junit.platform.launcher.core.InterceptingLauncher.lambda$execute$1(InterceptingLauncher.java:39)
	at org.junit.platform.launcher.core.ClasspathAlignmentCheckingLauncherInterceptor.intercept(ClasspathAlignmentCheckingLauncherInterceptor.java:25)
	at org.junit.platform.launcher.core.InterceptingLauncher.execute(InterceptingLauncher.java:38)
	at org.junit.platform.launcher.core.DelegatingLauncher.execute(DelegatingLauncher.java:47)
	at org.apache.maven.surefire.junitplatform.LauncherAdapter.executeWithoutCancellationToken(LauncherAdapter.java:60)
	at org.apache.maven.surefire.junitplatform.LauncherAdapter.execute(LauncherAdapter.java:52)
	at org.apache.maven.surefire.junitplatform.JUnitPlatformProvider.execute(JUnitPlatformProvider.java:203)
	at org.apache.maven.surefire.junitplatform.JUnitPlatformProvider.invokeAllTests(JUnitPlatformProvider.java:168)
	at org.apache.maven.surefire.junitplatform.JUnitPlatformProvider.invoke(JUnitPlatformProvider.java:136)
	at org.apache.maven.surefire.booter.ForkedBooter.runSuitesInProcess(ForkedBooter.java:385)
	at org.apache.maven.surefire.booter.ForkedBooter.execute(ForkedBooter.java:162)
	at org.apache.maven.surefire.booter.ForkedBooter.run(ForkedBooter.java:507)
	at org.apache.maven.surefire.booter.ForkedBooter.main(ForkedBooter.java:495)
2025-11-02 16:12:43 [main] WARN  u.d.t.h.service.MunicipalityService - API returned null or empty response
2025-11-02 16:12:43 [main] INFO  u.d.tqs.hw1.service.BookingService - BookingService initialized
2025-11-02 16:12:43 [main] INFO  u.d.tqs.hw1.service.BookingService - Updating booking 0 status to IN_PROGRESS
2025-11-02 16:12:43 [main] INFO  u.d.tqs.hw1.service.BookingService - Booking 0 status changed from RECEIVED to IN_PROGRESS for citizen Test Person
2025-11-02 16:12:43 [main] INFO  u.d.tqs.hw1.service.BookingService - Updating booking 1 status to IN_PROGRESS
2025-11-02 16:12:43 [main] INFO  u.d.tqs.hw1.service.BookingService - Booking 1 status changed from RECEIVED to IN_PROGRESS for citizen Test Person
2025-11-02 16:12:43 [main] INFO  u.d.tqs.hw1.service.BookingService - Updating booking 2 status to IN_PROGRESS
2025-11-02 16:12:43 [main] INFO  u.d.tqs.hw1.service.BookingService - Booking 2 status changed from RECEIVED to IN_PROGRESS for citizen Test Person
2025-11-02 16:12:43 [main] INFO  u.d.tqs.hw1.service.BookingService - Updating booking 3 status to IN_PROGRESS
2025-11-02 16:12:43 [main] INFO  u.d.tqs.hw1.service.BookingService - Booking 3 status changed from RECEIVED to IN_PROGRESS for citizen Test Person
2025-11-02 16:12:43 [main] INFO  u.d.tqs.hw1.service.BookingService - Updating booking 4 status to IN_PROGRESS
2025-11-02 16:12:43 [main] INFO  u.d.tqs.hw1.service.BookingService - Booking 4 status changed from RECEIVED to IN_PROGRESS for citizen Test Person
2025-11-02 16:12:43 [main] INFO  u.d.tqs.hw1.service.BookingService - Updating booking 5 status to IN_PROGRESS
2025-11-02 16:12:43 [main] INFO  u.d.tqs.hw1.service.BookingService - Booking 5 status changed from RECEIVED to IN_PROGRESS for citizen Test Person
2025-11-02 16:12:43 [main] INFO  u.d.tqs.hw1.service.BookingService - Updating booking 6 status to IN_PROGRESS
2025-11-02 16:12:43 [main] INFO  u.d.tqs.hw1.service.BookingService - Booking 6 status changed from RECEIVED to IN_PROGRESS for citizen Test Person
2025-11-02 16:12:43 [main] INFO  u.d.tqs.hw1.service.BookingService - Updating booking 7 status to IN_PROGRESS
2025-11-02 16:12:43 [main] INFO  u.d.tqs.hw1.service.BookingService - Booking 7 status changed from RECEIVED to IN_PROGRESS for citizen Test Person
2025-11-02 16:12:43 [main] INFO  u.d.tqs.hw1.service.BookingService - Updating booking 8 status to IN_PROGRESS
2025-11-02 16:12:43 [main] INFO  u.d.tqs.hw1.service.BookingService - Booking 8 status changed from RECEIVED to IN_PROGRESS for citizen Test Person
2025-11-02 16:12:43 [main] INFO  u.d.tqs.hw1.service.BookingService - Updating booking 9 status to IN_PROGRESS
2025-11-02 16:12:43 [main] INFO  u.d.tqs.hw1.service.BookingService - Booking 9 status changed from RECEIVED to IN_PROGRESS for citizen Test Person
2025-11-02 16:12:43 [main] INFO  u.d.tqs.hw1.service.BookingService - Updating booking 10 status to IN_PROGRESS
2025-11-02 16:12:43 [main] INFO  u.d.tqs.hw1.service.BookingService - Booking 10 status changed from RECEIVED to IN_PROGRESS for citizen Test Person
2025-11-02 16:12:43 [main] INFO  u.d.tqs.hw1.service.BookingService - Updating booking 11 status to IN_PROGRESS
2025-11-02 16:12:43 [main] INFO  u.d.tqs.hw1.service.BookingService - Booking 11 status changed from RECEIVED to IN_PROGRESS for citizen Test Person
2025-11-02 16:12:43 [main] INFO  u.d.tqs.hw1.service.BookingService - Updating booking 12 status to IN_PROGRESS
2025-11-02 16:12:43 [main] INFO  u.d.tqs.hw1.service.BookingService - Booking 12 status changed from RECEIVED to IN_PROGRESS for citizen Test Person
2025-11-02 16:12:43 [main] INFO  u.d.tqs.hw1.service.BookingService - Updating booking 13 status to IN_PROGRESS
2025-11-02 16:12:43 [main] INFO  u.d.tqs.hw1.service.BookingService - Booking 13 status changed from RECEIVED to IN_PROGRESS for citizen Test Person
2025-11-02 16:12:43 [main] INFO  u.d.tqs.hw1.service.BookingService - Updating booking 14 status to IN_PROGRESS
2025-11-02 16:12:43 [main] INFO  u.d.tqs.hw1.service.BookingService - Booking 14 status changed from RECEIVED to IN_PROGRESS for citizen Test Person
2025-11-02 16:12:43 [main] INFO  u.d.tqs.hw1.service.BookingService - Updating booking 15 status to IN_PROGRESS
2025-11-02 16:12:43 [main] INFO  u.d.tqs.hw1.service.BookingService - Booking 15 status changed from RECEIVED to IN_PROGRESS for citizen Test Person
2025-11-02 16:12:43 [main] INFO  u.d.tqs.hw1.service.BookingService - Updating booking 16 status to IN_PROGRESS
2025-11-02 16:12:43 [main] INFO  u.d.tqs.hw1.service.BookingService - Booking 16 status changed from RECEIVED to IN_PROGRESS for citizen Test Person
2025-11-02 16:12:43 [main] INFO  u.d.tqs.hw1.service.BookingService - Updating booking 17 status to IN_PROGRESS
2025-11-02 16:12:43 [main] INFO  u.d.tqs.hw1.service.BookingService - Booking 17 status changed from RECEIVED to IN_PROGRESS for citizen Test Person
2025-11-02 16:12:43 [main] INFO  u.d.tqs.hw1.service.BookingService - Updating booking 18 status to IN_PROGRESS
2025-11-02 16:12:43 [main] INFO  u.d.tqs.hw1.service.BookingService - Booking 18 status changed from RECEIVED to IN_PROGRESS for citizen Test Person
2025-11-02 16:12:43 [main] INFO  u.d.tqs.hw1.service.BookingService - Updating booking 19 status to IN_PROGRESS
2025-11-02 16:12:43 [main] INFO  u.d.tqs.hw1.service.BookingService - Booking 19 status changed from RECEIVED to IN_PROGRESS for citizen Test Person
2025-11-02 16:12:43 [main] INFO  u.d.tqs.hw1.service.BookingService - Updating booking 20 status to IN_PROGRESS
2025-11-02 16:12:43 [main] INFO  u.d.tqs.hw1.service.BookingService - Booking 20 status changed from RECEIVED to IN_PROGRESS for citizen Test Person
2025-11-02 16:12:43 [main] INFO  u.d.tqs.hw1.service.BookingService - Updating booking 21 status to IN_PROGRESS
2025-11-02 16:12:43 [main] INFO  u.d.tqs.hw1.service.BookingService - Booking 21 status changed from RECEIVED to IN_PROGRESS for citizen Test Person
2025-11-02 16:12:43 [main] INFO  u.d.tqs.hw1.service.BookingService - Updating booking 22 status to IN_PROGRESS
2025-11-02 16:12:43 [main] INFO  u.d.tqs.hw1.service.BookingService - Booking 22 status changed from RECEIVED to IN_PROGRESS for citizen Test Person
2025-11-02 16:12:43 [main] INFO  u.d.tqs.hw1.service.BookingService - Updating booking 23 status to IN_PROGRESS
2025-11-02 16:12:43 [main] INFO  u.d.tqs.hw1.service.BookingService - Booking 23 status changed from RECEIVED to IN_PROGRESS for citizen Test Person
2025-11-02 16:12:43 [main] INFO  u.d.tqs.hw1.service.BookingService - Updating booking 24 status to IN_PROGRESS
2025-11-02 16:12:43 [main] INFO  u.d.tqs.hw1.service.BookingService - Booking 24 status changed from RECEIVED to IN_PROGRESS for citizen Test Person
2025-11-02 16:12:43 [main] INFO  u.d.tqs.hw1.service.BookingService - Updating booking 25 status to IN_PROGRESS
2025-11-02 16:12:43 [main] INFO  u.d.tqs.hw1.service.BookingService - Booking 25 status changed from RECEIVED to IN_PROGRESS for citizen Test Person
2025-11-02 16:12:43 [main] INFO  u.d.tqs.hw1.service.BookingService - Updating booking 26 status to IN_PROGRESS
2025-11-02 16:12:43 [main] INFO  u.d.tqs.hw1.service.BookingService - Booking 26 status changed from RECEIVED to IN_PROGRESS for citizen Test Person
2025-11-02 16:12:43 [main] INFO  u.d.tqs.hw1.service.BookingService - Updating booking 27 status to IN_PROGRESS
2025-11-02 16:12:43 [main] INFO  u.d.tqs.hw1.service.BookingService - Booking 27 status changed from RECEIVED to IN_PROGRESS for citizen Test Person
2025-11-02 16:12:43 [main] INFO  u.d.tqs.hw1.service.BookingService - Updating booking 28 status to IN_PROGRESS
2025-11-02 16:12:43 [main] INFO  u.d.tqs.hw1.service.BookingService - Booking 28 status changed from RECEIVED to IN_PROGRESS for citizen Test Person
2025-11-02 16:12:43 [main] INFO  u.d.tqs.hw1.service.BookingService - Updating booking 29 status to IN_PROGRESS
2025-11-02 16:12:43 [main] INFO  u.d.tqs.hw1.service.BookingService - Booking 29 status changed from RECEIVED to IN_PROGRESS for citizen Test Person
2025-11-02 16:12:43 [main] INFO  u.d.tqs.hw1.service.BookingService - Updating booking 30 status to IN_PROGRESS
2025-11-02 16:12:43 [main] INFO  u.d.tqs.hw1.service.BookingService - Booking 30 status changed from RECEIVED to IN_PROGRESS for citizen Test Person
2025-11-02 16:12:43 [main] INFO  u.d.tqs.hw1.service.BookingService - Updating booking 31 status to IN_PROGRESS
2025-11-02 16:12:43 [main] INFO  u.d.tqs.hw1.service.BookingService - Booking 31 status changed from RECEIVED to IN_PROGRESS for citizen Test Person
2025-11-02 16:12:43 [main] INFO  u.d.tqs.hw1.service.BookingService - Updating booking 32 status to IN_PROGRESS
2025-11-02 16:12:43 [main] INFO  u.d.tqs.hw1.service.BookingService - Booking 32 status changed from RECEIVED to IN_PROGRESS for citizen Test Person
2025-11-02 16:12:43 [main] INFO  u.d.tqs.hw1.service.BookingService - Updating booking 33 status to IN_PROGRESS
2025-11-02 16:12:43 [main] INFO  u.d.tqs.hw1.service.BookingService - Booking 33 status changed from RECEIVED to IN_PROGRESS for citizen Test Person
2025-11-02 16:12:43 [main] INFO  u.d.tqs.hw1.service.BookingService - Updating booking 34 status to IN_PROGRESS
2025-11-02 16:12:43 [main] INFO  u.d.tqs.hw1.service.BookingService - Booking 34 status changed from RECEIVED to IN_PROGRESS for citizen Test Person
2025-11-02 16:12:43 [main] INFO  u.d.tqs.hw1.service.BookingService - Updating booking 35 status to IN_PROGRESS
2025-11-02 16:12:43 [main] INFO  u.d.tqs.hw1.service.BookingService - Booking 35 status changed from RECEIVED to IN_PROGRESS for citizen Test Person
2025-11-02 16:12:43 [main] INFO  u.d.tqs.hw1.service.BookingService - Updating booking 36 status to IN_PROGRESS
2025-11-02 16:12:43 [main] INFO  u.d.tqs.hw1.service.BookingService - Booking 36 status changed from RECEIVED to IN_PROGRESS for citizen Test Person
2025-11-02 16:12:43 [main] INFO  u.d.tqs.hw1.service.BookingService - Updating booking 37 status to IN_PROGRESS
2025-11-02 16:12:43 [main] INFO  u.d.tqs.hw1.service.BookingService - Booking 37 status changed from RECEIVED to IN_PROGRESS for citizen Test Person
2025-11-02 16:12:43 [main] INFO  u.d.tqs.hw1.service.BookingService - Updating booking 38 status to IN_PROGRESS
2025-11-02 16:12:43 [main] INFO  u.d.tqs.hw1.service.BookingService - Booking 38 status changed from RECEIVED to IN_PROGRESS for citizen Test Person
2025-11-02 16:12:43 [main] INFO  u.d.tqs.hw1.service.BookingService - Updating booking 39 status to IN_PROGRESS
2025-11-02 16:12:43 [main] INFO  u.d.tqs.hw1.service.BookingService - Booking 39 status changed from RECEIVED to IN_PROGRESS for citizen Test Person
2025-11-02 16:12:43 [main] INFO  u.d.tqs.hw1.service.BookingService - Updating booking 40 status to IN_PROGRESS
2025-11-02 16:12:43 [main] INFO  u.d.tqs.hw1.service.BookingService - Booking 40 status changed from RECEIVED to IN_PROGRESS for citizen Test Person
2025-11-02 16:12:43 [main] INFO  u.d.tqs.hw1.service.BookingService - Updating booking 41 status to IN_PROGRESS
2025-11-02 16:12:43 [main] INFO  u.d.tqs.hw1.service.BookingService - Booking 41 status changed from RECEIVED to IN_PROGRESS for citizen Test Person
2025-11-02 16:12:43 [main] INFO  u.d.tqs.hw1.service.BookingService - Updating booking 42 status to IN_PROGRESS
2025-11-02 16:12:43 [main] INFO  u.d.tqs.hw1.service.BookingService - Booking 42 status changed from RECEIVED to IN_PROGRESS for citizen Test Person
2025-11-02 16:12:43 [main] INFO  u.d.tqs.hw1.service.BookingService - Updating booking 43 status to IN_PROGRESS
2025-11-02 16:12:43 [main] INFO  u.d.tqs.hw1.service.BookingService - Booking 43 status changed from RECEIVED to IN_PROGRESS for citizen Test Person
2025-11-02 16:12:43 [main] INFO  u.d.tqs.hw1.service.BookingService - Updating booking 44 status to IN_PROGRESS
2025-11-02 16:12:43 [main] INFO  u.d.tqs.hw1.service.BookingService - Booking 44 status changed from RECEIVED to IN_PROGRESS for citizen Test Person
2025-11-02 16:12:43 [main] INFO  u.d.tqs.hw1.service.BookingService - Updating booking 45 status to IN_PROGRESS
2025-11-02 16:12:43 [main] INFO  u.d.tqs.hw1.service.BookingService - Booking 45 status changed from RECEIVED to IN_PROGRESS for citizen Test Person
2025-11-02 16:12:43 [main] INFO  u.d.tqs.hw1.service.BookingService - Updating booking 46 status to IN_PROGRESS
2025-11-02 16:12:43 [main] INFO  u.d.tqs.hw1.service.BookingService - Booking 46 status changed from RECEIVED to IN_PROGRESS for citizen Test Person
2025-11-02 16:12:43 [main] INFO  u.d.tqs.hw1.service.BookingService - Updating booking 47 status to IN_PROGRESS
2025-11-02 16:12:43 [main] INFO  u.d.tqs.hw1.service.BookingService - Booking 47 status changed from RECEIVED to IN_PROGRESS for citizen Test Person
2025-11-02 16:12:43 [main] INFO  u.d.tqs.hw1.service.BookingService - Updating booking 48 status to IN_PROGRESS
2025-11-02 16:12:43 [main] INFO  u.d.tqs.hw1.service.BookingService - Booking 48 status changed from RECEIVED to IN_PROGRESS for citizen Test Person
2025-11-02 16:12:43 [main] INFO  u.d.tqs.hw1.service.BookingService - Updating booking 49 status to IN_PROGRESS
2025-11-02 16:12:43 [main] INFO  u.d.tqs.hw1.service.BookingService - Booking 49 status changed from RECEIVED to IN_PROGRESS for citizen Test Person
2025-11-02 16:12:43 [main] INFO  u.d.tqs.hw1.service.BookingService - BookingService initialized
2025-11-02 16:12:43 [main] INFO  u.d.tqs.hw1.service.BookingService - BookingService initialized
2025-11-02 16:12:43 [main] INFO  u.d.tqs.hw1.service.BookingService - BookingService initialized
2025-11-02 16:12:43 [main] INFO  u.d.tqs.hw1.service.BookingService - BookingService initialized
2025-11-02 16:12:43 [main] INFO  u.d.tqs.hw1.service.BookingService - BookingService initialized
2025-11-02 16:12:43 [main] INFO  u.d.tqs.hw1.service.BookingService - Creating new booking for John Doe in Aveiro on 2025-11-03 at slot 0
2025-11-02 16:12:43 [main] INFO  u.d.tqs.hw1.service.BookingService - Booking created successfully with token: 11055cc6 for John Doe
2025-11-02 16:12:43 [main] INFO  u.d.tqs.hw1.service.BookingService - Creating new booking for John Doe in Aveiro on 2025-11-03 at slot 1
2025-11-02 16:12:43 [main] INFO  u.d.tqs.hw1.service.BookingService - Booking created successfully with token: 11055cc6 for John Doe
2025-11-02 16:12:43 [main] INFO  u.d.tqs.hw1.service.BookingService - Creating new booking for John Doe in Aveiro on 2025-11-03 at slot 2
2025-11-02 16:12:43 [main] INFO  u.d.tqs.hw1.service.BookingService - Booking created successfully with token: 11055cc6 for John Doe
2025-11-02 16:12:43 [main] INFO  u.d.tqs.hw1.service.BookingService - Creating new booking for John Doe in Aveiro on 2025-11-03 at slot 3
2025-11-02 16:12:43 [main] INFO  u.d.tqs.hw1.service.BookingService - Booking created successfully with token: 11055cc6 for John Doe
2025-11-02 16:12:43 [main] INFO  u.d.tqs.hw1.service.BookingService - Creating new booking for John Doe in Aveiro on 2025-11-03 at slot 4
2025-11-02 16:12:43 [main] INFO  u.d.tqs.hw1.service.BookingService - Booking created successfully with token: 11055cc6 for John Doe
2025-11-02 16:12:43 [main] INFO  u.d.tqs.hw1.service.BookingService - Creating new booking for John Doe in Aveiro on 2025-11-03 at slot 5
2025-11-02 16:12:43 [main] INFO  u.d.tqs.hw1.service.BookingService - Booking created successfully with token: 11055cc6 for John Doe
2025-11-02 16:12:43 [main] INFO  u.d.tqs.hw1.service.BookingService - Creating new booking for John Doe in Aveiro on 2025-11-03 at slot 6
2025-11-02 16:12:43 [main] INFO  u.d.tqs.hw1.service.BookingService - Booking created successfully with token: 11055cc6 for John Doe
2025-11-02 16:12:43 [main] INFO  u.d.tqs.hw1.service.BookingService - Creating new booking for John Doe in Aveiro on 2025-11-03 at slot 7
2025-11-02 16:12:43 [main] INFO  u.d.tqs.hw1.service.BookingService - Booking created successfully with token: 11055cc6 for John Doe
2025-11-02 16:12:43 [main] INFO  u.d.tqs.hw1.service.BookingService - Creating new booking for John Doe in Aveiro on 2025-11-03 at slot 8
2025-11-02 16:12:43 [main] INFO  u.d.tqs.hw1.service.BookingService - Booking created successfully with token: 11055cc6 for John Doe
2025-11-02 16:12:43 [main] INFO  u.d.tqs.hw1.service.BookingService - Creating new booking for John Doe in Aveiro on 2025-11-03 at slot 0
2025-11-02 16:12:43 [main] INFO  u.d.tqs.hw1.service.BookingService - Booking created successfully with token: 11055cc6 for John Doe
2025-11-02 16:12:43 [main] INFO  u.d.tqs.hw1.service.BookingService - Creating new booking for John Doe in Aveiro on 2025-11-03 at slot 1
2025-11-02 16:12:43 [main] INFO  u.d.tqs.hw1.service.BookingService - Booking created successfully with token: 11055cc6 for John Doe
2025-11-02 16:12:43 [main] INFO  u.d.tqs.hw1.service.BookingService - Creating new booking for John Doe in Aveiro on 2025-11-03 at slot 2
2025-11-02 16:12:43 [main] INFO  u.d.tqs.hw1.service.BookingService - Booking created successfully with token: 11055cc6 for John Doe
2025-11-02 16:12:43 [main] INFO  u.d.tqs.hw1.service.BookingService - Creating new booking for John Doe in Aveiro on 2025-11-03 at slot 3
2025-11-02 16:12:43 [main] INFO  u.d.tqs.hw1.service.BookingService - Booking created successfully with token: 11055cc6 for John Doe
2025-11-02 16:12:43 [main] INFO  u.d.tqs.hw1.service.BookingService - Creating new booking for John Doe in Aveiro on 2025-11-03 at slot 4
2025-11-02 16:12:43 [main] INFO  u.d.tqs.hw1.service.BookingService - Booking created successfully with token: 11055cc6 for John Doe
2025-11-02 16:12:43 [main] INFO  u.d.tqs.hw1.service.BookingService - Creating new booking for John Doe in Aveiro on 2025-11-03 at slot 5
2025-11-02 16:12:43 [main] INFO  u.d.tqs.hw1.service.BookingService - Booking created successfully with token: 11055cc6 for John Doe
2025-11-02 16:12:43 [main] INFO  u.d.tqs.hw1.service.BookingService - Creating new booking for John Doe in Aveiro on 2025-11-03 at slot 6
2025-11-02 16:12:43 [main] INFO  u.d.tqs.hw1.service.BookingService - Booking created successfully with token: 11055cc6 for John Doe
2025-11-02 16:12:43 [main] INFO  u.d.tqs.hw1.service.BookingService - Creating new booking for John Doe in Aveiro on 2025-11-03 at slot 7
2025-11-02 16:12:43 [main] INFO  u.d.tqs.hw1.service.BookingService - Booking created successfully with token: 11055cc6 for John Doe
2025-11-02 16:12:43 [main] INFO  u.d.tqs.hw1.service.BookingService - Creating new booking for John Doe in Aveiro on 2025-11-03 at slot 8
2025-11-02 16:12:43 [main] INFO  u.d.tqs.hw1.service.BookingService - Booking created successfully with token: 11055cc6 for John Doe
2025-11-02 16:12:43 [main] INFO  u.d.tqs.hw1.service.BookingService - Creating new booking for John Doe in Aveiro on 2025-11-03 at slot 0
2025-11-02 16:12:43 [main] INFO  u.d.tqs.hw1.service.BookingService - Booking created successfully with token: 11055cc6 for John Doe
2025-11-02 16:12:43 [main] INFO  u.d.tqs.hw1.service.BookingService - Creating new booking for John Doe in Aveiro on 2025-11-03 at slot 1
2025-11-02 16:12:43 [main] INFO  u.d.tqs.hw1.service.BookingService - Booking created successfully with token: 11055cc6 for John Doe
2025-11-02 16:12:43 [main] INFO  u.d.tqs.hw1.service.BookingService - Creating new booking for John Doe in Aveiro on 2025-11-03 at slot 2
2025-11-02 16:12:43 [main] INFO  u.d.tqs.hw1.service.BookingService - Booking created successfully with token: 11055cc6 for John Doe
2025-11-02 16:12:43 [main] INFO  u.d.tqs.hw1.service.BookingService - Creating new booking for John Doe in Aveiro on 2025-11-03 at slot 3
2025-11-02 16:12:43 [main] INFO  u.d.tqs.hw1.service.BookingService - Booking created successfully with token: 11055cc6 for John Doe
2025-11-02 16:12:43 [main] INFO  u.d.tqs.hw1.service.BookingService - Creating new booking for John Doe in Aveiro on 2025-11-03 at slot 4
2025-11-02 16:12:43 [main] INFO  u.d.tqs.hw1.service.BookingService - Booking created successfully with token: 11055cc6 for John Doe
2025-11-02 16:12:43 [main] INFO  u.d.tqs.hw1.service.BookingService - Creating new booking for John Doe in Aveiro on 2025-11-03 at slot 5
2025-11-02 16:12:43 [main] INFO  u.d.tqs.hw1.service.BookingService - Booking created successfully with token: 11055cc6 for John Doe
2025-11-02 16:12:43 [main] INFO  u.d.tqs.hw1.service.BookingService - Creating new booking for John Doe in Aveiro on 2025-11-03 at slot 6
2025-11-02 16:12:43 [main] INFO  u.d.tqs.hw1.service.BookingService - Booking created successfully with token: 11055cc6 for John Doe
2025-11-02 16:12:43 [main] INFO  u.d.tqs.hw1.service.BookingService - Creating new booking for John Doe in Aveiro on 2025-11-03 at slot 7
2025-11-02 16:12:43 [main] INFO  u.d.tqs.hw1.service.BookingService - Booking created successfully with token: 11055cc6 for John Doe
2025-11-02 16:12:43 [main] INFO  u.d.tqs.hw1.service.BookingService - Creating new booking for John Doe in Aveiro on 2025-11-03 at slot 8
2025-11-02 16:12:43 [main] INFO  u.d.tqs.hw1.service.BookingService - Booking created successfully with token: 11055cc6 for John Doe
2025-11-02 16:12:43 [main] INFO  u.d.tqs.hw1.service.BookingService - Creating new booking for John Doe in Aveiro on 2025-11-03 at slot 0
2025-11-02 16:12:43 [main] INFO  u.d.tqs.hw1.service.BookingService - Booking created successfully with token: 11055cc6 for John Doe
2025-11-02 16:12:43 [main] INFO  u.d.tqs.hw1.service.BookingService - Creating new booking for John Doe in Aveiro on 2025-11-03 at slot 1
2025-11-02 16:12:43 [main] INFO  u.d.tqs.hw1.service.BookingService - Booking created successfully with token: 11055cc6 for John Doe
2025-11-02 16:12:43 [main] INFO  u.d.tqs.hw1.service.BookingService - Creating new booking for John Doe in Aveiro on 2025-11-03 at slot 2
2025-11-02 16:12:43 [main] INFO  u.d.tqs.hw1.service.BookingService - Booking created successfully with token: 11055cc6 for John Doe
2025-11-02 16:12:43 [main] INFO  u.d.tqs.hw1.service.BookingService - Creating new booking for John Doe in Aveiro on 2025-11-03 at slot 3
2025-11-02 16:12:43 [main] INFO  u.d.tqs.hw1.service.BookingService - Booking created successfully with token: 11055cc6 for John Doe
2025-11-02 16:12:43 [main] INFO  u.d.tqs.hw1.service.BookingService - Creating new booking for John Doe in Aveiro on 2025-11-03 at slot 4
2025-11-02 16:12:43 [main] INFO  u.d.tqs.hw1.service.BookingService - Booking created successfully with token: 11055cc6 for John Doe
2025-11-02 16:12:43 [main] INFO  u.d.tqs.hw1.service.BookingService - Creating new booking for John Doe in Aveiro on 2025-11-03 at slot 5
2025-11-02 16:12:43 [main] INFO  u.d.tqs.hw1.service.BookingService - Booking created successfully with token: 11055cc6 for John Doe
2025-11-02 16:12:43 [main] INFO  u.d.tqs.hw1.service.BookingService - Creating new booking for John Doe in Aveiro on 2025-11-03 at slot 6
2025-11-02 16:12:43 [main] INFO  u.d.tqs.hw1.service.BookingService - Booking created successfully with token: 11055cc6 for John Doe
2025-11-02 16:12:43 [main] INFO  u.d.tqs.hw1.service.BookingService - Creating new booking for John Doe in Aveiro on 2025-11-03 at slot 7
2025-11-02 16:12:43 [main] INFO  u.d.tqs.hw1.service.BookingService - Booking created successfully with token: 11055cc6 for John Doe
2025-11-02 16:12:43 [main] INFO  u.d.tqs.hw1.service.BookingService - Creating new booking for John Doe in Aveiro on 2025-11-03 at slot 8
2025-11-02 16:12:43 [main] INFO  u.d.tqs.hw1.service.BookingService - Booking created successfully with token: 11055cc6 for John Doe
2025-11-02 16:12:43 [main] INFO  u.d.tqs.hw1.service.BookingService - Creating new booking for John Doe in Aveiro on 2025-11-03 at slot 0
2025-11-02 16:12:43 [main] INFO  u.d.tqs.hw1.service.BookingService - Booking created successfully with token: 11055cc6 for John Doe
2025-11-02 16:12:43 [main] INFO  u.d.tqs.hw1.service.BookingService - Creating new booking for John Doe in Aveiro on 2025-11-03 at slot 1
2025-11-02 16:12:43 [main] INFO  u.d.tqs.hw1.service.BookingService - Booking created successfully with token: 11055cc6 for John Doe
2025-11-02 16:12:43 [main] INFO  u.d.tqs.hw1.service.BookingService - Creating new booking for John Doe in Aveiro on 2025-11-03 at slot 2
2025-11-02 16:12:43 [main] INFO  u.d.tqs.hw1.service.BookingService - Booking created successfully with token: 11055cc6 for John Doe
2025-11-02 16:12:43 [main] INFO  u.d.tqs.hw1.service.BookingService - Creating new booking for John Doe in Aveiro on 2025-11-03 at slot 3
2025-11-02 16:12:43 [main] INFO  u.d.tqs.hw1.service.BookingService - Booking created successfully with token: 11055cc6 for John Doe
2025-11-02 16:12:43 [main] INFO  u.d.tqs.hw1.service.BookingService - Creating new booking for John Doe in Aveiro on 2025-11-03 at slot 4
2025-11-02 16:12:43 [main] INFO  u.d.tqs.hw1.service.BookingService - Booking created successfully with token: 11055cc6 for John Doe
2025-11-02 16:12:43 [main] INFO  u.d.tqs.hw1.service.BookingService - Creating new booking for John Doe in Aveiro on 2025-11-03 at slot 5
2025-11-02 16:12:43 [main] INFO  u.d.tqs.hw1.service.BookingService - Booking created successfully with token: 11055cc6 for John Doe
2025-11-02 16:12:43 [main] INFO  u.d.tqs.hw1.service.BookingService - Creating new booking for John Doe in Aveiro on 2025-11-03 at slot 6
2025-11-02 16:12:43 [main] INFO  u.d.tqs.hw1.service.BookingService - Booking created successfully with token: 11055cc6 for John Doe
2025-11-02 16:12:43 [main] INFO  u.d.tqs.hw1.service.BookingService - Creating new booking for John Doe in Aveiro on 2025-11-03 at slot 7
2025-11-02 16:12:43 [main] INFO  u.d.tqs.hw1.service.BookingService - Booking created successfully with token: 11055cc6 for John Doe
2025-11-02 16:12:43 [main] INFO  u.d.tqs.hw1.service.BookingService - Creating new booking for John Doe in Aveiro on 2025-11-03 at slot 8
2025-11-02 16:12:43 [main] INFO  u.d.tqs.hw1.service.BookingService - Booking created successfully with token: 11055cc6 for John Doe
2025-11-02 16:12:43 [main] INFO  u.d.tqs.hw1.service.BookingService - Creating new booking for John Doe in Aveiro on 2025-11-03 at slot 0
2025-11-02 16:12:43 [main] INFO  u.d.tqs.hw1.service.BookingService - Booking created successfully with token: 11055cc6 for John Doe
2025-11-02 16:12:43 [main] INFO  u.d.tqs.hw1.service.BookingService - Creating new booking for John Doe in Aveiro on 2025-11-03 at slot 1
2025-11-02 16:12:43 [main] INFO  u.d.tqs.hw1.service.BookingService - Booking created successfully with token: 11055cc6 for John Doe
2025-11-02 16:12:43 [main] INFO  u.d.tqs.hw1.service.BookingService - Creating new booking for John Doe in Aveiro on 2025-11-03 at slot 2
2025-11-02 16:12:43 [main] INFO  u.d.tqs.hw1.service.BookingService - Booking created successfully with token: 11055cc6 for John Doe
2025-11-02 16:12:43 [main] INFO  u.d.tqs.hw1.service.BookingService - Creating new booking for John Doe in Aveiro on 2025-11-03 at slot 3
2025-11-02 16:12:43 [main] INFO  u.d.tqs.hw1.service.BookingService - Booking created successfully with token: 11055cc6 for John Doe
2025-11-02 16:12:43 [main] INFO  u.d.tqs.hw1.service.BookingService - Creating new booking for John Doe in Aveiro on 2025-11-03 at slot 4
2025-11-02 16:12:43 [main] INFO  u.d.tqs.hw1.service.BookingService - Booking created successfully with token: 11055cc6 for John Doe
2025-11-02 16:12:43 [main] INFO  u.d.tqs.hw1.service.BookingService - Creating new booking for John Doe in Aveiro on 2025-11-03 at slot 5
2025-11-02 16:12:43 [main] INFO  u.d.tqs.hw1.service.BookingService - Booking created successfully with token: 11055cc6 for John Doe
2025-11-02 16:12:43 [main] INFO  u.d.tqs.hw1.service.BookingService - Creating new booking for John Doe in Aveiro on 2025-11-03 at slot 6
2025-11-02 16:12:43 [main] INFO  u.d.tqs.hw1.service.BookingService - Booking created successfully with token: 11055cc6 for John Doe
2025-11-02 16:12:43 [main] INFO  u.d.tqs.hw1.service.BookingService - Creating new booking for John Doe in Aveiro on 2025-11-03 at slot 7
2025-11-02 16:12:43 [main] INFO  u.d.tqs.hw1.service.BookingService - Booking created successfully with token: 11055cc6 for John Doe
2025-11-02 16:12:43 [main] INFO  u.d.tqs.hw1.service.BookingService - Creating new booking for John Doe in Aveiro on 2025-11-03 at slot 8
2025-11-02 16:12:43 [main] INFO  u.d.tqs.hw1.service.BookingService - Booking created successfully with token: 11055cc6 for John Doe
2025-11-02 16:12:43 [main] INFO  u.d.tqs.hw1.service.BookingService - Creating new booking for John Doe in Aveiro on 2025-11-03 at slot 0
2025-11-02 16:12:43 [main] INFO  u.d.tqs.hw1.service.BookingService - Booking created successfully with token: 11055cc6 for John Doe
2025-11-02 16:12:43 [main] INFO  u.d.tqs.hw1.service.BookingService - Creating new booking for John Doe in Aveiro on 2025-11-03 at slot 1
2025-11-02 16:12:43 [main] INFO  u.d.tqs.hw1.service.BookingService - Booking created successfully with token: 11055cc6 for John Doe
2025-11-02 16:12:43 [main] INFO  u.d.tqs.hw1.service.BookingService - Creating new booking for John Doe in Aveiro on 2025-11-03 at slot 2
2025-11-02 16:12:43 [main] INFO  u.d.tqs.hw1.service.BookingService - Booking created successfully with token: 11055cc6 for John Doe
2025-11-02 16:12:43 [main] INFO  u.d.tqs.hw1.service.BookingService - Creating new booking for John Doe in Aveiro on 2025-11-03 at slot 3
2025-11-02 16:12:43 [main] INFO  u.d.tqs.hw1.service.BookingService - Booking created successfully with token: 11055cc6 for John Doe
2025-11-02 16:12:43 [main] INFO  u.d.tqs.hw1.service.BookingService - Creating new booking for John Doe in Aveiro on 2025-11-03 at slot 4
2025-11-02 16:12:43 [main] INFO  u.d.tqs.hw1.service.BookingService - Booking created successfully with token: 11055cc6 for John Doe
2025-11-02 16:12:43 [main] INFO  u.d.tqs.hw1.service.BookingService - Creating new booking for John Doe in Aveiro on 2025-11-03 at slot 5
2025-11-02 16:12:43 [main] INFO  u.d.tqs.hw1.service.BookingService - Booking created successfully with token: 11055cc6 for John Doe
2025-11-02 16:12:43 [main] INFO  u.d.tqs.hw1.service.BookingService - Creating new booking for John Doe in Aveiro on 2025-11-03 at slot 6
2025-11-02 16:12:43 [main] INFO  u.d.tqs.hw1.service.BookingService - Booking created successfully with token: 11055cc6 for John Doe
2025-11-02 16:12:43 [main] INFO  u.d.tqs.hw1.service.BookingService - Creating new booking for John Doe in Aveiro on 2025-11-03 at slot 7
2025-11-02 16:12:43 [main] INFO  u.d.tqs.hw1.service.BookingService - Booking created successfully with token: 11055cc6 for John Doe
2025-11-02 16:12:43 [main] INFO  u.d.tqs.hw1.service.BookingService - Creating new booking for John Doe in Aveiro on 2025-11-03 at slot 8
2025-11-02 16:12:43 [main] INFO  u.d.tqs.hw1.service.BookingService - Booking created successfully with token: 11055cc6 for John Doe
2025-11-02 16:12:43 [main] INFO  u.d.tqs.hw1.service.BookingService - Creating new booking for John Doe in Aveiro on 2025-11-03 at slot 0
2025-11-02 16:12:43 [main] INFO  u.d.tqs.hw1.service.BookingService - Booking created successfully with token: 11055cc6 for John Doe
2025-11-02 16:12:43 [main] INFO  u.d.tqs.hw1.service.BookingService - Creating new booking for John Doe in Aveiro on 2025-11-03 at slot 1
2025-11-02 16:12:43 [main] INFO  u.d.tqs.hw1.service.BookingService - Booking created successfully with token: 11055cc6 for John Doe
2025-11-02 16:12:43 [main] INFO  u.d.tqs.hw1.service.BookingService - Creating new booking for John Doe in Aveiro on 2025-11-03 at slot 2
2025-11-02 16:12:43 [main] INFO  u.d.tqs.hw1.service.BookingService - Booking created successfully with token: 11055cc6 for John Doe
2025-11-02 16:12:43 [main] INFO  u.d.tqs.hw1.service.BookingService - Creating new booking for John Doe in Aveiro on 2025-11-03 at slot 3
2025-11-02 16:12:43 [main] INFO  u.d.tqs.hw1.service.BookingService - Booking created successfully with token: 11055cc6 for John Doe
2025-11-02 16:12:43 [main] INFO  u.d.tqs.hw1.service.BookingService - Creating new booking for John Doe in Aveiro on 2025-11-03 at slot 4
2025-11-02 16:12:43 [main] INFO  u.d.tqs.hw1.service.BookingService - Booking created successfully with token: 11055cc6 for John Doe
2025-11-02 16:12:43 [main] INFO  u.d.tqs.hw1.service.BookingService - Creating new booking for John Doe in Aveiro on 2025-11-03 at slot 5
2025-11-02 16:12:43 [main] INFO  u.d.tqs.hw1.service.BookingService - Booking created successfully with token: 11055cc6 for John Doe
2025-11-02 16:12:43 [main] INFO  u.d.tqs.hw1.service.BookingService - Creating new booking for John Doe in Aveiro on 2025-11-03 at slot 6
2025-11-02 16:12:43 [main] INFO  u.d.tqs.hw1.service.BookingService - Booking created successfully with token: 11055cc6 for John Doe
2025-11-02 16:12:43 [main] INFO  u.d.tqs.hw1.service.BookingService - Creating new booking for John Doe in Aveiro on 2025-11-03 at slot 7
2025-11-02 16:12:43 [main] INFO  u.d.tqs.hw1.service.BookingService - Booking created successfully with token: 11055cc6 for John Doe
2025-11-02 16:12:43 [main] INFO  u.d.tqs.hw1.service.BookingService - Creating new booking for John Doe in Aveiro on 2025-11-03 at slot 8
2025-11-02 16:12:43 [main] INFO  u.d.tqs.hw1.service.BookingService - Booking created successfully with token: 11055cc6 for John Doe
2025-11-02 16:12:43 [main] INFO  u.d.tqs.hw1.service.BookingService - Creating new booking for John Doe in Aveiro on 2025-11-03 at slot 0
2025-11-02 16:12:43 [main] INFO  u.d.tqs.hw1.service.BookingService - Booking created successfully with token: 11055cc6 for John Doe
2025-11-02 16:12:43 [main] INFO  u.d.tqs.hw1.service.BookingService - Creating new booking for John Doe in Aveiro on 2025-11-03 at slot 1
2025-11-02 16:12:43 [main] INFO  u.d.tqs.hw1.service.BookingService - Booking created successfully with token: 11055cc6 for John Doe
2025-11-02 16:12:43 [main] INFO  u.d.tqs.hw1.service.BookingService - Creating new booking for John Doe in Aveiro on 2025-11-03 at slot 2
2025-11-02 16:12:43 [main] INFO  u.d.tqs.hw1.service.BookingService - Booking created successfully with token: 11055cc6 for John Doe
2025-11-02 16:12:43 [main] INFO  u.d.tqs.hw1.service.BookingService - Creating new booking for John Doe in Aveiro on 2025-11-03 at slot 3
2025-11-02 16:12:43 [main] INFO  u.d.tqs.hw1.service.BookingService - Booking created successfully with token: 11055cc6 for John Doe
2025-11-02 16:12:43 [main] INFO  u.d.tqs.hw1.service.BookingService - Creating new booking for John Doe in Aveiro on 2025-11-03 at slot 4
2025-11-02 16:12:43 [main] INFO  u.d.tqs.hw1.service.BookingService - Booking created successfully with token: 11055cc6 for John Doe
2025-11-02 16:12:43 [main] INFO  u.d.tqs.hw1.service.BookingService - Creating new booking for John Doe in Aveiro on 2025-11-03 at slot 5
2025-11-02 16:12:43 [main] INFO  u.d.tqs.hw1.service.BookingService - Booking created successfully with token: 11055cc6 for John Doe
2025-11-02 16:12:43 [main] INFO  u.d.tqs.hw1.service.BookingService - Creating new booking for John Doe in Aveiro on 2025-11-03 at slot 6
2025-11-02 16:12:43 [main] INFO  u.d.tqs.hw1.service.BookingService - Booking created successfully with token: 11055cc6 for John Doe
2025-11-02 16:12:43 [main] INFO  u.d.tqs.hw1.service.BookingService - Creating new booking for John Doe in Aveiro on 2025-11-03 at slot 7
2025-11-02 16:12:43 [main] INFO  u.d.tqs.hw1.service.BookingService - Booking created successfully with token: 11055cc6 for John Doe
2025-11-02 16:12:43 [main] INFO  u.d.tqs.hw1.service.BookingService - Creating new booking for John Doe in Aveiro on 2025-11-03 at slot 8
2025-11-02 16:12:43 [main] INFO  u.d.tqs.hw1.service.BookingService - Booking created successfully with token: 11055cc6 for John Doe
2025-11-02 16:12:43 [main] INFO  u.d.tqs.hw1.service.BookingService - Creating new booking for John Doe in Aveiro on 2025-11-03 at slot 0
2025-11-02 16:12:43 [main] INFO  u.d.tqs.hw1.service.BookingService - Booking created successfully with token: 11055cc6 for John Doe
2025-11-02 16:12:43 [main] INFO  u.d.tqs.hw1.service.BookingService - Creating new booking for John Doe in Aveiro on 2025-11-03 at slot 1
2025-11-02 16:12:43 [main] INFO  u.d.tqs.hw1.service.BookingService - Booking created successfully with token: 11055cc6 for John Doe
2025-11-02 16:12:43 [main] INFO  u.d.tqs.hw1.service.BookingService - Creating new booking for John Doe in Aveiro on 2025-11-03 at slot 2
2025-11-02 16:12:43 [main] INFO  u.d.tqs.hw1.service.BookingService - Booking created successfully with token: 11055cc6 for John Doe
2025-11-02 16:12:43 [main] INFO  u.d.tqs.hw1.service.BookingService - Creating new booking for John Doe in Aveiro on 2025-11-03 at slot 3
2025-11-02 16:12:43 [main] INFO  u.d.tqs.hw1.service.BookingService - Booking created successfully with token: 11055cc6 for John Doe
2025-11-02 16:12:43 [main] INFO  u.d.tqs.hw1.service.BookingService - Creating new booking for John Doe in Aveiro on 2025-11-03 at slot 4
2025-11-02 16:12:43 [main] INFO  u.d.tqs.hw1.service.BookingService - Booking created successfully with token: 11055cc6 for John Doe
2025-11-02 16:12:43 [main] INFO  u.d.tqs.hw1.service.BookingService - Creating new booking for John Doe in Aveiro on 2025-11-03 at slot 5
2025-11-02 16:12:43 [main] INFO  u.d.tqs.hw1.service.BookingService - Booking created successfully with token: 11055cc6 for John Doe
2025-11-02 16:12:43 [main] INFO  u.d.tqs.hw1.service.BookingService - Creating new booking for John Doe in Aveiro on 2025-11-03 at slot 6
2025-11-02 16:12:43 [main] INFO  u.d.tqs.hw1.service.BookingService - Booking created successfully with token: 11055cc6 for John Doe
2025-11-02 16:12:43 [main] INFO  u.d.tqs.hw1.service.BookingService - Creating new booking for John Doe in Aveiro on 2025-11-03 at slot 7
2025-11-02 16:12:43 [main] INFO  u.d.tqs.hw1.service.BookingService - Booking created successfully with token: 11055cc6 for John Doe
2025-11-02 16:12:43 [main] INFO  u.d.tqs.hw1.service.BookingService - Creating new booking for John Doe in Aveiro on 2025-11-03 at slot 8
2025-11-02 16:12:43 [main] INFO  u.d.tqs.hw1.service.BookingService - Booking created successfully with token: 11055cc6 for John Doe
2025-11-02 16:12:43 [main] INFO  u.d.tqs.hw1.service.BookingService - Creating new booking for John Doe in Aveiro on 2025-11-03 at slot 0
2025-11-02 16:12:43 [main] INFO  u.d.tqs.hw1.service.BookingService - Booking created successfully with token: 11055cc6 for John Doe
2025-11-02 16:12:43 [main] INFO  u.d.tqs.hw1.service.BookingService - Creating new booking for John Doe in Aveiro on 2025-11-03 at slot 1
2025-11-02 16:12:43 [main] INFO  u.d.tqs.hw1.service.BookingService - Booking created successfully with token: 11055cc6 for John Doe
2025-11-02 16:12:43 [main] INFO  u.d.tqs.hw1.service.BookingService - Creating new booking for John Doe in Aveiro on 2025-11-03 at slot 2
2025-11-02 16:12:43 [main] INFO  u.d.tqs.hw1.service.BookingService - Booking created successfully with token: 11055cc6 for John Doe
2025-11-02 16:12:43 [main] INFO  u.d.tqs.hw1.service.BookingService - Creating new booking for John Doe in Aveiro on 2025-11-03 at slot 3
2025-11-02 16:12:43 [main] INFO  u.d.tqs.hw1.service.BookingService - Booking created successfully with token: 11055cc6 for John Doe
2025-11-02 16:12:43 [main] INFO  u.d.tqs.hw1.service.BookingService - Creating new booking for John Doe in Aveiro on 2025-11-03 at slot 4
2025-11-02 16:12:43 [main] INFO  u.d.tqs.hw1.service.BookingService - Booking created successfully with token: 11055cc6 for John Doe
2025-11-02 16:12:43 [main] INFO  u.d.tqs.hw1.service.BookingService - Creating new booking for John Doe in Aveiro on 2025-11-03 at slot 5
2025-11-02 16:12:43 [main] INFO  u.d.tqs.hw1.service.BookingService - Booking created successfully with token: 11055cc6 for John Doe
2025-11-02 16:12:43 [main] INFO  u.d.tqs.hw1.service.BookingService - Creating new booking for John Doe in Aveiro on 2025-11-03 at slot 6
2025-11-02 16:12:43 [main] INFO  u.d.tqs.hw1.service.BookingService - Booking created successfully with token: 11055cc6 for John Doe
2025-11-02 16:12:43 [main] INFO  u.d.tqs.hw1.service.BookingService - Creating new booking for John Doe in Aveiro on 2025-11-03 at slot 7
2025-11-02 16:12:43 [main] INFO  u.d.tqs.hw1.service.BookingService - Booking created successfully with token: 11055cc6 for John Doe
2025-11-02 16:12:43 [main] INFO  u.d.tqs.hw1.service.BookingService - Creating new booking for John Doe in Aveiro on 2025-11-03 at slot 8
2025-11-02 16:12:43 [main] INFO  u.d.tqs.hw1.service.BookingService - Booking created successfully with token: 11055cc6 for John Doe
2025-11-02 16:12:43 [main] INFO  u.d.tqs.hw1.service.BookingService - Creating new booking for John Doe in Aveiro on 2025-11-03 at slot 0
2025-11-02 16:12:43 [main] INFO  u.d.tqs.hw1.service.BookingService - Booking created successfully with token: 11055cc6 for John Doe
2025-11-02 16:12:43 [SpringApplicationShutdownHook] INFO  o.s.o.j.LocalContainerEntityManagerFactoryBean - Closing JPA EntityManagerFactory for persistence unit 'default'
2025-11-02 16:12:43 [SpringApplicationShutdownHook] INFO  com.zaxxer.hikari.HikariDataSource - HikariPool-1 - Shutdown initiated...
2025-11-02 16:12:43 [SpringApplicationShutdownHook] INFO  com.zaxxer.hikari.HikariDataSource - HikariPool-1 - Shutdown completed.
2025-11-02 16:12:43 [SpringApplicationShutdownHook] INFO  o.s.b.w.e.tomcat.GracefulShutdown - Commencing graceful shutdown. Waiting for active requests to complete
2025-11-02 16:12:43 [tomcat-shutdown] INFO  o.s.b.w.e.tomcat.GracefulShutdown - Graceful shutdown complete
2025-11-02 16:12:43 [SpringApplicationShutdownHook] INFO  o.s.o.j.LocalContainerEntityManagerFactoryBean - Closing JPA EntityManagerFactory for persistence unit 'default'
2025-11-02 16:12:43 [SpringApplicationShutdownHook] INFO  com.zaxxer.hikari.HikariDataSource - HikariPool-2 - Shutdown initiated...
2025-11-02 16:12:43 [SpringApplicationShutdownHook] INFO  com.zaxxer.hikari.HikariDataSource - HikariPool-2 - Shutdown completed.
2025-11-02 16:12:51 [main] INFO  u.d.t.h.c.MunicipalityControllerTest - Starting MunicipalityControllerTest using Java 21.0.8 with PID 234850 (started by duarte in /home/duarte/doc/Personal/UA/3ºAno/TQS/P/ZeroMonos)
2025-11-02 16:12:51 [main] INFO  u.d.t.h.c.MunicipalityControllerTest - No active profile set, falling back to 1 default profile: "default"
2025-11-02 16:12:51 [main] INFO  o.s.d.r.c.RepositoryConfigurationDelegate - Bootstrapping Spring Data JPA repositories in DEFAULT mode.
2025-11-02 16:12:51 [main] INFO  o.s.d.r.c.RepositoryConfigurationDelegate - Finished Spring Data repository scanning in 40 ms. Found 1 JPA repository interface.
2025-11-02 16:12:52 [main] INFO  o.h.jpa.internal.util.LogHelper - HHH000204: Processing PersistenceUnitInfo [name: default]
2025-11-02 16:12:52 [main] INFO  org.hibernate.Version - HHH000412: Hibernate ORM core version 6.6.29.Final
2025-11-02 16:12:52 [main] INFO  o.h.c.i.RegionFactoryInitiator - HHH000026: Second-level cache disabled
2025-11-02 16:12:52 [main] INFO  o.s.o.j.p.SpringPersistenceUnitInfo - No LoadTimeWeaver setup: ignoring JPA class transformer
2025-11-02 16:12:52 [main] INFO  com.zaxxer.hikari.HikariDataSource - HikariPool-1 - Starting...
2025-11-02 16:12:52 [main] INFO  com.zaxxer.hikari.pool.HikariPool - HikariPool-1 - Added connection org.postgresql.jdbc.PgConnection@165e3835
2025-11-02 16:12:52 [main] INFO  com.zaxxer.hikari.HikariDataSource - HikariPool-1 - Start completed.
2025-11-02 16:12:52 [main] WARN  org.hibernate.orm.deprecation - HHH90000025: PostgreSQLDialect does not need to be specified explicitly using 'hibernate.dialect' (remove the property setting and it will be selected by default)
2025-11-02 16:12:52 [main] INFO  o.hibernate.orm.connections.pooling - HHH10001005: Database info:
	Database JDBC URL [Connecting through datasource 'HikariDataSource (HikariPool-1)']
	Database driver: undefined/unknown
	Database version: 18.0
	Autocommit mode: undefined/unknown
	Isolation level: undefined/unknown
	Minimum pool size: undefined/unknown
	Maximum pool size: undefined/unknown
2025-11-02 16:12:54 [main] INFO  o.h.e.t.j.p.i.JtaPlatformInitiator - HHH000489: No JTA platform available (set 'hibernate.transaction.jta.platform' to enable JTA platform integration)
2025-11-02 16:12:54 [main] INFO  o.s.o.j.LocalContainerEntityManagerFactoryBean - Initialized JPA EntityManagerFactory for persistence unit 'default'
2025-11-02 16:12:54 [main] INFO  o.s.d.j.r.query.QueryEnhancerFactory - Hibernate is in classpath; If applicable, HQL parser will be used.
2025-11-02 16:12:55 [main] INFO  u.d.tqs.hw1.service.BookingService - BookingService initialized
2025-11-02 16:12:55 [main] WARN  o.s.b.a.o.j.JpaBaseConfiguration$JpaWebConfiguration - spring.jpa.open-in-view is enabled by default. Therefore, database queries may be performed during view rendering. Explicitly configure spring.jpa.open-in-view to disable this warning
2025-11-02 16:12:55 [main] INFO  o.s.b.a.w.s.WelcomePageHandlerMapping - Adding welcome page template: index
2025-11-02 16:12:55 [main] INFO  o.s.b.t.m.w.SpringBootMockServletContext - Initializing Spring TestDispatcherServlet ''
2025-11-02 16:12:55 [main] INFO  o.s.t.w.s.TestDispatcherServlet - Initializing Servlet ''
2025-11-02 16:12:55 [main] INFO  o.s.t.w.s.TestDispatcherServlet - Completed initialization in 1 ms
2025-11-02 16:12:55 [main] INFO  u.d.t.h.c.MunicipalityControllerTest - Started MunicipalityControllerTest in 5.097 seconds (process running for 6.985)
2025-11-02 16:12:56 [main] INFO  o.s.t.c.s.AnnotationConfigContextLoaderUtils - Could not detect default configuration classes for test class [ua.deti.tqs.hw1.controller.BookingControllerTest]: BookingControllerTest does not declare any static, non-private, non-final, nested classes annotated with @Configuration.
2025-11-02 16:12:56 [main] INFO  o.s.b.t.c.SpringBootTestContextBootstrapper - Found @SpringBootConfiguration ua.deti.tqs.hw1.ZeroMonosApplication for test class ua.deti.tqs.hw1.controller.BookingControllerTest
2025-11-02 16:12:57 [main] INFO  u.d.tqs.hw1.service.BookingService - Deleting booking with ID: 520
2025-11-02 16:12:57 [main] INFO  u.d.tqs.hw1.service.BookingService - Booking 520 deleted successfully
2025-11-02 16:12:57 [main] INFO  u.d.tqs.hw1.service.BookingService - Creating new booking for Jane Smith in Aveiro on 2025-11-03 at slot 2
2025-11-02 16:12:57 [main] WARN  u.d.tqs.hw1.service.BookingService - Booking creation failed: Time slot 2 on 2025-11-03 already occupied in Aveiro
2025-11-02 16:12:57 [main] INFO  u.d.tqs.hw1.service.BookingService - Creating new booking for John Doe in Aveiro on 2025-11-01 at slot 2
2025-11-02 16:12:57 [main] WARN  u.d.tqs.hw1.service.BookingService - Booking creation failed: Invalid date 2025-11-01 for John Doe
2025-11-02 16:12:57 [main] WARN  o.s.w.s.m.s.DefaultHandlerExceptionResolver - Resolved [org.springframework.web.bind.MethodArgumentNotValidException: Validation failed for argument [0] in public org.springframework.http.ResponseEntity<java.lang.Object> ua.deti.tqs.hw1.controller.BookingController.create(ua.deti.tqs.hw1.model.Booking): [Field error in object 'booking' on field 'citizenName': rejected value [john]; codes [Pattern.booking.citizenName,Pattern.citizenName,Pattern.java.lang.String,Pattern]; arguments [org.springframework.context.support.DefaultMessageSourceResolvable: codes [booking.citizenName,citizenName]; arguments []; default message [citizenName],[Ljakarta.validation.constraints.Pattern$Flag;@29167528,^[A-Z][a-z]+(?: [A-Z][a-z]+)*$]; default message [Name must have at least two words, each starting with uppercase letter, letters only]] ]
2025-11-02 16:12:57 [main] WARN  o.s.w.s.m.s.DefaultHandlerExceptionResolver - Resolved [org.springframework.web.bind.MethodArgumentNotValidException: Validation failed for argument [0] in public org.springframework.http.ResponseEntity<java.lang.Object> ua.deti.tqs.hw1.controller.BookingController.create(ua.deti.tqs.hw1.model.Booking): [Field error in object 'booking' on field 'description': rejected value [TV]; codes [Size.booking.description,Size.description,Size.java.lang.String,Size]; arguments [org.springframework.context.support.DefaultMessageSourceResolvable: codes [booking.description,description]; arguments []; default message [description],2147483647,4]; default message [Description must have at least 4 characters]] ]
2025-11-02 16:12:57 [main] INFO  u.d.tqs.hw1.service.BookingService - Updating booking 524 status to CANCELLED
2025-11-02 16:12:57 [main] INFO  u.d.tqs.hw1.service.BookingService - Booking 524 status changed from RECEIVED to CANCELLED for citizen John Doe
2025-11-02 16:12:57 [main] INFO  u.d.tqs.hw1.service.BookingService - Time slot 11:00 on 2025-11-03 for Aveiro is now available (booking 524 cancelled)
2025-11-02 16:12:57 [main] INFO  u.d.tqs.hw1.service.BookingService - Creating new booking for John Doe in Aveiro on 2025-11-03 at slot 2
2025-11-02 16:12:57 [main] INFO  u.d.tqs.hw1.service.BookingService - Booking created successfully with token: cbacdb71 for John Doe
2025-11-02 16:12:57 [main] INFO  u.d.tqs.hw1.service.BookingService - Updating booking 528 status to IN_PROGRESS
2025-11-02 16:12:57 [main] INFO  u.d.tqs.hw1.service.BookingService - Booking 528 status changed from RECEIVED to IN_PROGRESS for citizen John Doe
2025-11-02 16:12:57 [main] INFO  o.s.t.c.s.AnnotationConfigContextLoaderUtils - Could not detect default configuration classes for test class [ua.deti.tqs.hw1.functional.FunctionalSeleniumTest]: FunctionalSeleniumTest does not declare any static, non-private, non-final, nested classes annotated with @Configuration.
2025-11-02 16:12:57 [main] INFO  o.s.b.t.c.SpringBootTestContextBootstrapper - Found @SpringBootConfiguration ua.deti.tqs.hw1.ZeroMonosApplication for test class ua.deti.tqs.hw1.functional.FunctionalSeleniumTest
2025-11-02 16:12:57 [main] INFO  o.s.b.d.r.RestartApplicationListener - Restart disabled due to context in which it is running
2025-11-02 16:12:57 [main] INFO  u.d.t.h.f.FunctionalSeleniumTest - Starting FunctionalSeleniumTest using Java 21.0.8 with PID 234850 (started by duarte in /home/duarte/doc/Personal/UA/3ºAno/TQS/P/ZeroMonos)
2025-11-02 16:12:57 [main] INFO  u.d.t.h.f.FunctionalSeleniumTest - No active profile set, falling back to 1 default profile: "default"
2025-11-02 16:12:57 [main] INFO  o.s.d.r.c.RepositoryConfigurationDelegate - Bootstrapping Spring Data JPA repositories in DEFAULT mode.
2025-11-02 16:12:57 [main] INFO  o.s.d.r.c.RepositoryConfigurationDelegate - Finished Spring Data repository scanning in 8 ms. Found 1 JPA repository interface.
2025-11-02 16:12:58 [main] INFO  o.s.b.w.e.tomcat.TomcatWebServer - Tomcat initialized with port 0 (http)
2025-11-02 16:12:58 [main] INFO  o.a.catalina.core.StandardService - Starting service [Tomcat]
2025-11-02 16:12:58 [main] INFO  o.a.catalina.core.StandardEngine - Starting Servlet engine: [Apache Tomcat/10.1.46]
2025-11-02 16:12:58 [main] INFO  o.a.c.c.C.[Tomcat].[localhost].[/] - Initializing Spring embedded WebApplicationContext
2025-11-02 16:12:58 [main] INFO  o.s.b.w.s.c.ServletWebServerApplicationContext - Root WebApplicationContext: initialization completed in 490 ms
2025-11-02 16:12:58 [main] INFO  o.h.jpa.internal.util.LogHelper - HHH000204: Processing PersistenceUnitInfo [name: default]
2025-11-02 16:12:58 [main] INFO  o.h.c.i.RegionFactoryInitiator - HHH000026: Second-level cache disabled
2025-11-02 16:12:58 [main] INFO  o.s.o.j.p.SpringPersistenceUnitInfo - No LoadTimeWeaver setup: ignoring JPA class transformer
2025-11-02 16:12:58 [main] INFO  com.zaxxer.hikari.HikariDataSource - HikariPool-2 - Starting...
2025-11-02 16:12:58 [main] INFO  com.zaxxer.hikari.pool.HikariPool - HikariPool-2 - Added connection org.postgresql.jdbc.PgConnection@61ec7ea5
2025-11-02 16:12:58 [main] INFO  com.zaxxer.hikari.HikariDataSource - HikariPool-2 - Start completed.
2025-11-02 16:12:58 [main] WARN  org.hibernate.orm.deprecation - HHH90000025: PostgreSQLDialect does not need to be specified explicitly using 'hibernate.dialect' (remove the property setting and it will be selected by default)
2025-11-02 16:12:58 [main] INFO  o.hibernate.orm.connections.pooling - HHH10001005: Database info:
	Database JDBC URL [Connecting through datasource 'HikariDataSource (HikariPool-2)']
	Database driver: undefined/unknown
	Database version: 18.0
	Autocommit mode: undefined/unknown
	Isolation level: undefined/unknown
	Minimum pool size: undefined/unknown
	Maximum pool size: undefined/unknown
2025-11-02 16:12:58 [main] INFO  o.h.e.t.j.p.i.JtaPlatformInitiator - HHH000489: No JTA platform available (set 'hibernate.transaction.jta.platform' to enable JTA platform integration)
2025-11-02 16:12:58 [main] INFO  o.s.o.j.LocalContainerEntityManagerFactoryBean - Initialized JPA EntityManagerFactory for persistence unit 'default'
2025-11-02 16:12:58 [main] INFO  u.d.tqs.hw1.service.BookingService - BookingService initialized
2025-11-02 16:12:58 [main] WARN  o.s.b.a.o.j.JpaBaseConfiguration$JpaWebConfiguration - spring.jpa.open-in-view is enabled by default. Therefore, database queries may be performed during view rendering. Explicitly configure spring.jpa.open-in-view to disable this warning
2025-11-02 16:12:58 [main] INFO  o.s.b.a.w.s.WelcomePageHandlerMapping - Adding welcome page template: index
2025-11-02 16:12:58 [main] INFO  o.s.b.w.e.tomcat.TomcatWebServer - Tomcat started on port 46265 (http) with context path '/'
2025-11-02 16:12:58 [main] INFO  u.d.t.h.f.FunctionalSeleniumTest - Started FunctionalSeleniumTest in 0.871 seconds (process running for 9.574)
2025-11-02 16:12:58 [main] INFO  i.g.bonigarcia.wdm.WebDriverManager - Using geckodriver 0.36.0 (resolved driver for Firefox 144)
2025-11-02 16:12:58 [main] INFO  i.g.bonigarcia.wdm.WebDriverManager - Exporting webdriver.gecko.driver as /home/duarte/.cache/selenium/geckodriver/linux64/0.36.0/geckodriver
2025-11-02 16:13:00 [http-nio-auto-1-exec-1] INFO  o.a.c.c.C.[Tomcat].[localhost].[/] - Initializing Spring DispatcherServlet 'dispatcherServlet'
2025-11-02 16:13:01 [http-nio-auto-1-exec-7] INFO  u.d.tqs.hw1.service.BookingService - Creating new booking for Maria Silva in Aveiro on 2025-11-04 at slot 0
2025-11-02 16:13:01 [http-nio-auto-1-exec-7] INFO  u.d.tqs.hw1.service.BookingService - Booking created successfully with token: cf839587 for Maria Silva
2025-11-02 16:13:02 [http-nio-auto-1-exec-3] INFO  u.d.tqs.hw1.service.BookingService - Creating new booking for Maria Silva in Ílhavo on 2025-11-04 at slot 0
2025-11-02 16:13:02 [http-nio-auto-1-exec-3] INFO  u.d.tqs.hw1.service.BookingService - Booking created successfully with token: 5abe2d69 for Maria Silva
2025-11-02 16:13:03 [main] INFO  i.g.bonigarcia.wdm.WebDriverManager - Using geckodriver 0.36.0 (resolved driver for Firefox 144)
2025-11-02 16:13:03 [main] INFO  i.g.bonigarcia.wdm.WebDriverManager - Exporting webdriver.gecko.driver as /home/duarte/.cache/selenium/geckodriver/linux64/0.36.0/geckodriver
2025-11-02 16:13:16 [http-nio-auto-1-exec-10] INFO  u.d.tqs.hw1.service.BookingService - Updating booking 529 status to ASSIGNED
2025-11-02 16:13:16 [http-nio-auto-1-exec-10] INFO  u.d.tqs.hw1.service.BookingService - Booking 529 status changed from RECEIVED to ASSIGNED for citizen Maria Silva
2025-11-02 16:13:16 [main] INFO  i.g.bonigarcia.wdm.WebDriverManager - Using geckodriver 0.36.0 (resolved driver for Firefox 144)
2025-11-02 16:13:16 [main] INFO  i.g.bonigarcia.wdm.WebDriverManager - Exporting webdriver.gecko.driver as /home/duarte/.cache/selenium/geckodriver/linux64/0.36.0/geckodriver
2025-11-02 16:13:21 [main] INFO  i.g.bonigarcia.wdm.WebDriverManager - Using geckodriver 0.36.0 (resolved driver for Firefox 144)
2025-11-02 16:13:21 [main] INFO  i.g.bonigarcia.wdm.WebDriverManager - Exporting webdriver.gecko.driver as /home/duarte/.cache/selenium/geckodriver/linux64/0.36.0/geckodriver
2025-11-02 16:13:23 [http-nio-auto-1-exec-8] INFO  u.d.tqs.hw1.service.BookingService - Updating booking 530 status to CANCELLED
2025-11-02 16:13:23 [http-nio-auto-1-exec-8] INFO  u.d.tqs.hw1.service.BookingService - Booking 530 status changed from RECEIVED to CANCELLED for citizen Maria Silva
2025-11-02 16:13:23 [http-nio-auto-1-exec-8] INFO  u.d.tqs.hw1.service.BookingService - Time slot 09:00 on 2025-11-04 for Ílhavo is now available (booking 530 cancelled)
2025-11-02 16:13:34 [main] INFO  u.d.tqs.hw1.service.BookingService - BookingService initialized
2025-11-02 16:13:34 [main] INFO  u.d.tqs.hw1.service.BookingService - BookingService initialized
2025-11-02 16:13:34 [main] INFO  u.d.tqs.hw1.service.BookingService - BookingService initialized
2025-11-02 16:13:34 [main] WARN  u.d.tqs.hw1.service.BookingService - Attempted to delete non-existent booking with ID: 99
2025-11-02 16:13:34 [main] INFO  u.d.tqs.hw1.service.BookingService - BookingService initialized
2025-11-02 16:13:34 [main] INFO  u.d.tqs.hw1.service.BookingService - Updating booking 1 status to IN_PROGRESS
2025-11-02 16:13:34 [main] INFO  u.d.tqs.hw1.service.BookingService - Booking 1 status changed from RECEIVED to IN_PROGRESS for citizen John Doe
2025-11-02 16:13:34 [main] INFO  u.d.tqs.hw1.service.BookingService - BookingService initialized
2025-11-02 16:13:34 [main] INFO  u.d.tqs.hw1.service.BookingService - BookingService initialized
2025-11-02 16:13:34 [main] INFO  u.d.tqs.hw1.service.BookingService - Creating new booking for John Doe in Aveiro on 2025-11-03 at slot 2
2025-11-02 16:13:34 [main] WARN  u.d.tqs.hw1.service.BookingService - Booking creation failed: Time slot 2 on 2025-11-03 already occupied in Aveiro
2025-11-02 16:13:34 [main] INFO  u.d.tqs.hw1.service.BookingService - BookingService initialized
2025-11-02 16:13:34 [main] INFO  u.d.tqs.hw1.service.BookingService - BookingService initialized
2025-11-02 16:13:34 [main] INFO  u.d.tqs.hw1.service.BookingService - Creating new booking for John Doe in Aveiro on 2025-11-01 at slot 2
2025-11-02 16:13:34 [main] WARN  u.d.tqs.hw1.service.BookingService - Booking creation failed: Invalid date 2025-11-01 for John Doe
2025-11-02 16:13:34 [main] INFO  u.d.tqs.hw1.service.BookingService - BookingService initialized
2025-11-02 16:13:34 [main] INFO  u.d.tqs.hw1.service.BookingService - BookingService initialized
2025-11-02 16:13:34 [main] INFO  u.d.tqs.hw1.service.BookingService - Updating booking 1 status to CANCELLED
2025-11-02 16:13:34 [main] INFO  u.d.tqs.hw1.service.BookingService - Booking 1 status changed from RECEIVED to CANCELLED for citizen John Doe
2025-11-02 16:13:34 [main] INFO  u.d.tqs.hw1.service.BookingService - Time slot 11:00 on 2025-11-03 for Aveiro is now available (booking null cancelled)
2025-11-02 16:13:34 [main] INFO  u.d.tqs.hw1.service.BookingService - BookingService initialized
2025-11-02 16:13:34 [main] INFO  u.d.tqs.hw1.service.BookingService - BookingService initialized
2025-11-02 16:13:34 [main] INFO  u.d.tqs.hw1.service.BookingService - BookingService initialized
2025-11-02 16:13:34 [main] INFO  u.d.tqs.hw1.service.BookingService - BookingService initialized
2025-11-02 16:13:34 [main] INFO  u.d.tqs.hw1.service.BookingService - BookingService initialized
2025-11-02 16:13:34 [main] INFO  u.d.tqs.hw1.service.BookingService - BookingService initialized
2025-11-02 16:13:34 [main] INFO  u.d.tqs.hw1.service.BookingService - BookingService initialized
2025-11-02 16:13:34 [main] INFO  u.d.tqs.hw1.service.BookingService - BookingService initialized
2025-11-02 16:13:34 [main] INFO  u.d.tqs.hw1.service.BookingService - BookingService initialized
2025-11-02 16:13:34 [main] INFO  u.d.tqs.hw1.service.BookingService - BookingService initialized
2025-11-02 16:13:34 [main] INFO  u.d.tqs.hw1.service.BookingService - BookingService initialized
2025-11-02 16:13:34 [main] INFO  u.d.tqs.hw1.service.BookingService - BookingService initialized
2025-11-02 16:13:34 [main] INFO  u.d.tqs.hw1.service.BookingService - Deleting booking with ID: 1
2025-11-02 16:13:34 [main] INFO  u.d.tqs.hw1.service.BookingService - Booking 1 deleted successfully
2025-11-02 16:13:35 [main] INFO  u.d.tqs.hw1.service.BookingService - BookingService initialized
2025-11-02 16:13:35 [main] INFO  u.d.tqs.hw1.service.BookingService - BookingService initialized
2025-11-02 16:13:35 [main] INFO  u.d.tqs.hw1.service.BookingService - Updating booking 99 status to COMPLETED
2025-11-02 16:13:35 [main] WARN  u.d.tqs.hw1.service.BookingService - Attempted to update non-existent booking with ID: 99
2025-11-02 16:13:35 [main] INFO  u.d.tqs.hw1.service.BookingService - BookingService initialized
2025-11-02 16:13:35 [main] INFO  u.d.tqs.hw1.service.BookingService - BookingService initialized
2025-11-02 16:13:35 [main] INFO  u.d.tqs.hw1.service.BookingService - BookingService initialized
2025-11-02 16:13:35 [main] INFO  u.d.tqs.hw1.service.BookingService - Creating new booking for John Doe in Aveiro on 2025-11-03 at slot 2
2025-11-02 16:13:35 [main] INFO  u.d.tqs.hw1.service.BookingService - Booking created successfully with token: e4d5c75f for John Doe
2025-11-02 16:13:35 [main] ERROR u.d.t.h.service.MunicipalityService - Failed to load municipalities: API is down
org.springframework.web.client.RestClientException: API is down
	at org.springframework.web.client.RestTemplate.exchange(RestTemplate.java:709)
	at ua.deti.tqs.hw1.service.MunicipalityService.getMunicipalities(MunicipalityService.java:26)
	at ua.deti.tqs.hw1.service.MunicipalityServiceTest.whenApiFails_thenReturnFallbackList(MunicipalityServiceTest.java:85)
	at java.base/jdk.internal.reflect.DirectMethodHandleAccessor.invoke(DirectMethodHandleAccessor.java:103)
	at java.base/java.lang.reflect.Method.invoke(Method.java:580)
	at org.junit.platform.commons.util.ReflectionUtils.invokeMethod(ReflectionUtils.java:775)
	at org.junit.platform.commons.support.ReflectionSupport.invokeMethod(ReflectionSupport.java:479)
	at org.junit.jupiter.engine.execution.MethodInvocation.proceed(MethodInvocation.java:60)
	at org.junit.jupiter.engine.execution.InvocationInterceptorChain$ValidatingInvocation.proceed(InvocationInterceptorChain.java:131)
	at org.junit.jupiter.engine.extension.TimeoutExtension.intercept(TimeoutExtension.java:161)
	at org.junit.jupiter.engine.extension.TimeoutExtension.interceptTestableMethod(TimeoutExtension.java:152)
	at org.junit.jupiter.engine.extension.TimeoutExtension.interceptTestMethod(TimeoutExtension.java:91)
	at org.junit.jupiter.engine.execution.InterceptingExecutableInvoker$ReflectiveInterceptorCall.lambda$ofVoidMethod$0(InterceptingExecutableInvoker.java:112)
	at org.junit.jupiter.engine.execution.InterceptingExecutableInvoker.lambda$invoke$0(InterceptingExecutableInvoker.java:94)
	at org.junit.jupiter.engine.execution.InvocationInterceptorChain$InterceptedInvocation.proceed(InvocationInterceptorChain.java:106)
	at org.junit.jupiter.engine.execution.InvocationInterceptorChain.proceed(InvocationInterceptorChain.java:64)
	at org.junit.jupiter.engine.execution.InvocationInterceptorChain.chainAndInvoke(InvocationInterceptorChain.java:45)
	at org.junit.jupiter.engine.execution.InvocationInterceptorChain.invoke(InvocationInterceptorChain.java:37)
	at org.junit.jupiter.engine.execution.InterceptingExecutableInvoker.invoke(InterceptingExecutableInvoker.java:93)
	at org.junit.jupiter.engine.execution.InterceptingExecutableInvoker.invoke(InterceptingExecutableInvoker.java:87)
	at org.junit.jupiter.engine.descriptor.TestMethodTestDescriptor.lambda$invokeTestMethod$7(TestMethodTestDescriptor.java:216)
	at org.junit.platform.engine.support.hierarchical.ThrowableCollector.execute(ThrowableCollector.java:73)
	at org.junit.jupiter.engine.descriptor.TestMethodTestDescriptor.invokeTestMethod(TestMethodTestDescriptor.java:212)
	at org.junit.jupiter.engine.descriptor.TestMethodTestDescriptor.execute(TestMethodTestDescriptor.java:137)
	at org.junit.jupiter.engine.descriptor.TestMethodTestDescriptor.execute(TestMethodTestDescriptor.java:69)
	at org.junit.platform.engine.support.hierarchical.NodeTestTask.lambda$executeRecursively$6(NodeTestTask.java:156)
	at org.junit.platform.engine.support.hierarchical.ThrowableCollector.execute(ThrowableCollector.java:73)
	at org.junit.platform.engine.support.hierarchical.NodeTestTask.lambda$executeRecursively$8(NodeTestTask.java:146)
	at org.junit.platform.engine.support.hierarchical.Node.around(Node.java:137)
	at org.junit.platform.engine.support.hierarchical.NodeTestTask.lambda$executeRecursively$9(NodeTestTask.java:144)
	at org.junit.platform.engine.support.hierarchical.ThrowableCollector.execute(ThrowableCollector.java:73)
	at org.junit.platform.engine.support.hierarchical.NodeTestTask.executeRecursively(NodeTestTask.java:143)
	at org.junit.platform.engine.support.hierarchical.NodeTestTask.execute(NodeTestTask.java:100)
	at java.base/java.util.ArrayList.forEach(ArrayList.java:1596)
	at org.junit.platform.engine.support.hierarchical.SameThreadHierarchicalTestExecutorService.invokeAll(SameThreadHierarchicalTestExecutorService.java:41)
	at org.junit.platform.engine.support.hierarchical.NodeTestTask.lambda$executeRecursively$6(NodeTestTask.java:160)
	at org.junit.platform.engine.support.hierarchical.ThrowableCollector.execute(ThrowableCollector.java:73)
	at org.junit.platform.engine.support.hierarchical.NodeTestTask.lambda$executeRecursively$8(NodeTestTask.java:146)
	at org.junit.platform.engine.support.hierarchical.Node.around(Node.java:137)
	at org.junit.platform.engine.support.hierarchical.NodeTestTask.lambda$executeRecursively$9(NodeTestTask.java:144)
	at org.junit.platform.engine.support.hierarchical.ThrowableCollector.execute(ThrowableCollector.java:73)
	at org.junit.platform.engine.support.hierarchical.NodeTestTask.executeRecursively(NodeTestTask.java:143)
	at org.junit.platform.engine.support.hierarchical.NodeTestTask.execute(NodeTestTask.java:100)
	at java.base/java.util.ArrayList.forEach(ArrayList.java:1596)
	at org.junit.platform.engine.support.hierarchical.SameThreadHierarchicalTestExecutorService.invokeAll(SameThreadHierarchicalTestExecutorService.java:41)
	at org.junit.platform.engine.support.hierarchical.NodeTestTask.lambda$executeRecursively$6(NodeTestTask.java:160)
	at org.junit.platform.engine.support.hierarchical.ThrowableCollector.execute(ThrowableCollector.java:73)
	at org.junit.platform.engine.support.hierarchical.NodeTestTask.lambda$executeRecursively$8(NodeTestTask.java:146)
	at org.junit.platform.engine.support.hierarchical.Node.around(Node.java:137)
	at org.junit.platform.engine.support.hierarchical.NodeTestTask.lambda$executeRecursively$9(NodeTestTask.java:144)
	at org.junit.platform.engine.support.hierarchical.ThrowableCollector.execute(ThrowableCollector.java:73)
	at org.junit.platform.engine.support.hierarchical.NodeTestTask.executeRecursively(NodeTestTask.java:143)
	at org.junit.platform.engine.support.hierarchical.NodeTestTask.execute(NodeTestTask.java:100)
	at org.junit.platform.engine.support.hierarchical.SameThreadHierarchicalTestExecutorService.submit(SameThreadHierarchicalTestExecutorService.java:35)
	at org.junit.platform.engine.support.hierarchical.HierarchicalTestExecutor.execute(HierarchicalTestExecutor.java:57)
	at org.junit.platform.engine.support.hierarchical.HierarchicalTestEngine.execute(HierarchicalTestEngine.java:54)
	at org.junit.platform.launcher.core.EngineExecutionOrchestrator.execute(EngineExecutionOrchestrator.java:201)
	at org.junit.platform.launcher.core.EngineExecutionOrchestrator.execute(EngineExecutionOrchestrator.java:170)
	at org.junit.platform.launcher.core.EngineExecutionOrchestrator.execute(EngineExecutionOrchestrator.java:94)
	at org.junit.platform.launcher.core.EngineExecutionOrchestrator.lambda$execute$0(EngineExecutionOrchestrator.java:59)
	at org.junit.platform.launcher.core.EngineExecutionOrchestrator.withInterceptedStreams(EngineExecutionOrchestrator.java:142)
	at org.junit.platform.launcher.core.EngineExecutionOrchestrator.execute(EngineExecutionOrchestrator.java:58)
	at org.junit.platform.launcher.core.DefaultLauncher.execute(DefaultLauncher.java:103)
	at org.junit.platform.launcher.core.DefaultLauncher.execute(DefaultLauncher.java:85)
	at org.junit.platform.launcher.core.DelegatingLauncher.execute(DelegatingLauncher.java:47)
	at org.junit.platform.launcher.core.InterceptingLauncher.lambda$execute$1(InterceptingLauncher.java:39)
	at org.junit.platform.launcher.core.ClasspathAlignmentCheckingLauncherInterceptor.intercept(ClasspathAlignmentCheckingLauncherInterceptor.java:25)
	at org.junit.platform.launcher.core.InterceptingLauncher.execute(InterceptingLauncher.java:38)
	at org.junit.platform.launcher.core.DelegatingLauncher.execute(DelegatingLauncher.java:47)
	at org.apache.maven.surefire.junitplatform.LauncherAdapter.executeWithoutCancellationToken(LauncherAdapter.java:60)
	at org.apache.maven.surefire.junitplatform.LauncherAdapter.execute(LauncherAdapter.java:52)
	at org.apache.maven.surefire.junitplatform.JUnitPlatformProvider.execute(JUnitPlatformProvider.java:203)
	at org.apache.maven.surefire.junitplatform.JUnitPlatformProvider.invokeAllTests(JUnitPlatformProvider.java:168)
	at org.apache.maven.surefire.junitplatform.JUnitPlatformProvider.invoke(JUnitPlatformProvider.java:136)
	at org.apache.maven.surefire.booter.ForkedBooter.runSuitesInProcess(ForkedBooter.java:385)
	at org.apache.maven.surefire.booter.ForkedBooter.execute(ForkedBooter.java:162)
	at org.apache.maven.surefire.booter.ForkedBooter.run(ForkedBooter.java:507)
	at org.apache.maven.surefire.booter.ForkedBooter.main(ForkedBooter.java:495)
2025-11-02 16:13:35 [main] WARN  u.d.t.h.service.MunicipalityService - API returned null or empty response
2025-11-02 16:13:35 [main] INFO  u.d.tqs.hw1.service.BookingService - BookingService initialized
2025-11-02 16:13:35 [main] INFO  u.d.tqs.hw1.service.BookingService - Updating booking 0 status to IN_PROGRESS
2025-11-02 16:13:35 [main] INFO  u.d.tqs.hw1.service.BookingService - Booking 0 status changed from RECEIVED to IN_PROGRESS for citizen Test Person
2025-11-02 16:13:35 [main] INFO  u.d.tqs.hw1.service.BookingService - Updating booking 1 status to IN_PROGRESS
2025-11-02 16:13:35 [main] INFO  u.d.tqs.hw1.service.BookingService - Booking 1 status changed from RECEIVED to IN_PROGRESS for citizen Test Person
2025-11-02 16:13:35 [main] INFO  u.d.tqs.hw1.service.BookingService - Updating booking 2 status to IN_PROGRESS
2025-11-02 16:13:35 [main] INFO  u.d.tqs.hw1.service.BookingService - Booking 2 status changed from RECEIVED to IN_PROGRESS for citizen Test Person
2025-11-02 16:13:35 [main] INFO  u.d.tqs.hw1.service.BookingService - Updating booking 3 status to IN_PROGRESS
2025-11-02 16:13:35 [main] INFO  u.d.tqs.hw1.service.BookingService - Booking 3 status changed from RECEIVED to IN_PROGRESS for citizen Test Person
2025-11-02 16:13:35 [main] INFO  u.d.tqs.hw1.service.BookingService - Updating booking 4 status to IN_PROGRESS
2025-11-02 16:13:35 [main] INFO  u.d.tqs.hw1.service.BookingService - Booking 4 status changed from RECEIVED to IN_PROGRESS for citizen Test Person
2025-11-02 16:13:35 [main] INFO  u.d.tqs.hw1.service.BookingService - Updating booking 5 status to IN_PROGRESS
2025-11-02 16:13:35 [main] INFO  u.d.tqs.hw1.service.BookingService - Booking 5 status changed from RECEIVED to IN_PROGRESS for citizen Test Person
2025-11-02 16:13:35 [main] INFO  u.d.tqs.hw1.service.BookingService - Updating booking 6 status to IN_PROGRESS
2025-11-02 16:13:35 [main] INFO  u.d.tqs.hw1.service.BookingService - Booking 6 status changed from RECEIVED to IN_PROGRESS for citizen Test Person
2025-11-02 16:13:35 [main] INFO  u.d.tqs.hw1.service.BookingService - Updating booking 7 status to IN_PROGRESS
2025-11-02 16:13:35 [main] INFO  u.d.tqs.hw1.service.BookingService - Booking 7 status changed from RECEIVED to IN_PROGRESS for citizen Test Person
2025-11-02 16:13:35 [main] INFO  u.d.tqs.hw1.service.BookingService - Updating booking 8 status to IN_PROGRESS
2025-11-02 16:13:35 [main] INFO  u.d.tqs.hw1.service.BookingService - Booking 8 status changed from RECEIVED to IN_PROGRESS for citizen Test Person
2025-11-02 16:13:35 [main] INFO  u.d.tqs.hw1.service.BookingService - Updating booking 9 status to IN_PROGRESS
2025-11-02 16:13:35 [main] INFO  u.d.tqs.hw1.service.BookingService - Booking 9 status changed from RECEIVED to IN_PROGRESS for citizen Test Person
2025-11-02 16:13:35 [main] INFO  u.d.tqs.hw1.service.BookingService - Updating booking 10 status to IN_PROGRESS
2025-11-02 16:13:35 [main] INFO  u.d.tqs.hw1.service.BookingService - Booking 10 status changed from RECEIVED to IN_PROGRESS for citizen Test Person
2025-11-02 16:13:35 [main] INFO  u.d.tqs.hw1.service.BookingService - Updating booking 11 status to IN_PROGRESS
2025-11-02 16:13:35 [main] INFO  u.d.tqs.hw1.service.BookingService - Booking 11 status changed from RECEIVED to IN_PROGRESS for citizen Test Person
2025-11-02 16:13:35 [main] INFO  u.d.tqs.hw1.service.BookingService - Updating booking 12 status to IN_PROGRESS
2025-11-02 16:13:35 [main] INFO  u.d.tqs.hw1.service.BookingService - Booking 12 status changed from RECEIVED to IN_PROGRESS for citizen Test Person
2025-11-02 16:13:35 [main] INFO  u.d.tqs.hw1.service.BookingService - Updating booking 13 status to IN_PROGRESS
2025-11-02 16:13:35 [main] INFO  u.d.tqs.hw1.service.BookingService - Booking 13 status changed from RECEIVED to IN_PROGRESS for citizen Test Person
2025-11-02 16:13:35 [main] INFO  u.d.tqs.hw1.service.BookingService - Updating booking 14 status to IN_PROGRESS
2025-11-02 16:13:35 [main] INFO  u.d.tqs.hw1.service.BookingService - Booking 14 status changed from RECEIVED to IN_PROGRESS for citizen Test Person
2025-11-02 16:13:35 [main] INFO  u.d.tqs.hw1.service.BookingService - Updating booking 15 status to IN_PROGRESS
2025-11-02 16:13:35 [main] INFO  u.d.tqs.hw1.service.BookingService - Booking 15 status changed from RECEIVED to IN_PROGRESS for citizen Test Person
2025-11-02 16:13:35 [main] INFO  u.d.tqs.hw1.service.BookingService - Updating booking 16 status to IN_PROGRESS
2025-11-02 16:13:35 [main] INFO  u.d.tqs.hw1.service.BookingService - Booking 16 status changed from RECEIVED to IN_PROGRESS for citizen Test Person
2025-11-02 16:13:35 [main] INFO  u.d.tqs.hw1.service.BookingService - Updating booking 17 status to IN_PROGRESS
2025-11-02 16:13:35 [main] INFO  u.d.tqs.hw1.service.BookingService - Booking 17 status changed from RECEIVED to IN_PROGRESS for citizen Test Person
2025-11-02 16:13:35 [main] INFO  u.d.tqs.hw1.service.BookingService - Updating booking 18 status to IN_PROGRESS
2025-11-02 16:13:35 [main] INFO  u.d.tqs.hw1.service.BookingService - Booking 18 status changed from RECEIVED to IN_PROGRESS for citizen Test Person
2025-11-02 16:13:35 [main] INFO  u.d.tqs.hw1.service.BookingService - Updating booking 19 status to IN_PROGRESS
2025-11-02 16:13:35 [main] INFO  u.d.tqs.hw1.service.BookingService - Booking 19 status changed from RECEIVED to IN_PROGRESS for citizen Test Person
2025-11-02 16:13:35 [main] INFO  u.d.tqs.hw1.service.BookingService - Updating booking 20 status to IN_PROGRESS
2025-11-02 16:13:35 [main] INFO  u.d.tqs.hw1.service.BookingService - Booking 20 status changed from RECEIVED to IN_PROGRESS for citizen Test Person
2025-11-02 16:13:35 [main] INFO  u.d.tqs.hw1.service.BookingService - Updating booking 21 status to IN_PROGRESS
2025-11-02 16:13:35 [main] INFO  u.d.tqs.hw1.service.BookingService - Booking 21 status changed from RECEIVED to IN_PROGRESS for citizen Test Person
2025-11-02 16:13:35 [main] INFO  u.d.tqs.hw1.service.BookingService - Updating booking 22 status to IN_PROGRESS
2025-11-02 16:13:35 [main] INFO  u.d.tqs.hw1.service.BookingService - Booking 22 status changed from RECEIVED to IN_PROGRESS for citizen Test Person
2025-11-02 16:13:35 [main] INFO  u.d.tqs.hw1.service.BookingService - Updating booking 23 status to IN_PROGRESS
2025-11-02 16:13:35 [main] INFO  u.d.tqs.hw1.service.BookingService - Booking 23 status changed from RECEIVED to IN_PROGRESS for citizen Test Person
2025-11-02 16:13:35 [main] INFO  u.d.tqs.hw1.service.BookingService - Updating booking 24 status to IN_PROGRESS
2025-11-02 16:13:35 [main] INFO  u.d.tqs.hw1.service.BookingService - Booking 24 status changed from RECEIVED to IN_PROGRESS for citizen Test Person
2025-11-02 16:13:35 [main] INFO  u.d.tqs.hw1.service.BookingService - Updating booking 25 status to IN_PROGRESS
2025-11-02 16:13:35 [main] INFO  u.d.tqs.hw1.service.BookingService - Booking 25 status changed from RECEIVED to IN_PROGRESS for citizen Test Person
2025-11-02 16:13:35 [main] INFO  u.d.tqs.hw1.service.BookingService - Updating booking 26 status to IN_PROGRESS
2025-11-02 16:13:35 [main] INFO  u.d.tqs.hw1.service.BookingService - Booking 26 status changed from RECEIVED to IN_PROGRESS for citizen Test Person
2025-11-02 16:13:35 [main] INFO  u.d.tqs.hw1.service.BookingService - Updating booking 27 status to IN_PROGRESS
2025-11-02 16:13:35 [main] INFO  u.d.tqs.hw1.service.BookingService - Booking 27 status changed from RECEIVED to IN_PROGRESS for citizen Test Person
2025-11-02 16:13:35 [main] INFO  u.d.tqs.hw1.service.BookingService - Updating booking 28 status to IN_PROGRESS
2025-11-02 16:13:35 [main] INFO  u.d.tqs.hw1.service.BookingService - Booking 28 status changed from RECEIVED to IN_PROGRESS for citizen Test Person
2025-11-02 16:13:35 [main] INFO  u.d.tqs.hw1.service.BookingService - Updating booking 29 status to IN_PROGRESS
2025-11-02 16:13:35 [main] INFO  u.d.tqs.hw1.service.BookingService - Booking 29 status changed from RECEIVED to IN_PROGRESS for citizen Test Person
2025-11-02 16:13:35 [main] INFO  u.d.tqs.hw1.service.BookingService - Updating booking 30 status to IN_PROGRESS
2025-11-02 16:13:35 [main] INFO  u.d.tqs.hw1.service.BookingService - Booking 30 status changed from RECEIVED to IN_PROGRESS for citizen Test Person
2025-11-02 16:13:35 [main] INFO  u.d.tqs.hw1.service.BookingService - Updating booking 31 status to IN_PROGRESS
2025-11-02 16:13:35 [main] INFO  u.d.tqs.hw1.service.BookingService - Booking 31 status changed from RECEIVED to IN_PROGRESS for citizen Test Person
2025-11-02 16:13:35 [main] INFO  u.d.tqs.hw1.service.BookingService - Updating booking 32 status to IN_PROGRESS
2025-11-02 16:13:35 [main] INFO  u.d.tqs.hw1.service.BookingService - Booking 32 status changed from RECEIVED to IN_PROGRESS for citizen Test Person
2025-11-02 16:13:35 [main] INFO  u.d.tqs.hw1.service.BookingService - Updating booking 33 status to IN_PROGRESS
2025-11-02 16:13:35 [main] INFO  u.d.tqs.hw1.service.BookingService - Booking 33 status changed from RECEIVED to IN_PROGRESS for citizen Test Person
2025-11-02 16:13:35 [main] INFO  u.d.tqs.hw1.service.BookingService - Updating booking 34 status to IN_PROGRESS
2025-11-02 16:13:35 [main] INFO  u.d.tqs.hw1.service.BookingService - Booking 34 status changed from RECEIVED to IN_PROGRESS for citizen Test Person
2025-11-02 16:13:35 [main] INFO  u.d.tqs.hw1.service.BookingService - Updating booking 35 status to IN_PROGRESS
2025-11-02 16:13:35 [main] INFO  u.d.tqs.hw1.service.BookingService - Booking 35 status changed from RECEIVED to IN_PROGRESS for citizen Test Person
2025-11-02 16:13:35 [main] INFO  u.d.tqs.hw1.service.BookingService - Updating booking 36 status to IN_PROGRESS
2025-11-02 16:13:35 [main] INFO  u.d.tqs.hw1.service.BookingService - Booking 36 status changed from RECEIVED to IN_PROGRESS for citizen Test Person
2025-11-02 16:13:35 [main] INFO  u.d.tqs.hw1.service.BookingService - Updating booking 37 status to IN_PROGRESS
2025-11-02 16:13:35 [main] INFO  u.d.tqs.hw1.service.BookingService - Booking 37 status changed from RECEIVED to IN_PROGRESS for citizen Test Person
2025-11-02 16:13:35 [main] INFO  u.d.tqs.hw1.service.BookingService - Updating booking 38 status to IN_PROGRESS
2025-11-02 16:13:35 [main] INFO  u.d.tqs.hw1.service.BookingService - Booking 38 status changed from RECEIVED to IN_PROGRESS for citizen Test Person
2025-11-02 16:13:35 [main] INFO  u.d.tqs.hw1.service.BookingService - Updating booking 39 status to IN_PROGRESS
2025-11-02 16:13:35 [main] INFO  u.d.tqs.hw1.service.BookingService - Booking 39 status changed from RECEIVED to IN_PROGRESS for citizen Test Person
2025-11-02 16:13:35 [main] INFO  u.d.tqs.hw1.service.BookingService - Updating booking 40 status to IN_PROGRESS
2025-11-02 16:13:35 [main] INFO  u.d.tqs.hw1.service.BookingService - Booking 40 status changed from RECEIVED to IN_PROGRESS for citizen Test Person
2025-11-02 16:13:35 [main] INFO  u.d.tqs.hw1.service.BookingService - Updating booking 41 status to IN_PROGRESS
2025-11-02 16:13:35 [main] INFO  u.d.tqs.hw1.service.BookingService - Booking 41 status changed from RECEIVED to IN_PROGRESS for citizen Test Person
2025-11-02 16:13:35 [main] INFO  u.d.tqs.hw1.service.BookingService - Updating booking 42 status to IN_PROGRESS
2025-11-02 16:13:35 [main] INFO  u.d.tqs.hw1.service.BookingService - Booking 42 status changed from RECEIVED to IN_PROGRESS for citizen Test Person
2025-11-02 16:13:35 [main] INFO  u.d.tqs.hw1.service.BookingService - Updating booking 43 status to IN_PROGRESS
2025-11-02 16:13:35 [main] INFO  u.d.tqs.hw1.service.BookingService - Booking 43 status changed from RECEIVED to IN_PROGRESS for citizen Test Person
2025-11-02 16:13:35 [main] INFO  u.d.tqs.hw1.service.BookingService - Updating booking 44 status to IN_PROGRESS
2025-11-02 16:13:35 [main] INFO  u.d.tqs.hw1.service.BookingService - Booking 44 status changed from RECEIVED to IN_PROGRESS for citizen Test Person
2025-11-02 16:13:35 [main] INFO  u.d.tqs.hw1.service.BookingService - Updating booking 45 status to IN_PROGRESS
2025-11-02 16:13:35 [main] INFO  u.d.tqs.hw1.service.BookingService - Booking 45 status changed from RECEIVED to IN_PROGRESS for citizen Test Person
2025-11-02 16:13:35 [main] INFO  u.d.tqs.hw1.service.BookingService - Updating booking 46 status to IN_PROGRESS
2025-11-02 16:13:35 [main] INFO  u.d.tqs.hw1.service.BookingService - Booking 46 status changed from RECEIVED to IN_PROGRESS for citizen Test Person
2025-11-02 16:13:35 [main] INFO  u.d.tqs.hw1.service.BookingService - Updating booking 47 status to IN_PROGRESS
2025-11-02 16:13:35 [main] INFO  u.d.tqs.hw1.service.BookingService - Booking 47 status changed from RECEIVED to IN_PROGRESS for citizen Test Person
2025-11-02 16:13:35 [main] INFO  u.d.tqs.hw1.service.BookingService - Updating booking 48 status to IN_PROGRESS
2025-11-02 16:13:35 [main] INFO  u.d.tqs.hw1.service.BookingService - Booking 48 status changed from RECEIVED to IN_PROGRESS for citizen Test Person
2025-11-02 16:13:35 [main] INFO  u.d.tqs.hw1.service.BookingService - Updating booking 49 status to IN_PROGRESS
2025-11-02 16:13:35 [main] INFO  u.d.tqs.hw1.service.BookingService - Booking 49 status changed from RECEIVED to IN_PROGRESS for citizen Test Person
2025-11-02 16:13:35 [main] INFO  u.d.tqs.hw1.service.BookingService - BookingService initialized
2025-11-02 16:13:35 [main] INFO  u.d.tqs.hw1.service.BookingService - BookingService initialized
2025-11-02 16:13:35 [main] INFO  u.d.tqs.hw1.service.BookingService - BookingService initialized
2025-11-02 16:13:35 [main] INFO  u.d.tqs.hw1.service.BookingService - BookingService initialized
2025-11-02 16:13:35 [main] INFO  u.d.tqs.hw1.service.BookingService - BookingService initialized
2025-11-02 16:13:35 [main] INFO  u.d.tqs.hw1.service.BookingService - Creating new booking for John Doe in Aveiro on 2025-11-03 at slot 0
2025-11-02 16:13:35 [main] INFO  u.d.tqs.hw1.service.BookingService - Booking created successfully with token: 09bf3027 for John Doe
2025-11-02 16:13:35 [main] INFO  u.d.tqs.hw1.service.BookingService - Creating new booking for John Doe in Aveiro on 2025-11-03 at slot 1
2025-11-02 16:13:35 [main] INFO  u.d.tqs.hw1.service.BookingService - Booking created successfully with token: 09bf3027 for John Doe
2025-11-02 16:13:35 [main] INFO  u.d.tqs.hw1.service.BookingService - Creating new booking for John Doe in Aveiro on 2025-11-03 at slot 2
2025-11-02 16:13:35 [main] INFO  u.d.tqs.hw1.service.BookingService - Booking created successfully with token: 09bf3027 for John Doe
2025-11-02 16:13:35 [main] INFO  u.d.tqs.hw1.service.BookingService - Creating new booking for John Doe in Aveiro on 2025-11-03 at slot 3
2025-11-02 16:13:35 [main] INFO  u.d.tqs.hw1.service.BookingService - Booking created successfully with token: 09bf3027 for John Doe
2025-11-02 16:13:35 [main] INFO  u.d.tqs.hw1.service.BookingService - Creating new booking for John Doe in Aveiro on 2025-11-03 at slot 4
2025-11-02 16:13:35 [main] INFO  u.d.tqs.hw1.service.BookingService - Booking created successfully with token: 09bf3027 for John Doe
2025-11-02 16:13:35 [main] INFO  u.d.tqs.hw1.service.BookingService - Creating new booking for John Doe in Aveiro on 2025-11-03 at slot 5
2025-11-02 16:13:35 [main] INFO  u.d.tqs.hw1.service.BookingService - Booking created successfully with token: 09bf3027 for John Doe
2025-11-02 16:13:35 [main] INFO  u.d.tqs.hw1.service.BookingService - Creating new booking for John Doe in Aveiro on 2025-11-03 at slot 6
2025-11-02 16:13:35 [main] INFO  u.d.tqs.hw1.service.BookingService - Booking created successfully with token: 09bf3027 for John Doe
2025-11-02 16:13:35 [main] INFO  u.d.tqs.hw1.service.BookingService - Creating new booking for John Doe in Aveiro on 2025-11-03 at slot 7
2025-11-02 16:13:35 [main] INFO  u.d.tqs.hw1.service.BookingService - Booking created successfully with token: 09bf3027 for John Doe
2025-11-02 16:13:35 [main] INFO  u.d.tqs.hw1.service.BookingService - Creating new booking for John Doe in Aveiro on 2025-11-03 at slot 8
2025-11-02 16:13:35 [main] INFO  u.d.tqs.hw1.service.BookingService - Booking created successfully with token: 09bf3027 for John Doe
2025-11-02 16:13:35 [main] INFO  u.d.tqs.hw1.service.BookingService - Creating new booking for John Doe in Aveiro on 2025-11-03 at slot 0
2025-11-02 16:13:35 [main] INFO  u.d.tqs.hw1.service.BookingService - Booking created successfully with token: 09bf3027 for John Doe
2025-11-02 16:13:35 [main] INFO  u.d.tqs.hw1.service.BookingService - Creating new booking for John Doe in Aveiro on 2025-11-03 at slot 1
2025-11-02 16:13:35 [main] INFO  u.d.tqs.hw1.service.BookingService - Booking created successfully with token: 09bf3027 for John Doe
2025-11-02 16:13:35 [main] INFO  u.d.tqs.hw1.service.BookingService - Creating new booking for John Doe in Aveiro on 2025-11-03 at slot 2
2025-11-02 16:13:35 [main] INFO  u.d.tqs.hw1.service.BookingService - Booking created successfully with token: 09bf3027 for John Doe
2025-11-02 16:13:35 [main] INFO  u.d.tqs.hw1.service.BookingService - Creating new booking for John Doe in Aveiro on 2025-11-03 at slot 3
2025-11-02 16:13:35 [main] INFO  u.d.tqs.hw1.service.BookingService - Booking created successfully with token: 09bf3027 for John Doe
2025-11-02 16:13:35 [main] INFO  u.d.tqs.hw1.service.BookingService - Creating new booking for John Doe in Aveiro on 2025-11-03 at slot 4
2025-11-02 16:13:35 [main] INFO  u.d.tqs.hw1.service.BookingService - Booking created successfully with token: 09bf3027 for John Doe
2025-11-02 16:13:35 [main] INFO  u.d.tqs.hw1.service.BookingService - Creating new booking for John Doe in Aveiro on 2025-11-03 at slot 5
2025-11-02 16:13:35 [main] INFO  u.d.tqs.hw1.service.BookingService - Booking created successfully with token: 09bf3027 for John Doe
2025-11-02 16:13:35 [main] INFO  u.d.tqs.hw1.service.BookingService - Creating new booking for John Doe in Aveiro on 2025-11-03 at slot 6
2025-11-02 16:13:35 [main] INFO  u.d.tqs.hw1.service.BookingService - Booking created successfully with token: 09bf3027 for John Doe
2025-11-02 16:13:35 [main] INFO  u.d.tqs.hw1.service.BookingService - Creating new booking for John Doe in Aveiro on 2025-11-03 at slot 7
2025-11-02 16:13:35 [main] INFO  u.d.tqs.hw1.service.BookingService - Booking created successfully with token: 09bf3027 for John Doe
2025-11-02 16:13:35 [main] INFO  u.d.tqs.hw1.service.BookingService - Creating new booking for John Doe in Aveiro on 2025-11-03 at slot 8
2025-11-02 16:13:35 [main] INFO  u.d.tqs.hw1.service.BookingService - Booking created successfully with token: 09bf3027 for John Doe
2025-11-02 16:13:35 [main] INFO  u.d.tqs.hw1.service.BookingService - Creating new booking for John Doe in Aveiro on 2025-11-03 at slot 0
2025-11-02 16:13:35 [main] INFO  u.d.tqs.hw1.service.BookingService - Booking created successfully with token: 09bf3027 for John Doe
2025-11-02 16:13:35 [main] INFO  u.d.tqs.hw1.service.BookingService - Creating new booking for John Doe in Aveiro on 2025-11-03 at slot 1
2025-11-02 16:13:35 [main] INFO  u.d.tqs.hw1.service.BookingService - Booking created successfully with token: 09bf3027 for John Doe
2025-11-02 16:13:35 [main] INFO  u.d.tqs.hw1.service.BookingService - Creating new booking for John Doe in Aveiro on 2025-11-03 at slot 2
2025-11-02 16:13:35 [main] INFO  u.d.tqs.hw1.service.BookingService - Booking created successfully with token: 09bf3027 for John Doe
2025-11-02 16:13:35 [main] INFO  u.d.tqs.hw1.service.BookingService - Creating new booking for John Doe in Aveiro on 2025-11-03 at slot 3
2025-11-02 16:13:35 [main] INFO  u.d.tqs.hw1.service.BookingService - Booking created successfully with token: 09bf3027 for John Doe
2025-11-02 16:13:35 [main] INFO  u.d.tqs.hw1.service.BookingService - Creating new booking for John Doe in Aveiro on 2025-11-03 at slot 4
2025-11-02 16:13:35 [main] INFO  u.d.tqs.hw1.service.BookingService - Booking created successfully with token: 09bf3027 for John Doe
2025-11-02 16:13:35 [main] INFO  u.d.tqs.hw1.service.BookingService - Creating new booking for John Doe in Aveiro on 2025-11-03 at slot 5
2025-11-02 16:13:35 [main] INFO  u.d.tqs.hw1.service.BookingService - Booking created successfully with token: 09bf3027 for John Doe
2025-11-02 16:13:35 [main] INFO  u.d.tqs.hw1.service.BookingService - Creating new booking for John Doe in Aveiro on 2025-11-03 at slot 6
2025-11-02 16:13:35 [main] INFO  u.d.tqs.hw1.service.BookingService - Booking created successfully with token: 09bf3027 for John Doe
2025-11-02 16:13:35 [main] INFO  u.d.tqs.hw1.service.BookingService - Creating new booking for John Doe in Aveiro on 2025-11-03 at slot 7
2025-11-02 16:13:35 [main] INFO  u.d.tqs.hw1.service.BookingService - Booking created successfully with token: 09bf3027 for John Doe
2025-11-02 16:13:35 [main] INFO  u.d.tqs.hw1.service.BookingService - Creating new booking for John Doe in Aveiro on 2025-11-03 at slot 8
2025-11-02 16:13:35 [main] INFO  u.d.tqs.hw1.service.BookingService - Booking created successfully with token: 09bf3027 for John Doe
2025-11-02 16:13:35 [main] INFO  u.d.tqs.hw1.service.BookingService - Creating new booking for John Doe in Aveiro on 2025-11-03 at slot 0
2025-11-02 16:13:35 [main] INFO  u.d.tqs.hw1.service.BookingService - Booking created successfully with token: 09bf3027 for John Doe
2025-11-02 16:13:35 [main] INFO  u.d.tqs.hw1.service.BookingService - Creating new booking for John Doe in Aveiro on 2025-11-03 at slot 1
2025-11-02 16:13:35 [main] INFO  u.d.tqs.hw1.service.BookingService - Booking created successfully with token: 09bf3027 for John Doe
2025-11-02 16:13:35 [main] INFO  u.d.tqs.hw1.service.BookingService - Creating new booking for John Doe in Aveiro on 2025-11-03 at slot 2
2025-11-02 16:13:35 [main] INFO  u.d.tqs.hw1.service.BookingService - Booking created successfully with token: 09bf3027 for John Doe
2025-11-02 16:13:35 [main] INFO  u.d.tqs.hw1.service.BookingService - Creating new booking for John Doe in Aveiro on 2025-11-03 at slot 3
2025-11-02 16:13:35 [main] INFO  u.d.tqs.hw1.service.BookingService - Booking created successfully with token: 09bf3027 for John Doe
2025-11-02 16:13:35 [main] INFO  u.d.tqs.hw1.service.BookingService - Creating new booking for John Doe in Aveiro on 2025-11-03 at slot 4
2025-11-02 16:13:35 [main] INFO  u.d.tqs.hw1.service.BookingService - Booking created successfully with token: 09bf3027 for John Doe
2025-11-02 16:13:35 [main] INFO  u.d.tqs.hw1.service.BookingService - Creating new booking for John Doe in Aveiro on 2025-11-03 at slot 5
2025-11-02 16:13:35 [main] INFO  u.d.tqs.hw1.service.BookingService - Booking created successfully with token: 09bf3027 for John Doe
2025-11-02 16:13:35 [main] INFO  u.d.tqs.hw1.service.BookingService - Creating new booking for John Doe in Aveiro on 2025-11-03 at slot 6
2025-11-02 16:13:35 [main] INFO  u.d.tqs.hw1.service.BookingService - Booking created successfully with token: 09bf3027 for John Doe
2025-11-02 16:13:35 [main] INFO  u.d.tqs.hw1.service.BookingService - Creating new booking for John Doe in Aveiro on 2025-11-03 at slot 7
2025-11-02 16:13:35 [main] INFO  u.d.tqs.hw1.service.BookingService - Booking created successfully with token: 09bf3027 for John Doe
2025-11-02 16:13:35 [main] INFO  u.d.tqs.hw1.service.BookingService - Creating new booking for John Doe in Aveiro on 2025-11-03 at slot 8
2025-11-02 16:13:35 [main] INFO  u.d.tqs.hw1.service.BookingService - Booking created successfully with token: 09bf3027 for John Doe
2025-11-02 16:13:35 [main] INFO  u.d.tqs.hw1.service.BookingService - Creating new booking for John Doe in Aveiro on 2025-11-03 at slot 0
2025-11-02 16:13:35 [main] INFO  u.d.tqs.hw1.service.BookingService - Booking created successfully with token: 09bf3027 for John Doe
2025-11-02 16:13:35 [main] INFO  u.d.tqs.hw1.service.BookingService - Creating new booking for John Doe in Aveiro on 2025-11-03 at slot 1
2025-11-02 16:13:35 [main] INFO  u.d.tqs.hw1.service.BookingService - Booking created successfully with token: 09bf3027 for John Doe
2025-11-02 16:13:35 [main] INFO  u.d.tqs.hw1.service.BookingService - Creating new booking for John Doe in Aveiro on 2025-11-03 at slot 2
2025-11-02 16:13:35 [main] INFO  u.d.tqs.hw1.service.BookingService - Booking created successfully with token: 09bf3027 for John Doe
2025-11-02 16:13:35 [main] INFO  u.d.tqs.hw1.service.BookingService - Creating new booking for John Doe in Aveiro on 2025-11-03 at slot 3
2025-11-02 16:13:35 [main] INFO  u.d.tqs.hw1.service.BookingService - Booking created successfully with token: 09bf3027 for John Doe
2025-11-02 16:13:35 [main] INFO  u.d.tqs.hw1.service.BookingService - Creating new booking for John Doe in Aveiro on 2025-11-03 at slot 4
2025-11-02 16:13:35 [main] INFO  u.d.tqs.hw1.service.BookingService - Booking created successfully with token: 09bf3027 for John Doe
2025-11-02 16:13:35 [main] INFO  u.d.tqs.hw1.service.BookingService - Creating new booking for John Doe in Aveiro on 2025-11-03 at slot 5
2025-11-02 16:13:35 [main] INFO  u.d.tqs.hw1.service.BookingService - Booking created successfully with token: 09bf3027 for John Doe
2025-11-02 16:13:35 [main] INFO  u.d.tqs.hw1.service.BookingService - Creating new booking for John Doe in Aveiro on 2025-11-03 at slot 6
2025-11-02 16:13:35 [main] INFO  u.d.tqs.hw1.service.BookingService - Booking created successfully with token: 09bf3027 for John Doe
2025-11-02 16:13:35 [main] INFO  u.d.tqs.hw1.service.BookingService - Creating new booking for John Doe in Aveiro on 2025-11-03 at slot 7
2025-11-02 16:13:35 [main] INFO  u.d.tqs.hw1.service.BookingService - Booking created successfully with token: 09bf3027 for John Doe
2025-11-02 16:13:35 [main] INFO  u.d.tqs.hw1.service.BookingService - Creating new booking for John Doe in Aveiro on 2025-11-03 at slot 8
2025-11-02 16:13:35 [main] INFO  u.d.tqs.hw1.service.BookingService - Booking created successfully with token: 09bf3027 for John Doe
2025-11-02 16:13:35 [main] INFO  u.d.tqs.hw1.service.BookingService - Creating new booking for John Doe in Aveiro on 2025-11-03 at slot 0
2025-11-02 16:13:35 [main] INFO  u.d.tqs.hw1.service.BookingService - Booking created successfully with token: 09bf3027 for John Doe
2025-11-02 16:13:35 [main] INFO  u.d.tqs.hw1.service.BookingService - Creating new booking for John Doe in Aveiro on 2025-11-03 at slot 1
2025-11-02 16:13:35 [main] INFO  u.d.tqs.hw1.service.BookingService - Booking created successfully with token: 09bf3027 for John Doe
2025-11-02 16:13:35 [main] INFO  u.d.tqs.hw1.service.BookingService - Creating new booking for John Doe in Aveiro on 2025-11-03 at slot 2
2025-11-02 16:13:35 [main] INFO  u.d.tqs.hw1.service.BookingService - Booking created successfully with token: 09bf3027 for John Doe
2025-11-02 16:13:35 [main] INFO  u.d.tqs.hw1.service.BookingService - Creating new booking for John Doe in Aveiro on 2025-11-03 at slot 3
2025-11-02 16:13:35 [main] INFO  u.d.tqs.hw1.service.BookingService - Booking created successfully with token: 09bf3027 for John Doe
2025-11-02 16:13:35 [main] INFO  u.d.tqs.hw1.service.BookingService - Creating new booking for John Doe in Aveiro on 2025-11-03 at slot 4
2025-11-02 16:13:35 [main] INFO  u.d.tqs.hw1.service.BookingService - Booking created successfully with token: 09bf3027 for John Doe
2025-11-02 16:13:35 [main] INFO  u.d.tqs.hw1.service.BookingService - Creating new booking for John Doe in Aveiro on 2025-11-03 at slot 5
2025-11-02 16:13:35 [main] INFO  u.d.tqs.hw1.service.BookingService - Booking created successfully with token: 09bf3027 for John Doe
2025-11-02 16:13:35 [main] INFO  u.d.tqs.hw1.service.BookingService - Creating new booking for John Doe in Aveiro on 2025-11-03 at slot 6
2025-11-02 16:13:35 [main] INFO  u.d.tqs.hw1.service.BookingService - Booking created successfully with token: 09bf3027 for John Doe
2025-11-02 16:13:35 [main] INFO  u.d.tqs.hw1.service.BookingService - Creating new booking for John Doe in Aveiro on 2025-11-03 at slot 7
2025-11-02 16:13:35 [main] INFO  u.d.tqs.hw1.service.BookingService - Booking created successfully with token: 09bf3027 for John Doe
2025-11-02 16:13:35 [main] INFO  u.d.tqs.hw1.service.BookingService - Creating new booking for John Doe in Aveiro on 2025-11-03 at slot 8
2025-11-02 16:13:35 [main] INFO  u.d.tqs.hw1.service.BookingService - Booking created successfully with token: 09bf3027 for John Doe
2025-11-02 16:13:35 [main] INFO  u.d.tqs.hw1.service.BookingService - Creating new booking for John Doe in Aveiro on 2025-11-03 at slot 0
2025-11-02 16:13:35 [main] INFO  u.d.tqs.hw1.service.BookingService - Booking created successfully with token: 09bf3027 for John Doe
2025-11-02 16:13:35 [main] INFO  u.d.tqs.hw1.service.BookingService - Creating new booking for John Doe in Aveiro on 2025-11-03 at slot 1
2025-11-02 16:13:35 [main] INFO  u.d.tqs.hw1.service.BookingService - Booking created successfully with token: 09bf3027 for John Doe
2025-11-02 16:13:35 [main] INFO  u.d.tqs.hw1.service.BookingService - Creating new booking for John Doe in Aveiro on 2025-11-03 at slot 2
2025-11-02 16:13:35 [main] INFO  u.d.tqs.hw1.service.BookingService - Booking created successfully with token: 09bf3027 for John Doe
2025-11-02 16:13:35 [main] INFO  u.d.tqs.hw1.service.BookingService - Creating new booking for John Doe in Aveiro on 2025-11-03 at slot 3
2025-11-02 16:13:35 [main] INFO  u.d.tqs.hw1.service.BookingService - Booking created successfully with token: 09bf3027 for John Doe
2025-11-02 16:13:35 [main] INFO  u.d.tqs.hw1.service.BookingService - Creating new booking for John Doe in Aveiro on 2025-11-03 at slot 4
2025-11-02 16:13:35 [main] INFO  u.d.tqs.hw1.service.BookingService - Booking created successfully with token: 09bf3027 for John Doe
2025-11-02 16:13:35 [main] INFO  u.d.tqs.hw1.service.BookingService - Creating new booking for John Doe in Aveiro on 2025-11-03 at slot 5
2025-11-02 16:13:35 [main] INFO  u.d.tqs.hw1.service.BookingService - Booking created successfully with token: 09bf3027 for John Doe
2025-11-02 16:13:35 [main] INFO  u.d.tqs.hw1.service.BookingService - Creating new booking for John Doe in Aveiro on 2025-11-03 at slot 6
2025-11-02 16:13:35 [main] INFO  u.d.tqs.hw1.service.BookingService - Booking created successfully with token: 09bf3027 for John Doe
2025-11-02 16:13:35 [main] INFO  u.d.tqs.hw1.service.BookingService - Creating new booking for John Doe in Aveiro on 2025-11-03 at slot 7
2025-11-02 16:13:35 [main] INFO  u.d.tqs.hw1.service.BookingService - Booking created successfully with token: 09bf3027 for John Doe
2025-11-02 16:13:35 [main] INFO  u.d.tqs.hw1.service.BookingService - Creating new booking for John Doe in Aveiro on 2025-11-03 at slot 8
2025-11-02 16:13:35 [main] INFO  u.d.tqs.hw1.service.BookingService - Booking created successfully with token: 09bf3027 for John Doe
2025-11-02 16:13:35 [main] INFO  u.d.tqs.hw1.service.BookingService - Creating new booking for John Doe in Aveiro on 2025-11-03 at slot 0
2025-11-02 16:13:35 [main] INFO  u.d.tqs.hw1.service.BookingService - Booking created successfully with token: 09bf3027 for John Doe
2025-11-02 16:13:35 [main] INFO  u.d.tqs.hw1.service.BookingService - Creating new booking for John Doe in Aveiro on 2025-11-03 at slot 1
2025-11-02 16:13:35 [main] INFO  u.d.tqs.hw1.service.BookingService - Booking created successfully with token: 09bf3027 for John Doe
2025-11-02 16:13:35 [main] INFO  u.d.tqs.hw1.service.BookingService - Creating new booking for John Doe in Aveiro on 2025-11-03 at slot 2
2025-11-02 16:13:35 [main] INFO  u.d.tqs.hw1.service.BookingService - Booking created successfully with token: 09bf3027 for John Doe
2025-11-02 16:13:35 [main] INFO  u.d.tqs.hw1.service.BookingService - Creating new booking for John Doe in Aveiro on 2025-11-03 at slot 3
2025-11-02 16:13:35 [main] INFO  u.d.tqs.hw1.service.BookingService - Booking created successfully with token: 09bf3027 for John Doe
2025-11-02 16:13:35 [main] INFO  u.d.tqs.hw1.service.BookingService - Creating new booking for John Doe in Aveiro on 2025-11-03 at slot 4
2025-11-02 16:13:35 [main] INFO  u.d.tqs.hw1.service.BookingService - Booking created successfully with token: 09bf3027 for John Doe
2025-11-02 16:13:35 [main] INFO  u.d.tqs.hw1.service.BookingService - Creating new booking for John Doe in Aveiro on 2025-11-03 at slot 5
2025-11-02 16:13:35 [main] INFO  u.d.tqs.hw1.service.BookingService - Booking created successfully with token: 09bf3027 for John Doe
2025-11-02 16:13:35 [main] INFO  u.d.tqs.hw1.service.BookingService - Creating new booking for John Doe in Aveiro on 2025-11-03 at slot 6
2025-11-02 16:13:35 [main] INFO  u.d.tqs.hw1.service.BookingService - Booking created successfully with token: 09bf3027 for John Doe
2025-11-02 16:13:35 [main] INFO  u.d.tqs.hw1.service.BookingService - Creating new booking for John Doe in Aveiro on 2025-11-03 at slot 7
2025-11-02 16:13:35 [main] INFO  u.d.tqs.hw1.service.BookingService - Booking created successfully with token: 09bf3027 for John Doe
2025-11-02 16:13:35 [main] INFO  u.d.tqs.hw1.service.BookingService - Creating new booking for John Doe in Aveiro on 2025-11-03 at slot 8
2025-11-02 16:13:35 [main] INFO  u.d.tqs.hw1.service.BookingService - Booking created successfully with token: 09bf3027 for John Doe
2025-11-02 16:13:35 [main] INFO  u.d.tqs.hw1.service.BookingService - Creating new booking for John Doe in Aveiro on 2025-11-03 at slot 0
2025-11-02 16:13:35 [main] INFO  u.d.tqs.hw1.service.BookingService - Booking created successfully with token: 09bf3027 for John Doe
2025-11-02 16:13:35 [main] INFO  u.d.tqs.hw1.service.BookingService - Creating new booking for John Doe in Aveiro on 2025-11-03 at slot 1
2025-11-02 16:13:35 [main] INFO  u.d.tqs.hw1.service.BookingService - Booking created successfully with token: 09bf3027 for John Doe
2025-11-02 16:13:35 [main] INFO  u.d.tqs.hw1.service.BookingService - Creating new booking for John Doe in Aveiro on 2025-11-03 at slot 2
2025-11-02 16:13:35 [main] INFO  u.d.tqs.hw1.service.BookingService - Booking created successfully with token: 09bf3027 for John Doe
2025-11-02 16:13:35 [main] INFO  u.d.tqs.hw1.service.BookingService - Creating new booking for John Doe in Aveiro on 2025-11-03 at slot 3
2025-11-02 16:13:35 [main] INFO  u.d.tqs.hw1.service.BookingService - Booking created successfully with token: 09bf3027 for John Doe
2025-11-02 16:13:35 [main] INFO  u.d.tqs.hw1.service.BookingService - Creating new booking for John Doe in Aveiro on 2025-11-03 at slot 4
2025-11-02 16:13:35 [main] INFO  u.d.tqs.hw1.service.BookingService - Booking created successfully with token: 09bf3027 for John Doe
2025-11-02 16:13:35 [main] INFO  u.d.tqs.hw1.service.BookingService - Creating new booking for John Doe in Aveiro on 2025-11-03 at slot 5
2025-11-02 16:13:35 [main] INFO  u.d.tqs.hw1.service.BookingService - Booking created successfully with token: 09bf3027 for John Doe
2025-11-02 16:13:35 [main] INFO  u.d.tqs.hw1.service.BookingService - Creating new booking for John Doe in Aveiro on 2025-11-03 at slot 6
2025-11-02 16:13:35 [main] INFO  u.d.tqs.hw1.service.BookingService - Booking created successfully with token: 09bf3027 for John Doe
2025-11-02 16:13:35 [main] INFO  u.d.tqs.hw1.service.BookingService - Creating new booking for John Doe in Aveiro on 2025-11-03 at slot 7
2025-11-02 16:13:35 [main] INFO  u.d.tqs.hw1.service.BookingService - Booking created successfully with token: 09bf3027 for John Doe
2025-11-02 16:13:35 [main] INFO  u.d.tqs.hw1.service.BookingService - Creating new booking for John Doe in Aveiro on 2025-11-03 at slot 8
2025-11-02 16:13:35 [main] INFO  u.d.tqs.hw1.service.BookingService - Booking created successfully with token: 09bf3027 for John Doe
2025-11-02 16:13:35 [main] INFO  u.d.tqs.hw1.service.BookingService - Creating new booking for John Doe in Aveiro on 2025-11-03 at slot 0
2025-11-02 16:13:35 [main] INFO  u.d.tqs.hw1.service.BookingService - Booking created successfully with token: 09bf3027 for John Doe
2025-11-02 16:13:35 [main] INFO  u.d.tqs.hw1.service.BookingService - Creating new booking for John Doe in Aveiro on 2025-11-03 at slot 1
2025-11-02 16:13:35 [main] INFO  u.d.tqs.hw1.service.BookingService - Booking created successfully with token: 09bf3027 for John Doe
2025-11-02 16:13:35 [main] INFO  u.d.tqs.hw1.service.BookingService - Creating new booking for John Doe in Aveiro on 2025-11-03 at slot 2
2025-11-02 16:13:35 [main] INFO  u.d.tqs.hw1.service.BookingService - Booking created successfully with token: 09bf3027 for John Doe
2025-11-02 16:13:35 [main] INFO  u.d.tqs.hw1.service.BookingService - Creating new booking for John Doe in Aveiro on 2025-11-03 at slot 3
2025-11-02 16:13:35 [main] INFO  u.d.tqs.hw1.service.BookingService - Booking created successfully with token: 09bf3027 for John Doe
2025-11-02 16:13:35 [main] INFO  u.d.tqs.hw1.service.BookingService - Creating new booking for John Doe in Aveiro on 2025-11-03 at slot 4
2025-11-02 16:13:35 [main] INFO  u.d.tqs.hw1.service.BookingService - Booking created successfully with token: 09bf3027 for John Doe
2025-11-02 16:13:35 [main] INFO  u.d.tqs.hw1.service.BookingService - Creating new booking for John Doe in Aveiro on 2025-11-03 at slot 5
2025-11-02 16:13:35 [main] INFO  u.d.tqs.hw1.service.BookingService - Booking created successfully with token: 09bf3027 for John Doe
2025-11-02 16:13:35 [main] INFO  u.d.tqs.hw1.service.BookingService - Creating new booking for John Doe in Aveiro on 2025-11-03 at slot 6
2025-11-02 16:13:35 [main] INFO  u.d.tqs.hw1.service.BookingService - Booking created successfully with token: 09bf3027 for John Doe
2025-11-02 16:13:35 [main] INFO  u.d.tqs.hw1.service.BookingService - Creating new booking for John Doe in Aveiro on 2025-11-03 at slot 7
2025-11-02 16:13:35 [main] INFO  u.d.tqs.hw1.service.BookingService - Booking created successfully with token: 09bf3027 for John Doe
2025-11-02 16:13:35 [main] INFO  u.d.tqs.hw1.service.BookingService - Creating new booking for John Doe in Aveiro on 2025-11-03 at slot 8
2025-11-02 16:13:35 [main] INFO  u.d.tqs.hw1.service.BookingService - Booking created successfully with token: 09bf3027 for John Doe
2025-11-02 16:13:35 [main] INFO  u.d.tqs.hw1.service.BookingService - Creating new booking for John Doe in Aveiro on 2025-11-03 at slot 0
2025-11-02 16:13:35 [main] INFO  u.d.tqs.hw1.service.BookingService - Booking created successfully with token: 09bf3027 for John Doe
2025-11-02 16:13:35 [main] INFO  u.d.tqs.hw1.service.BookingService - Creating new booking for John Doe in Aveiro on 2025-11-03 at slot 1
2025-11-02 16:13:35 [main] INFO  u.d.tqs.hw1.service.BookingService - Booking created successfully with token: 09bf3027 for John Doe
2025-11-02 16:13:35 [main] INFO  u.d.tqs.hw1.service.BookingService - Creating new booking for John Doe in Aveiro on 2025-11-03 at slot 2
2025-11-02 16:13:35 [main] INFO  u.d.tqs.hw1.service.BookingService - Booking created successfully with token: 09bf3027 for John Doe
2025-11-02 16:13:35 [main] INFO  u.d.tqs.hw1.service.BookingService - Creating new booking for John Doe in Aveiro on 2025-11-03 at slot 3
2025-11-02 16:13:35 [main] INFO  u.d.tqs.hw1.service.BookingService - Booking created successfully with token: 09bf3027 for John Doe
2025-11-02 16:13:35 [main] INFO  u.d.tqs.hw1.service.BookingService - Creating new booking for John Doe in Aveiro on 2025-11-03 at slot 4
2025-11-02 16:13:35 [main] INFO  u.d.tqs.hw1.service.BookingService - Booking created successfully with token: 09bf3027 for John Doe
2025-11-02 16:13:35 [main] INFO  u.d.tqs.hw1.service.BookingService - Creating new booking for John Doe in Aveiro on 2025-11-03 at slot 5
2025-11-02 16:13:35 [main] INFO  u.d.tqs.hw1.service.BookingService - Booking created successfully with token: 09bf3027 for John Doe
2025-11-02 16:13:35 [main] INFO  u.d.tqs.hw1.service.BookingService - Creating new booking for John Doe in Aveiro on 2025-11-03 at slot 6
2025-11-02 16:13:35 [main] INFO  u.d.tqs.hw1.service.BookingService - Booking created successfully with token: 09bf3027 for John Doe
2025-11-02 16:13:35 [main] INFO  u.d.tqs.hw1.service.BookingService - Creating new booking for John Doe in Aveiro on 2025-11-03 at slot 7
2025-11-02 16:13:35 [main] INFO  u.d.tqs.hw1.service.BookingService - Booking created successfully with token: 09bf3027 for John Doe
2025-11-02 16:13:35 [main] INFO  u.d.tqs.hw1.service.BookingService - Creating new booking for John Doe in Aveiro on 2025-11-03 at slot 8
2025-11-02 16:13:35 [main] INFO  u.d.tqs.hw1.service.BookingService - Booking created successfully with token: 09bf3027 for John Doe
2025-11-02 16:13:35 [main] INFO  u.d.tqs.hw1.service.BookingService - Creating new booking for John Doe in Aveiro on 2025-11-03 at slot 0
2025-11-02 16:13:35 [main] INFO  u.d.tqs.hw1.service.BookingService - Booking created successfully with token: 09bf3027 for John Doe
2025-11-02 16:13:35 [SpringApplicationShutdownHook] INFO  o.s.o.j.LocalContainerEntityManagerFactoryBean - Closing JPA EntityManagerFactory for persistence unit 'default'
2025-11-02 16:13:35 [SpringApplicationShutdownHook] INFO  com.zaxxer.hikari.HikariDataSource - HikariPool-1 - Shutdown initiated...
2025-11-02 16:13:35 [SpringApplicationShutdownHook] INFO  com.zaxxer.hikari.HikariDataSource - HikariPool-1 - Shutdown completed.
2025-11-02 16:13:35 [SpringApplicationShutdownHook] INFO  o.s.b.w.e.tomcat.GracefulShutdown - Commencing graceful shutdown. Waiting for active requests to complete
2025-11-02 16:13:35 [tomcat-shutdown] INFO  o.s.b.w.e.tomcat.GracefulShutdown - Graceful shutdown complete
2025-11-02 16:13:35 [SpringApplicationShutdownHook] INFO  o.s.o.j.LocalContainerEntityManagerFactoryBean - Closing JPA EntityManagerFactory for persistence unit 'default'
2025-11-02 16:13:35 [SpringApplicationShutdownHook] INFO  com.zaxxer.hikari.HikariDataSource - HikariPool-2 - Shutdown initiated...
2025-11-02 16:13:35 [SpringApplicationShutdownHook] INFO  com.zaxxer.hikari.HikariDataSource - HikariPool-2 - Shutdown completed.
2025-11-02 16:13:53 [main] INFO  u.d.t.h.c.MunicipalityControllerTest - Starting MunicipalityControllerTest using Java 21.0.8 with PID 236906 (started by duarte in /home/duarte/doc/Personal/UA/3ºAno/TQS/P/ZeroMonos)
2025-11-02 16:13:53 [main] INFO  u.d.t.h.c.MunicipalityControllerTest - No active profile set, falling back to 1 default profile: "default"
2025-11-02 16:13:54 [main] INFO  o.s.d.r.c.RepositoryConfigurationDelegate - Bootstrapping Spring Data JPA repositories in DEFAULT mode.
2025-11-02 16:13:54 [main] INFO  o.s.d.r.c.RepositoryConfigurationDelegate - Finished Spring Data repository scanning in 58 ms. Found 1 JPA repository interface.
2025-11-02 16:13:54 [main] INFO  o.h.jpa.internal.util.LogHelper - HHH000204: Processing PersistenceUnitInfo [name: default]
2025-11-02 16:13:54 [main] INFO  org.hibernate.Version - HHH000412: Hibernate ORM core version 6.6.29.Final
2025-11-02 16:13:54 [main] INFO  o.h.c.i.RegionFactoryInitiator - HHH000026: Second-level cache disabled
2025-11-02 16:13:55 [main] INFO  o.s.o.j.p.SpringPersistenceUnitInfo - No LoadTimeWeaver setup: ignoring JPA class transformer
2025-11-02 16:13:55 [main] INFO  com.zaxxer.hikari.HikariDataSource - HikariPool-1 - Starting...
2025-11-02 16:13:55 [main] INFO  com.zaxxer.hikari.pool.HikariPool - HikariPool-1 - Added connection org.postgresql.jdbc.PgConnection@28466003
2025-11-02 16:13:55 [main] INFO  com.zaxxer.hikari.HikariDataSource - HikariPool-1 - Start completed.
2025-11-02 16:13:55 [main] WARN  org.hibernate.orm.deprecation - HHH90000025: PostgreSQLDialect does not need to be specified explicitly using 'hibernate.dialect' (remove the property setting and it will be selected by default)
2025-11-02 16:13:55 [main] INFO  o.hibernate.orm.connections.pooling - HHH10001005: Database info:
	Database JDBC URL [Connecting through datasource 'HikariDataSource (HikariPool-1)']
	Database driver: undefined/unknown
	Database version: 18.0
	Autocommit mode: undefined/unknown
	Isolation level: undefined/unknown
	Minimum pool size: undefined/unknown
	Maximum pool size: undefined/unknown
2025-11-02 16:13:56 [main] INFO  o.h.e.t.j.p.i.JtaPlatformInitiator - HHH000489: No JTA platform available (set 'hibernate.transaction.jta.platform' to enable JTA platform integration)
2025-11-02 16:13:56 [main] INFO  o.s.o.j.LocalContainerEntityManagerFactoryBean - Initialized JPA EntityManagerFactory for persistence unit 'default'
2025-11-02 16:13:56 [main] INFO  o.s.d.j.r.query.QueryEnhancerFactory - Hibernate is in classpath; If applicable, HQL parser will be used.
2025-11-02 16:13:57 [main] INFO  u.d.tqs.hw1.service.BookingService - BookingService initialized
2025-11-02 16:13:57 [main] WARN  o.s.b.a.o.j.JpaBaseConfiguration$JpaWebConfiguration - spring.jpa.open-in-view is enabled by default. Therefore, database queries may be performed during view rendering. Explicitly configure spring.jpa.open-in-view to disable this warning
2025-11-02 16:13:57 [main] INFO  o.s.b.a.w.s.WelcomePageHandlerMapping - Adding welcome page template: index
2025-11-02 16:13:57 [main] INFO  o.s.b.t.m.w.SpringBootMockServletContext - Initializing Spring TestDispatcherServlet ''
2025-11-02 16:13:57 [main] INFO  o.s.t.w.s.TestDispatcherServlet - Initializing Servlet ''
2025-11-02 16:13:57 [main] INFO  o.s.t.w.s.TestDispatcherServlet - Completed initialization in 1 ms
2025-11-02 16:13:57 [main] INFO  u.d.t.h.c.MunicipalityControllerTest - Started MunicipalityControllerTest in 4.912 seconds (process running for 7.168)
2025-11-02 16:13:58 [main] INFO  o.s.t.c.s.AnnotationConfigContextLoaderUtils - Could not detect default configuration classes for test class [ua.deti.tqs.hw1.controller.BookingControllerTest]: BookingControllerTest does not declare any static, non-private, non-final, nested classes annotated with @Configuration.
2025-11-02 16:13:58 [main] INFO  o.s.b.t.c.SpringBootTestContextBootstrapper - Found @SpringBootConfiguration ua.deti.tqs.hw1.ZeroMonosApplication for test class ua.deti.tqs.hw1.controller.BookingControllerTest
2025-11-02 16:13:58 [main] INFO  u.d.tqs.hw1.service.BookingService - Deleting booking with ID: 531
2025-11-02 16:13:58 [main] INFO  u.d.tqs.hw1.service.BookingService - Booking 531 deleted successfully
2025-11-02 16:13:59 [main] INFO  u.d.tqs.hw1.service.BookingService - Creating new booking for Jane Smith in Aveiro on 2025-11-03 at slot 2
2025-11-02 16:13:59 [main] WARN  u.d.tqs.hw1.service.BookingService - Booking creation failed: Time slot 2 on 2025-11-03 already occupied in Aveiro
2025-11-02 16:13:59 [main] INFO  u.d.tqs.hw1.service.BookingService - Creating new booking for John Doe in Aveiro on 2025-11-01 at slot 2
2025-11-02 16:13:59 [main] WARN  u.d.tqs.hw1.service.BookingService - Booking creation failed: Invalid date 2025-11-01 for John Doe
2025-11-02 16:13:59 [main] WARN  o.s.w.s.m.s.DefaultHandlerExceptionResolver - Resolved [org.springframework.web.bind.MethodArgumentNotValidException: Validation failed for argument [0] in public org.springframework.http.ResponseEntity<java.lang.Object> ua.deti.tqs.hw1.controller.BookingController.create(ua.deti.tqs.hw1.model.Booking): [Field error in object 'booking' on field 'citizenName': rejected value [john]; codes [Pattern.booking.citizenName,Pattern.citizenName,Pattern.java.lang.String,Pattern]; arguments [org.springframework.context.support.DefaultMessageSourceResolvable: codes [booking.citizenName,citizenName]; arguments []; default message [citizenName],[Ljakarta.validation.constraints.Pattern$Flag;@22b720b9,^[A-Z][a-z]+(?: [A-Z][a-z]+)+$]; default message [Name must have at least two words, each starting with uppercase letter, letters only]] ]
2025-11-02 16:13:59 [main] WARN  o.s.w.s.m.s.DefaultHandlerExceptionResolver - Resolved [org.springframework.web.bind.MethodArgumentNotValidException: Validation failed for argument [0] in public org.springframework.http.ResponseEntity<java.lang.Object> ua.deti.tqs.hw1.controller.BookingController.create(ua.deti.tqs.hw1.model.Booking): [Field error in object 'booking' on field 'description': rejected value [TV]; codes [Size.booking.description,Size.description,Size.java.lang.String,Size]; arguments [org.springframework.context.support.DefaultMessageSourceResolvable: codes [booking.description,description]; arguments []; default message [description],2147483647,4]; default message [Description must have at least 4 characters]] ]
2025-11-02 16:13:59 [main] INFO  u.d.tqs.hw1.service.BookingService - Updating booking 535 status to CANCELLED
2025-11-02 16:13:59 [main] INFO  u.d.tqs.hw1.service.BookingService - Booking 535 status changed from RECEIVED to CANCELLED for citizen John Doe
2025-11-02 16:13:59 [main] INFO  u.d.tqs.hw1.service.BookingService - Time slot 11:00 on 2025-11-03 for Aveiro is now available (booking 535 cancelled)
2025-11-02 16:13:59 [main] INFO  u.d.tqs.hw1.service.BookingService - Creating new booking for John Doe in Aveiro on 2025-11-03 at slot 2
2025-11-02 16:13:59 [main] INFO  u.d.tqs.hw1.service.BookingService - Booking created successfully with token: 3ff50706 for John Doe
2025-11-02 16:13:59 [main] INFO  u.d.tqs.hw1.service.BookingService - Updating booking 539 status to IN_PROGRESS
2025-11-02 16:13:59 [main] INFO  u.d.tqs.hw1.service.BookingService - Booking 539 status changed from RECEIVED to IN_PROGRESS for citizen John Doe
2025-11-02 16:13:59 [main] INFO  o.s.t.c.s.AnnotationConfigContextLoaderUtils - Could not detect default configuration classes for test class [ua.deti.tqs.hw1.functional.FunctionalSeleniumTest]: FunctionalSeleniumTest does not declare any static, non-private, non-final, nested classes annotated with @Configuration.
2025-11-02 16:13:59 [main] INFO  o.s.b.t.c.SpringBootTestContextBootstrapper - Found @SpringBootConfiguration ua.deti.tqs.hw1.ZeroMonosApplication for test class ua.deti.tqs.hw1.functional.FunctionalSeleniumTest
2025-11-02 16:13:59 [main] INFO  o.s.b.d.r.RestartApplicationListener - Restart disabled due to context in which it is running
2025-11-02 16:13:59 [main] INFO  u.d.t.h.f.FunctionalSeleniumTest - Starting FunctionalSeleniumTest using Java 21.0.8 with PID 236906 (started by duarte in /home/duarte/doc/Personal/UA/3ºAno/TQS/P/ZeroMonos)
2025-11-02 16:13:59 [main] INFO  u.d.t.h.f.FunctionalSeleniumTest - No active profile set, falling back to 1 default profile: "default"
2025-11-02 16:13:59 [main] INFO  o.s.d.r.c.RepositoryConfigurationDelegate - Bootstrapping Spring Data JPA repositories in DEFAULT mode.
2025-11-02 16:13:59 [main] INFO  o.s.d.r.c.RepositoryConfigurationDelegate - Finished Spring Data repository scanning in 8 ms. Found 1 JPA repository interface.
2025-11-02 16:13:59 [main] INFO  o.s.b.w.e.tomcat.TomcatWebServer - Tomcat initialized with port 0 (http)
2025-11-02 16:13:59 [main] INFO  o.a.catalina.core.StandardService - Starting service [Tomcat]
2025-11-02 16:13:59 [main] INFO  o.a.catalina.core.StandardEngine - Starting Servlet engine: [Apache Tomcat/10.1.46]
2025-11-02 16:13:59 [main] INFO  o.a.c.c.C.[Tomcat].[localhost].[/] - Initializing Spring embedded WebApplicationContext
2025-11-02 16:13:59 [main] INFO  o.s.b.w.s.c.ServletWebServerApplicationContext - Root WebApplicationContext: initialization completed in 419 ms
2025-11-02 16:14:00 [main] INFO  o.h.jpa.internal.util.LogHelper - HHH000204: Processing PersistenceUnitInfo [name: default]
2025-11-02 16:14:00 [main] INFO  o.h.c.i.RegionFactoryInitiator - HHH000026: Second-level cache disabled
2025-11-02 16:14:00 [main] INFO  o.s.o.j.p.SpringPersistenceUnitInfo - No LoadTimeWeaver setup: ignoring JPA class transformer
2025-11-02 16:14:00 [main] INFO  com.zaxxer.hikari.HikariDataSource - HikariPool-2 - Starting...
2025-11-02 16:14:00 [main] INFO  com.zaxxer.hikari.pool.HikariPool - HikariPool-2 - Added connection org.postgresql.jdbc.PgConnection@69434eda
2025-11-02 16:14:00 [main] INFO  com.zaxxer.hikari.HikariDataSource - HikariPool-2 - Start completed.
2025-11-02 16:14:00 [main] WARN  org.hibernate.orm.deprecation - HHH90000025: PostgreSQLDialect does not need to be specified explicitly using 'hibernate.dialect' (remove the property setting and it will be selected by default)
2025-11-02 16:14:00 [main] INFO  o.hibernate.orm.connections.pooling - HHH10001005: Database info:
	Database JDBC URL [Connecting through datasource 'HikariDataSource (HikariPool-2)']
	Database driver: undefined/unknown
	Database version: 18.0
	Autocommit mode: undefined/unknown
	Isolation level: undefined/unknown
	Minimum pool size: undefined/unknown
	Maximum pool size: undefined/unknown
2025-11-02 16:14:00 [main] INFO  o.h.e.t.j.p.i.JtaPlatformInitiator - HHH000489: No JTA platform available (set 'hibernate.transaction.jta.platform' to enable JTA platform integration)
2025-11-02 16:14:00 [main] INFO  o.s.o.j.LocalContainerEntityManagerFactoryBean - Initialized JPA EntityManagerFactory for persistence unit 'default'
2025-11-02 16:14:00 [main] INFO  u.d.tqs.hw1.service.BookingService - BookingService initialized
2025-11-02 16:14:00 [main] WARN  o.s.b.a.o.j.JpaBaseConfiguration$JpaWebConfiguration - spring.jpa.open-in-view is enabled by default. Therefore, database queries may be performed during view rendering. Explicitly configure spring.jpa.open-in-view to disable this warning
2025-11-02 16:14:00 [main] INFO  o.s.b.a.w.s.WelcomePageHandlerMapping - Adding welcome page template: index
2025-11-02 16:14:00 [main] INFO  o.s.b.w.e.tomcat.TomcatWebServer - Tomcat started on port 45175 (http) with context path '/'
2025-11-02 16:14:00 [main] INFO  u.d.t.h.f.FunctionalSeleniumTest - Started FunctionalSeleniumTest in 0.899 seconds (process running for 9.76)
2025-11-02 16:14:00 [main] INFO  i.g.bonigarcia.wdm.WebDriverManager - Using geckodriver 0.36.0 (resolved driver for Firefox 144)
2025-11-02 16:14:00 [main] INFO  i.g.bonigarcia.wdm.WebDriverManager - Exporting webdriver.gecko.driver as /home/duarte/.cache/selenium/geckodriver/linux64/0.36.0/geckodriver
2025-11-02 16:14:02 [http-nio-auto-1-exec-1] INFO  o.a.c.c.C.[Tomcat].[localhost].[/] - Initializing Spring DispatcherServlet 'dispatcherServlet'
2025-11-02 16:14:03 [http-nio-auto-1-exec-7] INFO  u.d.tqs.hw1.service.BookingService - Creating new booking for Maria Silva in Aveiro on 2025-11-04 at slot 0
2025-11-02 16:14:03 [http-nio-auto-1-exec-7] INFO  u.d.tqs.hw1.service.BookingService - Booking created successfully with token: 608d7262 for Maria Silva
2025-11-02 16:14:04 [http-nio-auto-1-exec-1] INFO  u.d.tqs.hw1.service.BookingService - Creating new booking for Maria Silva in Ílhavo on 2025-11-04 at slot 0
2025-11-02 16:14:04 [http-nio-auto-1-exec-1] INFO  u.d.tqs.hw1.service.BookingService - Booking created successfully with token: 9419f796 for Maria Silva
2025-11-02 16:14:05 [main] INFO  i.g.bonigarcia.wdm.WebDriverManager - Using geckodriver 0.36.0 (resolved driver for Firefox 144)
2025-11-02 16:14:05 [main] INFO  i.g.bonigarcia.wdm.WebDriverManager - Exporting webdriver.gecko.driver as /home/duarte/.cache/selenium/geckodriver/linux64/0.36.0/geckodriver
2025-11-02 16:14:17 [http-nio-auto-1-exec-10] INFO  u.d.tqs.hw1.service.BookingService - Updating booking 540 status to ASSIGNED
2025-11-02 16:14:17 [http-nio-auto-1-exec-10] INFO  u.d.tqs.hw1.service.BookingService - Booking 540 status changed from RECEIVED to ASSIGNED for citizen Maria Silva
2025-11-02 16:14:18 [main] INFO  i.g.bonigarcia.wdm.WebDriverManager - Using geckodriver 0.36.0 (resolved driver for Firefox 144)
2025-11-02 16:14:18 [main] INFO  i.g.bonigarcia.wdm.WebDriverManager - Exporting webdriver.gecko.driver as /home/duarte/.cache/selenium/geckodriver/linux64/0.36.0/geckodriver
2025-11-02 16:14:20 [main] INFO  i.g.bonigarcia.wdm.WebDriverManager - Using geckodriver 0.36.0 (resolved driver for Firefox 144)
2025-11-02 16:14:20 [main] INFO  i.g.bonigarcia.wdm.WebDriverManager - Exporting webdriver.gecko.driver as /home/duarte/.cache/selenium/geckodriver/linux64/0.36.0/geckodriver
2025-11-02 16:14:22 [http-nio-auto-1-exec-6] INFO  u.d.tqs.hw1.service.BookingService - Updating booking 541 status to CANCELLED
2025-11-02 16:14:23 [http-nio-auto-1-exec-6] INFO  u.d.tqs.hw1.service.BookingService - Booking 541 status changed from RECEIVED to CANCELLED for citizen Maria Silva
2025-11-02 16:14:23 [http-nio-auto-1-exec-6] INFO  u.d.tqs.hw1.service.BookingService - Time slot 09:00 on 2025-11-04 for Ílhavo is now available (booking 541 cancelled)
2025-11-02 16:14:34 [main] INFO  u.d.tqs.hw1.service.BookingService - BookingService initialized
2025-11-02 16:14:34 [main] INFO  u.d.tqs.hw1.service.BookingService - BookingService initialized
2025-11-02 16:14:34 [main] INFO  u.d.tqs.hw1.service.BookingService - BookingService initialized
2025-11-02 16:14:34 [main] WARN  u.d.tqs.hw1.service.BookingService - Attempted to delete non-existent booking with ID: 99
2025-11-02 16:14:34 [main] INFO  u.d.tqs.hw1.service.BookingService - BookingService initialized
2025-11-02 16:14:34 [main] INFO  u.d.tqs.hw1.service.BookingService - Updating booking 1 status to IN_PROGRESS
2025-11-02 16:14:34 [main] INFO  u.d.tqs.hw1.service.BookingService - Booking 1 status changed from RECEIVED to IN_PROGRESS for citizen John Doe
2025-11-02 16:14:34 [main] INFO  u.d.tqs.hw1.service.BookingService - BookingService initialized
2025-11-02 16:14:34 [main] INFO  u.d.tqs.hw1.service.BookingService - BookingService initialized
2025-11-02 16:14:34 [main] INFO  u.d.tqs.hw1.service.BookingService - Creating new booking for John Doe in Aveiro on 2025-11-03 at slot 2
2025-11-02 16:14:34 [main] WARN  u.d.tqs.hw1.service.BookingService - Booking creation failed: Time slot 2 on 2025-11-03 already occupied in Aveiro
2025-11-02 16:14:34 [main] INFO  u.d.tqs.hw1.service.BookingService - BookingService initialized
2025-11-02 16:14:34 [main] INFO  u.d.tqs.hw1.service.BookingService - BookingService initialized
2025-11-02 16:14:34 [main] INFO  u.d.tqs.hw1.service.BookingService - Creating new booking for John Doe in Aveiro on 2025-11-01 at slot 2
2025-11-02 16:14:34 [main] WARN  u.d.tqs.hw1.service.BookingService - Booking creation failed: Invalid date 2025-11-01 for John Doe
2025-11-02 16:14:34 [main] INFO  u.d.tqs.hw1.service.BookingService - BookingService initialized
2025-11-02 16:14:34 [main] INFO  u.d.tqs.hw1.service.BookingService - BookingService initialized
2025-11-02 16:14:34 [main] INFO  u.d.tqs.hw1.service.BookingService - Updating booking 1 status to CANCELLED
2025-11-02 16:14:34 [main] INFO  u.d.tqs.hw1.service.BookingService - Booking 1 status changed from RECEIVED to CANCELLED for citizen John Doe
2025-11-02 16:14:34 [main] INFO  u.d.tqs.hw1.service.BookingService - Time slot 11:00 on 2025-11-03 for Aveiro is now available (booking null cancelled)
2025-11-02 16:14:34 [main] INFO  u.d.tqs.hw1.service.BookingService - BookingService initialized
2025-11-02 16:14:34 [main] INFO  u.d.tqs.hw1.service.BookingService - BookingService initialized
2025-11-02 16:14:34 [main] INFO  u.d.tqs.hw1.service.BookingService - BookingService initialized
2025-11-02 16:14:34 [main] INFO  u.d.tqs.hw1.service.BookingService - BookingService initialized
2025-11-02 16:14:34 [main] INFO  u.d.tqs.hw1.service.BookingService - BookingService initialized
2025-11-02 16:14:34 [main] INFO  u.d.tqs.hw1.service.BookingService - BookingService initialized
2025-11-02 16:14:34 [main] INFO  u.d.tqs.hw1.service.BookingService - BookingService initialized
2025-11-02 16:14:34 [main] INFO  u.d.tqs.hw1.service.BookingService - BookingService initialized
2025-11-02 16:14:34 [main] INFO  u.d.tqs.hw1.service.BookingService - BookingService initialized
2025-11-02 16:14:34 [main] INFO  u.d.tqs.hw1.service.BookingService - BookingService initialized
2025-11-02 16:14:34 [main] INFO  u.d.tqs.hw1.service.BookingService - BookingService initialized
2025-11-02 16:14:34 [main] INFO  u.d.tqs.hw1.service.BookingService - BookingService initialized
2025-11-02 16:14:34 [main] INFO  u.d.tqs.hw1.service.BookingService - Deleting booking with ID: 1
2025-11-02 16:14:34 [main] INFO  u.d.tqs.hw1.service.BookingService - Booking 1 deleted successfully
2025-11-02 16:14:34 [main] INFO  u.d.tqs.hw1.service.BookingService - BookingService initialized
2025-11-02 16:14:34 [main] INFO  u.d.tqs.hw1.service.BookingService - BookingService initialized
2025-11-02 16:14:34 [main] INFO  u.d.tqs.hw1.service.BookingService - Updating booking 99 status to COMPLETED
2025-11-02 16:14:34 [main] WARN  u.d.tqs.hw1.service.BookingService - Attempted to update non-existent booking with ID: 99
2025-11-02 16:14:34 [main] INFO  u.d.tqs.hw1.service.BookingService - BookingService initialized
2025-11-02 16:14:34 [main] INFO  u.d.tqs.hw1.service.BookingService - BookingService initialized
2025-11-02 16:14:34 [main] INFO  u.d.tqs.hw1.service.BookingService - BookingService initialized
2025-11-02 16:14:34 [main] INFO  u.d.tqs.hw1.service.BookingService - Creating new booking for John Doe in Aveiro on 2025-11-03 at slot 2
2025-11-02 16:14:34 [main] INFO  u.d.tqs.hw1.service.BookingService - Booking created successfully with token: 75105b50 for John Doe
2025-11-02 16:14:34 [main] ERROR u.d.t.h.service.MunicipalityService - Failed to load municipalities: API is down
org.springframework.web.client.RestClientException: API is down
	at org.springframework.web.client.RestTemplate.exchange(RestTemplate.java:709)
	at ua.deti.tqs.hw1.service.MunicipalityService.getMunicipalities(MunicipalityService.java:26)
	at ua.deti.tqs.hw1.service.MunicipalityServiceTest.whenApiFails_thenReturnFallbackList(MunicipalityServiceTest.java:85)
	at java.base/jdk.internal.reflect.DirectMethodHandleAccessor.invoke(DirectMethodHandleAccessor.java:103)
	at java.base/java.lang.reflect.Method.invoke(Method.java:580)
	at org.junit.platform.commons.util.ReflectionUtils.invokeMethod(ReflectionUtils.java:775)
	at org.junit.platform.commons.support.ReflectionSupport.invokeMethod(ReflectionSupport.java:479)
	at org.junit.jupiter.engine.execution.MethodInvocation.proceed(MethodInvocation.java:60)
	at org.junit.jupiter.engine.execution.InvocationInterceptorChain$ValidatingInvocation.proceed(InvocationInterceptorChain.java:131)
	at org.junit.jupiter.engine.extension.TimeoutExtension.intercept(TimeoutExtension.java:161)
	at org.junit.jupiter.engine.extension.TimeoutExtension.interceptTestableMethod(TimeoutExtension.java:152)
	at org.junit.jupiter.engine.extension.TimeoutExtension.interceptTestMethod(TimeoutExtension.java:91)
	at org.junit.jupiter.engine.execution.InterceptingExecutableInvoker$ReflectiveInterceptorCall.lambda$ofVoidMethod$0(InterceptingExecutableInvoker.java:112)
	at org.junit.jupiter.engine.execution.InterceptingExecutableInvoker.lambda$invoke$0(InterceptingExecutableInvoker.java:94)
	at org.junit.jupiter.engine.execution.InvocationInterceptorChain$InterceptedInvocation.proceed(InvocationInterceptorChain.java:106)
	at org.junit.jupiter.engine.execution.InvocationInterceptorChain.proceed(InvocationInterceptorChain.java:64)
	at org.junit.jupiter.engine.execution.InvocationInterceptorChain.chainAndInvoke(InvocationInterceptorChain.java:45)
	at org.junit.jupiter.engine.execution.InvocationInterceptorChain.invoke(InvocationInterceptorChain.java:37)
	at org.junit.jupiter.engine.execution.InterceptingExecutableInvoker.invoke(InterceptingExecutableInvoker.java:93)
	at org.junit.jupiter.engine.execution.InterceptingExecutableInvoker.invoke(InterceptingExecutableInvoker.java:87)
	at org.junit.jupiter.engine.descriptor.TestMethodTestDescriptor.lambda$invokeTestMethod$7(TestMethodTestDescriptor.java:216)
	at org.junit.platform.engine.support.hierarchical.ThrowableCollector.execute(ThrowableCollector.java:73)
	at org.junit.jupiter.engine.descriptor.TestMethodTestDescriptor.invokeTestMethod(TestMethodTestDescriptor.java:212)
	at org.junit.jupiter.engine.descriptor.TestMethodTestDescriptor.execute(TestMethodTestDescriptor.java:137)
	at org.junit.jupiter.engine.descriptor.TestMethodTestDescriptor.execute(TestMethodTestDescriptor.java:69)
	at org.junit.platform.engine.support.hierarchical.NodeTestTask.lambda$executeRecursively$6(NodeTestTask.java:156)
	at org.junit.platform.engine.support.hierarchical.ThrowableCollector.execute(ThrowableCollector.java:73)
	at org.junit.platform.engine.support.hierarchical.NodeTestTask.lambda$executeRecursively$8(NodeTestTask.java:146)
	at org.junit.platform.engine.support.hierarchical.Node.around(Node.java:137)
	at org.junit.platform.engine.support.hierarchical.NodeTestTask.lambda$executeRecursively$9(NodeTestTask.java:144)
	at org.junit.platform.engine.support.hierarchical.ThrowableCollector.execute(ThrowableCollector.java:73)
	at org.junit.platform.engine.support.hierarchical.NodeTestTask.executeRecursively(NodeTestTask.java:143)
	at org.junit.platform.engine.support.hierarchical.NodeTestTask.execute(NodeTestTask.java:100)
	at java.base/java.util.ArrayList.forEach(ArrayList.java:1596)
	at org.junit.platform.engine.support.hierarchical.SameThreadHierarchicalTestExecutorService.invokeAll(SameThreadHierarchicalTestExecutorService.java:41)
	at org.junit.platform.engine.support.hierarchical.NodeTestTask.lambda$executeRecursively$6(NodeTestTask.java:160)
	at org.junit.platform.engine.support.hierarchical.ThrowableCollector.execute(ThrowableCollector.java:73)
	at org.junit.platform.engine.support.hierarchical.NodeTestTask.lambda$executeRecursively$8(NodeTestTask.java:146)
	at org.junit.platform.engine.support.hierarchical.Node.around(Node.java:137)
	at org.junit.platform.engine.support.hierarchical.NodeTestTask.lambda$executeRecursively$9(NodeTestTask.java:144)
	at org.junit.platform.engine.support.hierarchical.ThrowableCollector.execute(ThrowableCollector.java:73)
	at org.junit.platform.engine.support.hierarchical.NodeTestTask.executeRecursively(NodeTestTask.java:143)
	at org.junit.platform.engine.support.hierarchical.NodeTestTask.execute(NodeTestTask.java:100)
	at java.base/java.util.ArrayList.forEach(ArrayList.java:1596)
	at org.junit.platform.engine.support.hierarchical.SameThreadHierarchicalTestExecutorService.invokeAll(SameThreadHierarchicalTestExecutorService.java:41)
	at org.junit.platform.engine.support.hierarchical.NodeTestTask.lambda$executeRecursively$6(NodeTestTask.java:160)
	at org.junit.platform.engine.support.hierarchical.ThrowableCollector.execute(ThrowableCollector.java:73)
	at org.junit.platform.engine.support.hierarchical.NodeTestTask.lambda$executeRecursively$8(NodeTestTask.java:146)
	at org.junit.platform.engine.support.hierarchical.Node.around(Node.java:137)
	at org.junit.platform.engine.support.hierarchical.NodeTestTask.lambda$executeRecursively$9(NodeTestTask.java:144)
	at org.junit.platform.engine.support.hierarchical.ThrowableCollector.execute(ThrowableCollector.java:73)
	at org.junit.platform.engine.support.hierarchical.NodeTestTask.executeRecursively(NodeTestTask.java:143)
	at org.junit.platform.engine.support.hierarchical.NodeTestTask.execute(NodeTestTask.java:100)
	at org.junit.platform.engine.support.hierarchical.SameThreadHierarchicalTestExecutorService.submit(SameThreadHierarchicalTestExecutorService.java:35)
	at org.junit.platform.engine.support.hierarchical.HierarchicalTestExecutor.execute(HierarchicalTestExecutor.java:57)
	at org.junit.platform.engine.support.hierarchical.HierarchicalTestEngine.execute(HierarchicalTestEngine.java:54)
	at org.junit.platform.launcher.core.EngineExecutionOrchestrator.execute(EngineExecutionOrchestrator.java:201)
	at org.junit.platform.launcher.core.EngineExecutionOrchestrator.execute(EngineExecutionOrchestrator.java:170)
	at org.junit.platform.launcher.core.EngineExecutionOrchestrator.execute(EngineExecutionOrchestrator.java:94)
	at org.junit.platform.launcher.core.EngineExecutionOrchestrator.lambda$execute$0(EngineExecutionOrchestrator.java:59)
	at org.junit.platform.launcher.core.EngineExecutionOrchestrator.withInterceptedStreams(EngineExecutionOrchestrator.java:142)
	at org.junit.platform.launcher.core.EngineExecutionOrchestrator.execute(EngineExecutionOrchestrator.java:58)
	at org.junit.platform.launcher.core.DefaultLauncher.execute(DefaultLauncher.java:103)
	at org.junit.platform.launcher.core.DefaultLauncher.execute(DefaultLauncher.java:85)
	at org.junit.platform.launcher.core.DelegatingLauncher.execute(DelegatingLauncher.java:47)
	at org.junit.platform.launcher.core.InterceptingLauncher.lambda$execute$1(InterceptingLauncher.java:39)
	at org.junit.platform.launcher.core.ClasspathAlignmentCheckingLauncherInterceptor.intercept(ClasspathAlignmentCheckingLauncherInterceptor.java:25)
	at org.junit.platform.launcher.core.InterceptingLauncher.execute(InterceptingLauncher.java:38)
	at org.junit.platform.launcher.core.DelegatingLauncher.execute(DelegatingLauncher.java:47)
	at org.apache.maven.surefire.junitplatform.LauncherAdapter.executeWithoutCancellationToken(LauncherAdapter.java:60)
	at org.apache.maven.surefire.junitplatform.LauncherAdapter.execute(LauncherAdapter.java:52)
	at org.apache.maven.surefire.junitplatform.JUnitPlatformProvider.execute(JUnitPlatformProvider.java:203)
	at org.apache.maven.surefire.junitplatform.JUnitPlatformProvider.invokeAllTests(JUnitPlatformProvider.java:168)
	at org.apache.maven.surefire.junitplatform.JUnitPlatformProvider.invoke(JUnitPlatformProvider.java:136)
	at org.apache.maven.surefire.booter.ForkedBooter.runSuitesInProcess(ForkedBooter.java:385)
	at org.apache.maven.surefire.booter.ForkedBooter.execute(ForkedBooter.java:162)
	at org.apache.maven.surefire.booter.ForkedBooter.run(ForkedBooter.java:507)
	at org.apache.maven.surefire.booter.ForkedBooter.main(ForkedBooter.java:495)
2025-11-02 16:14:34 [main] WARN  u.d.t.h.service.MunicipalityService - API returned null or empty response
2025-11-02 16:14:34 [main] INFO  u.d.tqs.hw1.service.BookingService - BookingService initialized
2025-11-02 16:14:34 [main] INFO  u.d.tqs.hw1.service.BookingService - Updating booking 0 status to IN_PROGRESS
2025-11-02 16:14:34 [main] INFO  u.d.tqs.hw1.service.BookingService - Booking 0 status changed from RECEIVED to IN_PROGRESS for citizen Test Person
2025-11-02 16:14:34 [main] INFO  u.d.tqs.hw1.service.BookingService - Updating booking 1 status to IN_PROGRESS
2025-11-02 16:14:34 [main] INFO  u.d.tqs.hw1.service.BookingService - Booking 1 status changed from RECEIVED to IN_PROGRESS for citizen Test Person
2025-11-02 16:14:34 [main] INFO  u.d.tqs.hw1.service.BookingService - Updating booking 2 status to IN_PROGRESS
2025-11-02 16:14:34 [main] INFO  u.d.tqs.hw1.service.BookingService - Booking 2 status changed from RECEIVED to IN_PROGRESS for citizen Test Person
2025-11-02 16:14:34 [main] INFO  u.d.tqs.hw1.service.BookingService - Updating booking 3 status to IN_PROGRESS
2025-11-02 16:14:34 [main] INFO  u.d.tqs.hw1.service.BookingService - Booking 3 status changed from RECEIVED to IN_PROGRESS for citizen Test Person
2025-11-02 16:14:34 [main] INFO  u.d.tqs.hw1.service.BookingService - Updating booking 4 status to IN_PROGRESS
2025-11-02 16:14:34 [main] INFO  u.d.tqs.hw1.service.BookingService - Booking 4 status changed from RECEIVED to IN_PROGRESS for citizen Test Person
2025-11-02 16:14:34 [main] INFO  u.d.tqs.hw1.service.BookingService - Updating booking 5 status to IN_PROGRESS
2025-11-02 16:14:34 [main] INFO  u.d.tqs.hw1.service.BookingService - Booking 5 status changed from RECEIVED to IN_PROGRESS for citizen Test Person
2025-11-02 16:14:34 [main] INFO  u.d.tqs.hw1.service.BookingService - Updating booking 6 status to IN_PROGRESS
2025-11-02 16:14:34 [main] INFO  u.d.tqs.hw1.service.BookingService - Booking 6 status changed from RECEIVED to IN_PROGRESS for citizen Test Person
2025-11-02 16:14:34 [main] INFO  u.d.tqs.hw1.service.BookingService - Updating booking 7 status to IN_PROGRESS
2025-11-02 16:14:34 [main] INFO  u.d.tqs.hw1.service.BookingService - Booking 7 status changed from RECEIVED to IN_PROGRESS for citizen Test Person
2025-11-02 16:14:34 [main] INFO  u.d.tqs.hw1.service.BookingService - Updating booking 8 status to IN_PROGRESS
2025-11-02 16:14:34 [main] INFO  u.d.tqs.hw1.service.BookingService - Booking 8 status changed from RECEIVED to IN_PROGRESS for citizen Test Person
2025-11-02 16:14:34 [main] INFO  u.d.tqs.hw1.service.BookingService - Updating booking 9 status to IN_PROGRESS
2025-11-02 16:14:34 [main] INFO  u.d.tqs.hw1.service.BookingService - Booking 9 status changed from RECEIVED to IN_PROGRESS for citizen Test Person
2025-11-02 16:14:34 [main] INFO  u.d.tqs.hw1.service.BookingService - Updating booking 10 status to IN_PROGRESS
2025-11-02 16:14:34 [main] INFO  u.d.tqs.hw1.service.BookingService - Booking 10 status changed from RECEIVED to IN_PROGRESS for citizen Test Person
2025-11-02 16:14:34 [main] INFO  u.d.tqs.hw1.service.BookingService - Updating booking 11 status to IN_PROGRESS
2025-11-02 16:14:34 [main] INFO  u.d.tqs.hw1.service.BookingService - Booking 11 status changed from RECEIVED to IN_PROGRESS for citizen Test Person
2025-11-02 16:14:34 [main] INFO  u.d.tqs.hw1.service.BookingService - Updating booking 12 status to IN_PROGRESS
2025-11-02 16:14:34 [main] INFO  u.d.tqs.hw1.service.BookingService - Booking 12 status changed from RECEIVED to IN_PROGRESS for citizen Test Person
2025-11-02 16:14:34 [main] INFO  u.d.tqs.hw1.service.BookingService - Updating booking 13 status to IN_PROGRESS
2025-11-02 16:14:34 [main] INFO  u.d.tqs.hw1.service.BookingService - Booking 13 status changed from RECEIVED to IN_PROGRESS for citizen Test Person
2025-11-02 16:14:34 [main] INFO  u.d.tqs.hw1.service.BookingService - Updating booking 14 status to IN_PROGRESS
2025-11-02 16:14:34 [main] INFO  u.d.tqs.hw1.service.BookingService - Booking 14 status changed from RECEIVED to IN_PROGRESS for citizen Test Person
2025-11-02 16:14:34 [main] INFO  u.d.tqs.hw1.service.BookingService - Updating booking 15 status to IN_PROGRESS
2025-11-02 16:14:34 [main] INFO  u.d.tqs.hw1.service.BookingService - Booking 15 status changed from RECEIVED to IN_PROGRESS for citizen Test Person
2025-11-02 16:14:34 [main] INFO  u.d.tqs.hw1.service.BookingService - Updating booking 16 status to IN_PROGRESS
2025-11-02 16:14:34 [main] INFO  u.d.tqs.hw1.service.BookingService - Booking 16 status changed from RECEIVED to IN_PROGRESS for citizen Test Person
2025-11-02 16:14:34 [main] INFO  u.d.tqs.hw1.service.BookingService - Updating booking 17 status to IN_PROGRESS
2025-11-02 16:14:34 [main] INFO  u.d.tqs.hw1.service.BookingService - Booking 17 status changed from RECEIVED to IN_PROGRESS for citizen Test Person
2025-11-02 16:14:34 [main] INFO  u.d.tqs.hw1.service.BookingService - Updating booking 18 status to IN_PROGRESS
2025-11-02 16:14:34 [main] INFO  u.d.tqs.hw1.service.BookingService - Booking 18 status changed from RECEIVED to IN_PROGRESS for citizen Test Person
2025-11-02 16:14:34 [main] INFO  u.d.tqs.hw1.service.BookingService - Updating booking 19 status to IN_PROGRESS
2025-11-02 16:14:34 [main] INFO  u.d.tqs.hw1.service.BookingService - Booking 19 status changed from RECEIVED to IN_PROGRESS for citizen Test Person
2025-11-02 16:14:34 [main] INFO  u.d.tqs.hw1.service.BookingService - Updating booking 20 status to IN_PROGRESS
2025-11-02 16:14:34 [main] INFO  u.d.tqs.hw1.service.BookingService - Booking 20 status changed from RECEIVED to IN_PROGRESS for citizen Test Person
2025-11-02 16:14:34 [main] INFO  u.d.tqs.hw1.service.BookingService - Updating booking 21 status to IN_PROGRESS
2025-11-02 16:14:34 [main] INFO  u.d.tqs.hw1.service.BookingService - Booking 21 status changed from RECEIVED to IN_PROGRESS for citizen Test Person
2025-11-02 16:14:34 [main] INFO  u.d.tqs.hw1.service.BookingService - Updating booking 22 status to IN_PROGRESS
2025-11-02 16:14:34 [main] INFO  u.d.tqs.hw1.service.BookingService - Booking 22 status changed from RECEIVED to IN_PROGRESS for citizen Test Person
2025-11-02 16:14:34 [main] INFO  u.d.tqs.hw1.service.BookingService - Updating booking 23 status to IN_PROGRESS
2025-11-02 16:14:34 [main] INFO  u.d.tqs.hw1.service.BookingService - Booking 23 status changed from RECEIVED to IN_PROGRESS for citizen Test Person
2025-11-02 16:14:34 [main] INFO  u.d.tqs.hw1.service.BookingService - Updating booking 24 status to IN_PROGRESS
2025-11-02 16:14:34 [main] INFO  u.d.tqs.hw1.service.BookingService - Booking 24 status changed from RECEIVED to IN_PROGRESS for citizen Test Person
2025-11-02 16:14:34 [main] INFO  u.d.tqs.hw1.service.BookingService - Updating booking 25 status to IN_PROGRESS
2025-11-02 16:14:34 [main] INFO  u.d.tqs.hw1.service.BookingService - Booking 25 status changed from RECEIVED to IN_PROGRESS for citizen Test Person
2025-11-02 16:14:34 [main] INFO  u.d.tqs.hw1.service.BookingService - Updating booking 26 status to IN_PROGRESS
2025-11-02 16:14:34 [main] INFO  u.d.tqs.hw1.service.BookingService - Booking 26 status changed from RECEIVED to IN_PROGRESS for citizen Test Person
2025-11-02 16:14:34 [main] INFO  u.d.tqs.hw1.service.BookingService - Updating booking 27 status to IN_PROGRESS
2025-11-02 16:14:34 [main] INFO  u.d.tqs.hw1.service.BookingService - Booking 27 status changed from RECEIVED to IN_PROGRESS for citizen Test Person
2025-11-02 16:14:34 [main] INFO  u.d.tqs.hw1.service.BookingService - Updating booking 28 status to IN_PROGRESS
2025-11-02 16:14:34 [main] INFO  u.d.tqs.hw1.service.BookingService - Booking 28 status changed from RECEIVED to IN_PROGRESS for citizen Test Person
2025-11-02 16:14:34 [main] INFO  u.d.tqs.hw1.service.BookingService - Updating booking 29 status to IN_PROGRESS
2025-11-02 16:14:34 [main] INFO  u.d.tqs.hw1.service.BookingService - Booking 29 status changed from RECEIVED to IN_PROGRESS for citizen Test Person
2025-11-02 16:14:34 [main] INFO  u.d.tqs.hw1.service.BookingService - Updating booking 30 status to IN_PROGRESS
2025-11-02 16:14:34 [main] INFO  u.d.tqs.hw1.service.BookingService - Booking 30 status changed from RECEIVED to IN_PROGRESS for citizen Test Person
2025-11-02 16:14:34 [main] INFO  u.d.tqs.hw1.service.BookingService - Updating booking 31 status to IN_PROGRESS
2025-11-02 16:14:34 [main] INFO  u.d.tqs.hw1.service.BookingService - Booking 31 status changed from RECEIVED to IN_PROGRESS for citizen Test Person
2025-11-02 16:14:34 [main] INFO  u.d.tqs.hw1.service.BookingService - Updating booking 32 status to IN_PROGRESS
2025-11-02 16:14:34 [main] INFO  u.d.tqs.hw1.service.BookingService - Booking 32 status changed from RECEIVED to IN_PROGRESS for citizen Test Person
2025-11-02 16:14:34 [main] INFO  u.d.tqs.hw1.service.BookingService - Updating booking 33 status to IN_PROGRESS
2025-11-02 16:14:34 [main] INFO  u.d.tqs.hw1.service.BookingService - Booking 33 status changed from RECEIVED to IN_PROGRESS for citizen Test Person
2025-11-02 16:14:34 [main] INFO  u.d.tqs.hw1.service.BookingService - Updating booking 34 status to IN_PROGRESS
2025-11-02 16:14:34 [main] INFO  u.d.tqs.hw1.service.BookingService - Booking 34 status changed from RECEIVED to IN_PROGRESS for citizen Test Person
2025-11-02 16:14:34 [main] INFO  u.d.tqs.hw1.service.BookingService - Updating booking 35 status to IN_PROGRESS
2025-11-02 16:14:34 [main] INFO  u.d.tqs.hw1.service.BookingService - Booking 35 status changed from RECEIVED to IN_PROGRESS for citizen Test Person
2025-11-02 16:14:34 [main] INFO  u.d.tqs.hw1.service.BookingService - Updating booking 36 status to IN_PROGRESS
2025-11-02 16:14:34 [main] INFO  u.d.tqs.hw1.service.BookingService - Booking 36 status changed from RECEIVED to IN_PROGRESS for citizen Test Person
2025-11-02 16:14:34 [main] INFO  u.d.tqs.hw1.service.BookingService - Updating booking 37 status to IN_PROGRESS
2025-11-02 16:14:34 [main] INFO  u.d.tqs.hw1.service.BookingService - Booking 37 status changed from RECEIVED to IN_PROGRESS for citizen Test Person
2025-11-02 16:14:34 [main] INFO  u.d.tqs.hw1.service.BookingService - Updating booking 38 status to IN_PROGRESS
2025-11-02 16:14:34 [main] INFO  u.d.tqs.hw1.service.BookingService - Booking 38 status changed from RECEIVED to IN_PROGRESS for citizen Test Person
2025-11-02 16:14:34 [main] INFO  u.d.tqs.hw1.service.BookingService - Updating booking 39 status to IN_PROGRESS
2025-11-02 16:14:34 [main] INFO  u.d.tqs.hw1.service.BookingService - Booking 39 status changed from RECEIVED to IN_PROGRESS for citizen Test Person
2025-11-02 16:14:34 [main] INFO  u.d.tqs.hw1.service.BookingService - Updating booking 40 status to IN_PROGRESS
2025-11-02 16:14:34 [main] INFO  u.d.tqs.hw1.service.BookingService - Booking 40 status changed from RECEIVED to IN_PROGRESS for citizen Test Person
2025-11-02 16:14:34 [main] INFO  u.d.tqs.hw1.service.BookingService - Updating booking 41 status to IN_PROGRESS
2025-11-02 16:14:34 [main] INFO  u.d.tqs.hw1.service.BookingService - Booking 41 status changed from RECEIVED to IN_PROGRESS for citizen Test Person
2025-11-02 16:14:34 [main] INFO  u.d.tqs.hw1.service.BookingService - Updating booking 42 status to IN_PROGRESS
2025-11-02 16:14:34 [main] INFO  u.d.tqs.hw1.service.BookingService - Booking 42 status changed from RECEIVED to IN_PROGRESS for citizen Test Person
2025-11-02 16:14:34 [main] INFO  u.d.tqs.hw1.service.BookingService - Updating booking 43 status to IN_PROGRESS
2025-11-02 16:14:34 [main] INFO  u.d.tqs.hw1.service.BookingService - Booking 43 status changed from RECEIVED to IN_PROGRESS for citizen Test Person
2025-11-02 16:14:34 [main] INFO  u.d.tqs.hw1.service.BookingService - Updating booking 44 status to IN_PROGRESS
2025-11-02 16:14:34 [main] INFO  u.d.tqs.hw1.service.BookingService - Booking 44 status changed from RECEIVED to IN_PROGRESS for citizen Test Person
2025-11-02 16:14:34 [main] INFO  u.d.tqs.hw1.service.BookingService - Updating booking 45 status to IN_PROGRESS
2025-11-02 16:14:34 [main] INFO  u.d.tqs.hw1.service.BookingService - Booking 45 status changed from RECEIVED to IN_PROGRESS for citizen Test Person
2025-11-02 16:14:34 [main] INFO  u.d.tqs.hw1.service.BookingService - Updating booking 46 status to IN_PROGRESS
2025-11-02 16:14:34 [main] INFO  u.d.tqs.hw1.service.BookingService - Booking 46 status changed from RECEIVED to IN_PROGRESS for citizen Test Person
2025-11-02 16:14:34 [main] INFO  u.d.tqs.hw1.service.BookingService - Updating booking 47 status to IN_PROGRESS
2025-11-02 16:14:34 [main] INFO  u.d.tqs.hw1.service.BookingService - Booking 47 status changed from RECEIVED to IN_PROGRESS for citizen Test Person
2025-11-02 16:14:34 [main] INFO  u.d.tqs.hw1.service.BookingService - Updating booking 48 status to IN_PROGRESS
2025-11-02 16:14:34 [main] INFO  u.d.tqs.hw1.service.BookingService - Booking 48 status changed from RECEIVED to IN_PROGRESS for citizen Test Person
2025-11-02 16:14:34 [main] INFO  u.d.tqs.hw1.service.BookingService - Updating booking 49 status to IN_PROGRESS
2025-11-02 16:14:34 [main] INFO  u.d.tqs.hw1.service.BookingService - Booking 49 status changed from RECEIVED to IN_PROGRESS for citizen Test Person
2025-11-02 16:14:34 [main] INFO  u.d.tqs.hw1.service.BookingService - BookingService initialized
2025-11-02 16:14:35 [main] INFO  u.d.tqs.hw1.service.BookingService - BookingService initialized
2025-11-02 16:14:35 [main] INFO  u.d.tqs.hw1.service.BookingService - BookingService initialized
2025-11-02 16:14:35 [main] INFO  u.d.tqs.hw1.service.BookingService - BookingService initialized
2025-11-02 16:14:35 [main] INFO  u.d.tqs.hw1.service.BookingService - BookingService initialized
2025-11-02 16:14:35 [main] INFO  u.d.tqs.hw1.service.BookingService - Creating new booking for John Doe in Aveiro on 2025-11-03 at slot 0
2025-11-02 16:14:35 [main] INFO  u.d.tqs.hw1.service.BookingService - Booking created successfully with token: 29ed0dea for John Doe
2025-11-02 16:14:35 [main] INFO  u.d.tqs.hw1.service.BookingService - Creating new booking for John Doe in Aveiro on 2025-11-03 at slot 1
2025-11-02 16:14:35 [main] INFO  u.d.tqs.hw1.service.BookingService - Booking created successfully with token: 29ed0dea for John Doe
2025-11-02 16:14:35 [main] INFO  u.d.tqs.hw1.service.BookingService - Creating new booking for John Doe in Aveiro on 2025-11-03 at slot 2
2025-11-02 16:14:35 [main] INFO  u.d.tqs.hw1.service.BookingService - Booking created successfully with token: 29ed0dea for John Doe
2025-11-02 16:14:35 [main] INFO  u.d.tqs.hw1.service.BookingService - Creating new booking for John Doe in Aveiro on 2025-11-03 at slot 3
2025-11-02 16:14:35 [main] INFO  u.d.tqs.hw1.service.BookingService - Booking created successfully with token: 29ed0dea for John Doe
2025-11-02 16:14:35 [main] INFO  u.d.tqs.hw1.service.BookingService - Creating new booking for John Doe in Aveiro on 2025-11-03 at slot 4
2025-11-02 16:14:35 [main] INFO  u.d.tqs.hw1.service.BookingService - Booking created successfully with token: 29ed0dea for John Doe
2025-11-02 16:14:35 [main] INFO  u.d.tqs.hw1.service.BookingService - Creating new booking for John Doe in Aveiro on 2025-11-03 at slot 5
2025-11-02 16:14:35 [main] INFO  u.d.tqs.hw1.service.BookingService - Booking created successfully with token: 29ed0dea for John Doe
2025-11-02 16:14:35 [main] INFO  u.d.tqs.hw1.service.BookingService - Creating new booking for John Doe in Aveiro on 2025-11-03 at slot 6
2025-11-02 16:14:35 [main] INFO  u.d.tqs.hw1.service.BookingService - Booking created successfully with token: 29ed0dea for John Doe
2025-11-02 16:14:35 [main] INFO  u.d.tqs.hw1.service.BookingService - Creating new booking for John Doe in Aveiro on 2025-11-03 at slot 7
2025-11-02 16:14:35 [main] INFO  u.d.tqs.hw1.service.BookingService - Booking created successfully with token: 29ed0dea for John Doe
2025-11-02 16:14:35 [main] INFO  u.d.tqs.hw1.service.BookingService - Creating new booking for John Doe in Aveiro on 2025-11-03 at slot 8
2025-11-02 16:14:35 [main] INFO  u.d.tqs.hw1.service.BookingService - Booking created successfully with token: 29ed0dea for John Doe
2025-11-02 16:14:35 [main] INFO  u.d.tqs.hw1.service.BookingService - Creating new booking for John Doe in Aveiro on 2025-11-03 at slot 0
2025-11-02 16:14:35 [main] INFO  u.d.tqs.hw1.service.BookingService - Booking created successfully with token: 29ed0dea for John Doe
2025-11-02 16:14:35 [main] INFO  u.d.tqs.hw1.service.BookingService - Creating new booking for John Doe in Aveiro on 2025-11-03 at slot 1
2025-11-02 16:14:35 [main] INFO  u.d.tqs.hw1.service.BookingService - Booking created successfully with token: 29ed0dea for John Doe
2025-11-02 16:14:35 [main] INFO  u.d.tqs.hw1.service.BookingService - Creating new booking for John Doe in Aveiro on 2025-11-03 at slot 2
2025-11-02 16:14:35 [main] INFO  u.d.tqs.hw1.service.BookingService - Booking created successfully with token: 29ed0dea for John Doe
2025-11-02 16:14:35 [main] INFO  u.d.tqs.hw1.service.BookingService - Creating new booking for John Doe in Aveiro on 2025-11-03 at slot 3
2025-11-02 16:14:35 [main] INFO  u.d.tqs.hw1.service.BookingService - Booking created successfully with token: 29ed0dea for John Doe
2025-11-02 16:14:35 [main] INFO  u.d.tqs.hw1.service.BookingService - Creating new booking for John Doe in Aveiro on 2025-11-03 at slot 4
2025-11-02 16:14:35 [main] INFO  u.d.tqs.hw1.service.BookingService - Booking created successfully with token: 29ed0dea for John Doe
2025-11-02 16:14:35 [main] INFO  u.d.tqs.hw1.service.BookingService - Creating new booking for John Doe in Aveiro on 2025-11-03 at slot 5
2025-11-02 16:14:35 [main] INFO  u.d.tqs.hw1.service.BookingService - Booking created successfully with token: 29ed0dea for John Doe
2025-11-02 16:14:35 [main] INFO  u.d.tqs.hw1.service.BookingService - Creating new booking for John Doe in Aveiro on 2025-11-03 at slot 6
2025-11-02 16:14:35 [main] INFO  u.d.tqs.hw1.service.BookingService - Booking created successfully with token: 29ed0dea for John Doe
2025-11-02 16:14:35 [main] INFO  u.d.tqs.hw1.service.BookingService - Creating new booking for John Doe in Aveiro on 2025-11-03 at slot 7
2025-11-02 16:14:35 [main] INFO  u.d.tqs.hw1.service.BookingService - Booking created successfully with token: 29ed0dea for John Doe
2025-11-02 16:14:35 [main] INFO  u.d.tqs.hw1.service.BookingService - Creating new booking for John Doe in Aveiro on 2025-11-03 at slot 8
2025-11-02 16:14:35 [main] INFO  u.d.tqs.hw1.service.BookingService - Booking created successfully with token: 29ed0dea for John Doe
2025-11-02 16:14:35 [main] INFO  u.d.tqs.hw1.service.BookingService - Creating new booking for John Doe in Aveiro on 2025-11-03 at slot 0
2025-11-02 16:14:35 [main] INFO  u.d.tqs.hw1.service.BookingService - Booking created successfully with token: 29ed0dea for John Doe
2025-11-02 16:14:35 [main] INFO  u.d.tqs.hw1.service.BookingService - Creating new booking for John Doe in Aveiro on 2025-11-03 at slot 1
2025-11-02 16:14:35 [main] INFO  u.d.tqs.hw1.service.BookingService - Booking created successfully with token: 29ed0dea for John Doe
2025-11-02 16:14:35 [main] INFO  u.d.tqs.hw1.service.BookingService - Creating new booking for John Doe in Aveiro on 2025-11-03 at slot 2
2025-11-02 16:14:35 [main] INFO  u.d.tqs.hw1.service.BookingService - Booking created successfully with token: 29ed0dea for John Doe
2025-11-02 16:14:35 [main] INFO  u.d.tqs.hw1.service.BookingService - Creating new booking for John Doe in Aveiro on 2025-11-03 at slot 3
2025-11-02 16:14:35 [main] INFO  u.d.tqs.hw1.service.BookingService - Booking created successfully with token: 29ed0dea for John Doe
2025-11-02 16:14:35 [main] INFO  u.d.tqs.hw1.service.BookingService - Creating new booking for John Doe in Aveiro on 2025-11-03 at slot 4
2025-11-02 16:14:35 [main] INFO  u.d.tqs.hw1.service.BookingService - Booking created successfully with token: 29ed0dea for John Doe
2025-11-02 16:14:35 [main] INFO  u.d.tqs.hw1.service.BookingService - Creating new booking for John Doe in Aveiro on 2025-11-03 at slot 5
2025-11-02 16:14:35 [main] INFO  u.d.tqs.hw1.service.BookingService - Booking created successfully with token: 29ed0dea for John Doe
2025-11-02 16:14:35 [main] INFO  u.d.tqs.hw1.service.BookingService - Creating new booking for John Doe in Aveiro on 2025-11-03 at slot 6
2025-11-02 16:14:35 [main] INFO  u.d.tqs.hw1.service.BookingService - Booking created successfully with token: 29ed0dea for John Doe
2025-11-02 16:14:35 [main] INFO  u.d.tqs.hw1.service.BookingService - Creating new booking for John Doe in Aveiro on 2025-11-03 at slot 7
2025-11-02 16:14:35 [main] INFO  u.d.tqs.hw1.service.BookingService - Booking created successfully with token: 29ed0dea for John Doe
2025-11-02 16:14:35 [main] INFO  u.d.tqs.hw1.service.BookingService - Creating new booking for John Doe in Aveiro on 2025-11-03 at slot 8
2025-11-02 16:14:35 [main] INFO  u.d.tqs.hw1.service.BookingService - Booking created successfully with token: 29ed0dea for John Doe
2025-11-02 16:14:35 [main] INFO  u.d.tqs.hw1.service.BookingService - Creating new booking for John Doe in Aveiro on 2025-11-03 at slot 0
2025-11-02 16:14:35 [main] INFO  u.d.tqs.hw1.service.BookingService - Booking created successfully with token: 29ed0dea for John Doe
2025-11-02 16:14:35 [main] INFO  u.d.tqs.hw1.service.BookingService - Creating new booking for John Doe in Aveiro on 2025-11-03 at slot 1
2025-11-02 16:14:35 [main] INFO  u.d.tqs.hw1.service.BookingService - Booking created successfully with token: 29ed0dea for John Doe
2025-11-02 16:14:35 [main] INFO  u.d.tqs.hw1.service.BookingService - Creating new booking for John Doe in Aveiro on 2025-11-03 at slot 2
2025-11-02 16:14:35 [main] INFO  u.d.tqs.hw1.service.BookingService - Booking created successfully with token: 29ed0dea for John Doe
2025-11-02 16:14:35 [main] INFO  u.d.tqs.hw1.service.BookingService - Creating new booking for John Doe in Aveiro on 2025-11-03 at slot 3
2025-11-02 16:14:35 [main] INFO  u.d.tqs.hw1.service.BookingService - Booking created successfully with token: 29ed0dea for John Doe
2025-11-02 16:14:35 [main] INFO  u.d.tqs.hw1.service.BookingService - Creating new booking for John Doe in Aveiro on 2025-11-03 at slot 4
2025-11-02 16:14:35 [main] INFO  u.d.tqs.hw1.service.BookingService - Booking created successfully with token: 29ed0dea for John Doe
2025-11-02 16:14:35 [main] INFO  u.d.tqs.hw1.service.BookingService - Creating new booking for John Doe in Aveiro on 2025-11-03 at slot 5
2025-11-02 16:14:35 [main] INFO  u.d.tqs.hw1.service.BookingService - Booking created successfully with token: 29ed0dea for John Doe
2025-11-02 16:14:35 [main] INFO  u.d.tqs.hw1.service.BookingService - Creating new booking for John Doe in Aveiro on 2025-11-03 at slot 6
2025-11-02 16:14:35 [main] INFO  u.d.tqs.hw1.service.BookingService - Booking created successfully with token: 29ed0dea for John Doe
2025-11-02 16:14:35 [main] INFO  u.d.tqs.hw1.service.BookingService - Creating new booking for John Doe in Aveiro on 2025-11-03 at slot 7
2025-11-02 16:14:35 [main] INFO  u.d.tqs.hw1.service.BookingService - Booking created successfully with token: 29ed0dea for John Doe
2025-11-02 16:14:35 [main] INFO  u.d.tqs.hw1.service.BookingService - Creating new booking for John Doe in Aveiro on 2025-11-03 at slot 8
2025-11-02 16:14:35 [main] INFO  u.d.tqs.hw1.service.BookingService - Booking created successfully with token: 29ed0dea for John Doe
2025-11-02 16:14:35 [main] INFO  u.d.tqs.hw1.service.BookingService - Creating new booking for John Doe in Aveiro on 2025-11-03 at slot 0
2025-11-02 16:14:35 [main] INFO  u.d.tqs.hw1.service.BookingService - Booking created successfully with token: 29ed0dea for John Doe
2025-11-02 16:14:35 [main] INFO  u.d.tqs.hw1.service.BookingService - Creating new booking for John Doe in Aveiro on 2025-11-03 at slot 1
2025-11-02 16:14:35 [main] INFO  u.d.tqs.hw1.service.BookingService - Booking created successfully with token: 29ed0dea for John Doe
2025-11-02 16:14:35 [main] INFO  u.d.tqs.hw1.service.BookingService - Creating new booking for John Doe in Aveiro on 2025-11-03 at slot 2
2025-11-02 16:14:35 [main] INFO  u.d.tqs.hw1.service.BookingService - Booking created successfully with token: 29ed0dea for John Doe
2025-11-02 16:14:35 [main] INFO  u.d.tqs.hw1.service.BookingService - Creating new booking for John Doe in Aveiro on 2025-11-03 at slot 3
2025-11-02 16:14:35 [main] INFO  u.d.tqs.hw1.service.BookingService - Booking created successfully with token: 29ed0dea for John Doe
2025-11-02 16:14:35 [main] INFO  u.d.tqs.hw1.service.BookingService - Creating new booking for John Doe in Aveiro on 2025-11-03 at slot 4
2025-11-02 16:14:35 [main] INFO  u.d.tqs.hw1.service.BookingService - Booking created successfully with token: 29ed0dea for John Doe
2025-11-02 16:14:35 [main] INFO  u.d.tqs.hw1.service.BookingService - Creating new booking for John Doe in Aveiro on 2025-11-03 at slot 5
2025-11-02 16:14:35 [main] INFO  u.d.tqs.hw1.service.BookingService - Booking created successfully with token: 29ed0dea for John Doe
2025-11-02 16:14:35 [main] INFO  u.d.tqs.hw1.service.BookingService - Creating new booking for John Doe in Aveiro on 2025-11-03 at slot 6
2025-11-02 16:14:35 [main] INFO  u.d.tqs.hw1.service.BookingService - Booking created successfully with token: 29ed0dea for John Doe
2025-11-02 16:14:35 [main] INFO  u.d.tqs.hw1.service.BookingService - Creating new booking for John Doe in Aveiro on 2025-11-03 at slot 7
2025-11-02 16:14:35 [main] INFO  u.d.tqs.hw1.service.BookingService - Booking created successfully with token: 29ed0dea for John Doe
2025-11-02 16:14:35 [main] INFO  u.d.tqs.hw1.service.BookingService - Creating new booking for John Doe in Aveiro on 2025-11-03 at slot 8
2025-11-02 16:14:35 [main] INFO  u.d.tqs.hw1.service.BookingService - Booking created successfully with token: 29ed0dea for John Doe
2025-11-02 16:14:35 [main] INFO  u.d.tqs.hw1.service.BookingService - Creating new booking for John Doe in Aveiro on 2025-11-03 at slot 0
2025-11-02 16:14:35 [main] INFO  u.d.tqs.hw1.service.BookingService - Booking created successfully with token: 29ed0dea for John Doe
2025-11-02 16:14:35 [main] INFO  u.d.tqs.hw1.service.BookingService - Creating new booking for John Doe in Aveiro on 2025-11-03 at slot 1
2025-11-02 16:14:35 [main] INFO  u.d.tqs.hw1.service.BookingService - Booking created successfully with token: 29ed0dea for John Doe
2025-11-02 16:14:35 [main] INFO  u.d.tqs.hw1.service.BookingService - Creating new booking for John Doe in Aveiro on 2025-11-03 at slot 2
2025-11-02 16:14:35 [main] INFO  u.d.tqs.hw1.service.BookingService - Booking created successfully with token: 29ed0dea for John Doe
2025-11-02 16:14:35 [main] INFO  u.d.tqs.hw1.service.BookingService - Creating new booking for John Doe in Aveiro on 2025-11-03 at slot 3
2025-11-02 16:14:35 [main] INFO  u.d.tqs.hw1.service.BookingService - Booking created successfully with token: 29ed0dea for John Doe
2025-11-02 16:14:35 [main] INFO  u.d.tqs.hw1.service.BookingService - Creating new booking for John Doe in Aveiro on 2025-11-03 at slot 4
2025-11-02 16:14:35 [main] INFO  u.d.tqs.hw1.service.BookingService - Booking created successfully with token: 29ed0dea for John Doe
2025-11-02 16:14:35 [main] INFO  u.d.tqs.hw1.service.BookingService - Creating new booking for John Doe in Aveiro on 2025-11-03 at slot 5
2025-11-02 16:14:35 [main] INFO  u.d.tqs.hw1.service.BookingService - Booking created successfully with token: 29ed0dea for John Doe
2025-11-02 16:14:35 [main] INFO  u.d.tqs.hw1.service.BookingService - Creating new booking for John Doe in Aveiro on 2025-11-03 at slot 6
2025-11-02 16:14:35 [main] INFO  u.d.tqs.hw1.service.BookingService - Booking created successfully with token: 29ed0dea for John Doe
2025-11-02 16:14:35 [main] INFO  u.d.tqs.hw1.service.BookingService - Creating new booking for John Doe in Aveiro on 2025-11-03 at slot 7
2025-11-02 16:14:35 [main] INFO  u.d.tqs.hw1.service.BookingService - Booking created successfully with token: 29ed0dea for John Doe
2025-11-02 16:14:35 [main] INFO  u.d.tqs.hw1.service.BookingService - Creating new booking for John Doe in Aveiro on 2025-11-03 at slot 8
2025-11-02 16:14:35 [main] INFO  u.d.tqs.hw1.service.BookingService - Booking created successfully with token: 29ed0dea for John Doe
2025-11-02 16:14:35 [main] INFO  u.d.tqs.hw1.service.BookingService - Creating new booking for John Doe in Aveiro on 2025-11-03 at slot 0
2025-11-02 16:14:35 [main] INFO  u.d.tqs.hw1.service.BookingService - Booking created successfully with token: 29ed0dea for John Doe
2025-11-02 16:14:35 [main] INFO  u.d.tqs.hw1.service.BookingService - Creating new booking for John Doe in Aveiro on 2025-11-03 at slot 1
2025-11-02 16:14:35 [main] INFO  u.d.tqs.hw1.service.BookingService - Booking created successfully with token: 29ed0dea for John Doe
2025-11-02 16:14:35 [main] INFO  u.d.tqs.hw1.service.BookingService - Creating new booking for John Doe in Aveiro on 2025-11-03 at slot 2
2025-11-02 16:14:35 [main] INFO  u.d.tqs.hw1.service.BookingService - Booking created successfully with token: 29ed0dea for John Doe
2025-11-02 16:14:35 [main] INFO  u.d.tqs.hw1.service.BookingService - Creating new booking for John Doe in Aveiro on 2025-11-03 at slot 3
2025-11-02 16:14:35 [main] INFO  u.d.tqs.hw1.service.BookingService - Booking created successfully with token: 29ed0dea for John Doe
2025-11-02 16:14:35 [main] INFO  u.d.tqs.hw1.service.BookingService - Creating new booking for John Doe in Aveiro on 2025-11-03 at slot 4
2025-11-02 16:14:35 [main] INFO  u.d.tqs.hw1.service.BookingService - Booking created successfully with token: 29ed0dea for John Doe
2025-11-02 16:14:35 [main] INFO  u.d.tqs.hw1.service.BookingService - Creating new booking for John Doe in Aveiro on 2025-11-03 at slot 5
2025-11-02 16:14:35 [main] INFO  u.d.tqs.hw1.service.BookingService - Booking created successfully with token: 29ed0dea for John Doe
2025-11-02 16:14:35 [main] INFO  u.d.tqs.hw1.service.BookingService - Creating new booking for John Doe in Aveiro on 2025-11-03 at slot 6
2025-11-02 16:14:35 [main] INFO  u.d.tqs.hw1.service.BookingService - Booking created successfully with token: 29ed0dea for John Doe
2025-11-02 16:14:35 [main] INFO  u.d.tqs.hw1.service.BookingService - Creating new booking for John Doe in Aveiro on 2025-11-03 at slot 7
2025-11-02 16:14:35 [main] INFO  u.d.tqs.hw1.service.BookingService - Booking created successfully with token: 29ed0dea for John Doe
2025-11-02 16:14:35 [main] INFO  u.d.tqs.hw1.service.BookingService - Creating new booking for John Doe in Aveiro on 2025-11-03 at slot 8
2025-11-02 16:14:35 [main] INFO  u.d.tqs.hw1.service.BookingService - Booking created successfully with token: 29ed0dea for John Doe
2025-11-02 16:14:35 [main] INFO  u.d.tqs.hw1.service.BookingService - Creating new booking for John Doe in Aveiro on 2025-11-03 at slot 0
2025-11-02 16:14:35 [main] INFO  u.d.tqs.hw1.service.BookingService - Booking created successfully with token: 29ed0dea for John Doe
2025-11-02 16:14:35 [main] INFO  u.d.tqs.hw1.service.BookingService - Creating new booking for John Doe in Aveiro on 2025-11-03 at slot 1
2025-11-02 16:14:35 [main] INFO  u.d.tqs.hw1.service.BookingService - Booking created successfully with token: 29ed0dea for John Doe
2025-11-02 16:14:35 [main] INFO  u.d.tqs.hw1.service.BookingService - Creating new booking for John Doe in Aveiro on 2025-11-03 at slot 2
2025-11-02 16:14:35 [main] INFO  u.d.tqs.hw1.service.BookingService - Booking created successfully with token: 29ed0dea for John Doe
2025-11-02 16:14:35 [main] INFO  u.d.tqs.hw1.service.BookingService - Creating new booking for John Doe in Aveiro on 2025-11-03 at slot 3
2025-11-02 16:14:35 [main] INFO  u.d.tqs.hw1.service.BookingService - Booking created successfully with token: 29ed0dea for John Doe
2025-11-02 16:14:35 [main] INFO  u.d.tqs.hw1.service.BookingService - Creating new booking for John Doe in Aveiro on 2025-11-03 at slot 4
2025-11-02 16:14:35 [main] INFO  u.d.tqs.hw1.service.BookingService - Booking created successfully with token: 29ed0dea for John Doe
2025-11-02 16:14:35 [main] INFO  u.d.tqs.hw1.service.BookingService - Creating new booking for John Doe in Aveiro on 2025-11-03 at slot 5
2025-11-02 16:14:35 [main] INFO  u.d.tqs.hw1.service.BookingService - Booking created successfully with token: 29ed0dea for John Doe
2025-11-02 16:14:35 [main] INFO  u.d.tqs.hw1.service.BookingService - Creating new booking for John Doe in Aveiro on 2025-11-03 at slot 6
2025-11-02 16:14:35 [main] INFO  u.d.tqs.hw1.service.BookingService - Booking created successfully with token: 29ed0dea for John Doe
2025-11-02 16:14:35 [main] INFO  u.d.tqs.hw1.service.BookingService - Creating new booking for John Doe in Aveiro on 2025-11-03 at slot 7
2025-11-02 16:14:35 [main] INFO  u.d.tqs.hw1.service.BookingService - Booking created successfully with token: 29ed0dea for John Doe
2025-11-02 16:14:35 [main] INFO  u.d.tqs.hw1.service.BookingService - Creating new booking for John Doe in Aveiro on 2025-11-03 at slot 8
2025-11-02 16:14:35 [main] INFO  u.d.tqs.hw1.service.BookingService - Booking created successfully with token: 29ed0dea for John Doe
2025-11-02 16:14:35 [main] INFO  u.d.tqs.hw1.service.BookingService - Creating new booking for John Doe in Aveiro on 2025-11-03 at slot 0
2025-11-02 16:14:35 [main] INFO  u.d.tqs.hw1.service.BookingService - Booking created successfully with token: 29ed0dea for John Doe
2025-11-02 16:14:35 [main] INFO  u.d.tqs.hw1.service.BookingService - Creating new booking for John Doe in Aveiro on 2025-11-03 at slot 1
2025-11-02 16:14:35 [main] INFO  u.d.tqs.hw1.service.BookingService - Booking created successfully with token: 29ed0dea for John Doe
2025-11-02 16:14:35 [main] INFO  u.d.tqs.hw1.service.BookingService - Creating new booking for John Doe in Aveiro on 2025-11-03 at slot 2
2025-11-02 16:14:35 [main] INFO  u.d.tqs.hw1.service.BookingService - Booking created successfully with token: 29ed0dea for John Doe
2025-11-02 16:14:35 [main] INFO  u.d.tqs.hw1.service.BookingService - Creating new booking for John Doe in Aveiro on 2025-11-03 at slot 3
2025-11-02 16:14:35 [main] INFO  u.d.tqs.hw1.service.BookingService - Booking created successfully with token: 29ed0dea for John Doe
2025-11-02 16:14:35 [main] INFO  u.d.tqs.hw1.service.BookingService - Creating new booking for John Doe in Aveiro on 2025-11-03 at slot 4
2025-11-02 16:14:35 [main] INFO  u.d.tqs.hw1.service.BookingService - Booking created successfully with token: 29ed0dea for John Doe
2025-11-02 16:14:35 [main] INFO  u.d.tqs.hw1.service.BookingService - Creating new booking for John Doe in Aveiro on 2025-11-03 at slot 5
2025-11-02 16:14:35 [main] INFO  u.d.tqs.hw1.service.BookingService - Booking created successfully with token: 29ed0dea for John Doe
2025-11-02 16:14:35 [main] INFO  u.d.tqs.hw1.service.BookingService - Creating new booking for John Doe in Aveiro on 2025-11-03 at slot 6
2025-11-02 16:14:35 [main] INFO  u.d.tqs.hw1.service.BookingService - Booking created successfully with token: 29ed0dea for John Doe
2025-11-02 16:14:35 [main] INFO  u.d.tqs.hw1.service.BookingService - Creating new booking for John Doe in Aveiro on 2025-11-03 at slot 7
2025-11-02 16:14:35 [main] INFO  u.d.tqs.hw1.service.BookingService - Booking created successfully with token: 29ed0dea for John Doe
2025-11-02 16:14:35 [main] INFO  u.d.tqs.hw1.service.BookingService - Creating new booking for John Doe in Aveiro on 2025-11-03 at slot 8
2025-11-02 16:14:35 [main] INFO  u.d.tqs.hw1.service.BookingService - Booking created successfully with token: 29ed0dea for John Doe
2025-11-02 16:14:35 [main] INFO  u.d.tqs.hw1.service.BookingService - Creating new booking for John Doe in Aveiro on 2025-11-03 at slot 0
2025-11-02 16:14:35 [main] INFO  u.d.tqs.hw1.service.BookingService - Booking created successfully with token: 29ed0dea for John Doe
2025-11-02 16:14:35 [main] INFO  u.d.tqs.hw1.service.BookingService - Creating new booking for John Doe in Aveiro on 2025-11-03 at slot 1
2025-11-02 16:14:35 [main] INFO  u.d.tqs.hw1.service.BookingService - Booking created successfully with token: 29ed0dea for John Doe
2025-11-02 16:14:35 [main] INFO  u.d.tqs.hw1.service.BookingService - Creating new booking for John Doe in Aveiro on 2025-11-03 at slot 2
2025-11-02 16:14:35 [main] INFO  u.d.tqs.hw1.service.BookingService - Booking created successfully with token: 29ed0dea for John Doe
2025-11-02 16:14:35 [main] INFO  u.d.tqs.hw1.service.BookingService - Creating new booking for John Doe in Aveiro on 2025-11-03 at slot 3
2025-11-02 16:14:35 [main] INFO  u.d.tqs.hw1.service.BookingService - Booking created successfully with token: 29ed0dea for John Doe
2025-11-02 16:14:35 [main] INFO  u.d.tqs.hw1.service.BookingService - Creating new booking for John Doe in Aveiro on 2025-11-03 at slot 4
2025-11-02 16:14:35 [main] INFO  u.d.tqs.hw1.service.BookingService - Booking created successfully with token: 29ed0dea for John Doe
2025-11-02 16:14:35 [main] INFO  u.d.tqs.hw1.service.BookingService - Creating new booking for John Doe in Aveiro on 2025-11-03 at slot 5
2025-11-02 16:14:35 [main] INFO  u.d.tqs.hw1.service.BookingService - Booking created successfully with token: 29ed0dea for John Doe
2025-11-02 16:14:35 [main] INFO  u.d.tqs.hw1.service.BookingService - Creating new booking for John Doe in Aveiro on 2025-11-03 at slot 6
2025-11-02 16:14:35 [main] INFO  u.d.tqs.hw1.service.BookingService - Booking created successfully with token: 29ed0dea for John Doe
2025-11-02 16:14:35 [main] INFO  u.d.tqs.hw1.service.BookingService - Creating new booking for John Doe in Aveiro on 2025-11-03 at slot 7
2025-11-02 16:14:35 [main] INFO  u.d.tqs.hw1.service.BookingService - Booking created successfully with token: 29ed0dea for John Doe
2025-11-02 16:14:35 [main] INFO  u.d.tqs.hw1.service.BookingService - Creating new booking for John Doe in Aveiro on 2025-11-03 at slot 8
2025-11-02 16:14:35 [main] INFO  u.d.tqs.hw1.service.BookingService - Booking created successfully with token: 29ed0dea for John Doe
2025-11-02 16:14:35 [main] INFO  u.d.tqs.hw1.service.BookingService - Creating new booking for John Doe in Aveiro on 2025-11-03 at slot 0
2025-11-02 16:14:35 [main] INFO  u.d.tqs.hw1.service.BookingService - Booking created successfully with token: 29ed0dea for John Doe
2025-11-02 16:14:35 [main] INFO  u.d.tqs.hw1.service.BookingService - Creating new booking for John Doe in Aveiro on 2025-11-03 at slot 1
2025-11-02 16:14:35 [main] INFO  u.d.tqs.hw1.service.BookingService - Booking created successfully with token: 29ed0dea for John Doe
2025-11-02 16:14:35 [main] INFO  u.d.tqs.hw1.service.BookingService - Creating new booking for John Doe in Aveiro on 2025-11-03 at slot 2
2025-11-02 16:14:35 [main] INFO  u.d.tqs.hw1.service.BookingService - Booking created successfully with token: 29ed0dea for John Doe
2025-11-02 16:14:35 [main] INFO  u.d.tqs.hw1.service.BookingService - Creating new booking for John Doe in Aveiro on 2025-11-03 at slot 3
2025-11-02 16:14:35 [main] INFO  u.d.tqs.hw1.service.BookingService - Booking created successfully with token: 29ed0dea for John Doe
2025-11-02 16:14:35 [main] INFO  u.d.tqs.hw1.service.BookingService - Creating new booking for John Doe in Aveiro on 2025-11-03 at slot 4
2025-11-02 16:14:35 [main] INFO  u.d.tqs.hw1.service.BookingService - Booking created successfully with token: 29ed0dea for John Doe
2025-11-02 16:14:35 [main] INFO  u.d.tqs.hw1.service.BookingService - Creating new booking for John Doe in Aveiro on 2025-11-03 at slot 5
2025-11-02 16:14:35 [main] INFO  u.d.tqs.hw1.service.BookingService - Booking created successfully with token: 29ed0dea for John Doe
2025-11-02 16:14:35 [main] INFO  u.d.tqs.hw1.service.BookingService - Creating new booking for John Doe in Aveiro on 2025-11-03 at slot 6
2025-11-02 16:14:35 [main] INFO  u.d.tqs.hw1.service.BookingService - Booking created successfully with token: 29ed0dea for John Doe
2025-11-02 16:14:35 [main] INFO  u.d.tqs.hw1.service.BookingService - Creating new booking for John Doe in Aveiro on 2025-11-03 at slot 7
2025-11-02 16:14:35 [main] INFO  u.d.tqs.hw1.service.BookingService - Booking created successfully with token: 29ed0dea for John Doe
2025-11-02 16:14:35 [main] INFO  u.d.tqs.hw1.service.BookingService - Creating new booking for John Doe in Aveiro on 2025-11-03 at slot 8
2025-11-02 16:14:35 [main] INFO  u.d.tqs.hw1.service.BookingService - Booking created successfully with token: 29ed0dea for John Doe
2025-11-02 16:14:35 [main] INFO  u.d.tqs.hw1.service.BookingService - Creating new booking for John Doe in Aveiro on 2025-11-03 at slot 0
2025-11-02 16:14:35 [main] INFO  u.d.tqs.hw1.service.BookingService - Booking created successfully with token: 29ed0dea for John Doe
2025-11-02 16:14:35 [SpringApplicationShutdownHook] INFO  o.s.o.j.LocalContainerEntityManagerFactoryBean - Closing JPA EntityManagerFactory for persistence unit 'default'
2025-11-02 16:14:35 [SpringApplicationShutdownHook] INFO  com.zaxxer.hikari.HikariDataSource - HikariPool-1 - Shutdown initiated...
2025-11-02 16:14:35 [SpringApplicationShutdownHook] INFO  com.zaxxer.hikari.HikariDataSource - HikariPool-1 - Shutdown completed.
2025-11-02 16:14:35 [SpringApplicationShutdownHook] INFO  o.s.b.w.e.tomcat.GracefulShutdown - Commencing graceful shutdown. Waiting for active requests to complete
2025-11-02 16:14:35 [tomcat-shutdown] INFO  o.s.b.w.e.tomcat.GracefulShutdown - Graceful shutdown complete
2025-11-02 16:14:35 [SpringApplicationShutdownHook] INFO  o.s.o.j.LocalContainerEntityManagerFactoryBean - Closing JPA EntityManagerFactory for persistence unit 'default'
2025-11-02 16:14:35 [SpringApplicationShutdownHook] INFO  com.zaxxer.hikari.HikariDataSource - HikariPool-2 - Shutdown initiated...
2025-11-02 16:14:35 [SpringApplicationShutdownHook] INFO  com.zaxxer.hikari.HikariDataSource - HikariPool-2 - Shutdown completed.
2025-11-02 16:15:04 [main] INFO  u.d.t.h.c.MunicipalityControllerTest - Starting MunicipalityControllerTest using Java 21.0.8 with PID 239072 (started by duarte in /home/duarte/doc/Personal/UA/3ºAno/TQS/P/ZeroMonos)
2025-11-02 16:15:04 [main] INFO  u.d.t.h.c.MunicipalityControllerTest - No active profile set, falling back to 1 default profile: "default"
2025-11-02 16:15:05 [main] INFO  o.s.d.r.c.RepositoryConfigurationDelegate - Bootstrapping Spring Data JPA repositories in DEFAULT mode.
2025-11-02 16:15:05 [main] INFO  o.s.d.r.c.RepositoryConfigurationDelegate - Finished Spring Data repository scanning in 35 ms. Found 1 JPA repository interface.
2025-11-02 16:15:05 [main] INFO  o.h.jpa.internal.util.LogHelper - HHH000204: Processing PersistenceUnitInfo [name: default]
2025-11-02 16:15:05 [main] INFO  org.hibernate.Version - HHH000412: Hibernate ORM core version 6.6.29.Final
2025-11-02 16:15:05 [main] INFO  o.h.c.i.RegionFactoryInitiator - HHH000026: Second-level cache disabled
2025-11-02 16:15:05 [main] INFO  o.s.o.j.p.SpringPersistenceUnitInfo - No LoadTimeWeaver setup: ignoring JPA class transformer
2025-11-02 16:15:05 [main] INFO  com.zaxxer.hikari.HikariDataSource - HikariPool-1 - Starting...
2025-11-02 16:15:06 [main] INFO  com.zaxxer.hikari.pool.HikariPool - HikariPool-1 - Added connection org.postgresql.jdbc.PgConnection@1db7acc9
2025-11-02 16:15:06 [main] INFO  com.zaxxer.hikari.HikariDataSource - HikariPool-1 - Start completed.
2025-11-02 16:15:06 [main] WARN  org.hibernate.orm.deprecation - HHH90000025: PostgreSQLDialect does not need to be specified explicitly using 'hibernate.dialect' (remove the property setting and it will be selected by default)
2025-11-02 16:15:06 [main] INFO  o.hibernate.orm.connections.pooling - HHH10001005: Database info:
	Database JDBC URL [Connecting through datasource 'HikariDataSource (HikariPool-1)']
	Database driver: undefined/unknown
	Database version: 18.0
	Autocommit mode: undefined/unknown
	Isolation level: undefined/unknown
	Minimum pool size: undefined/unknown
	Maximum pool size: undefined/unknown
2025-11-02 16:15:07 [main] INFO  o.h.e.t.j.p.i.JtaPlatformInitiator - HHH000489: No JTA platform available (set 'hibernate.transaction.jta.platform' to enable JTA platform integration)
2025-11-02 16:15:07 [main] INFO  o.s.o.j.LocalContainerEntityManagerFactoryBean - Initialized JPA EntityManagerFactory for persistence unit 'default'
2025-11-02 16:15:07 [main] INFO  o.s.d.j.r.query.QueryEnhancerFactory - Hibernate is in classpath; If applicable, HQL parser will be used.
2025-11-02 16:15:08 [main] INFO  u.d.tqs.hw1.service.BookingService - BookingService initialized
2025-11-02 16:15:08 [main] WARN  o.s.b.a.o.j.JpaBaseConfiguration$JpaWebConfiguration - spring.jpa.open-in-view is enabled by default. Therefore, database queries may be performed during view rendering. Explicitly configure spring.jpa.open-in-view to disable this warning
2025-11-02 16:15:08 [main] INFO  o.s.b.a.w.s.WelcomePageHandlerMapping - Adding welcome page template: index
2025-11-02 16:15:08 [main] INFO  o.s.b.t.m.w.SpringBootMockServletContext - Initializing Spring TestDispatcherServlet ''
2025-11-02 16:15:08 [main] INFO  o.s.t.w.s.TestDispatcherServlet - Initializing Servlet ''
2025-11-02 16:15:08 [main] INFO  o.s.t.w.s.TestDispatcherServlet - Completed initialization in 1 ms
2025-11-02 16:15:08 [main] INFO  u.d.t.h.c.MunicipalityControllerTest - Started MunicipalityControllerTest in 4.872 seconds (process running for 7.185)
2025-11-02 16:15:09 [main] INFO  o.s.t.c.s.AnnotationConfigContextLoaderUtils - Could not detect default configuration classes for test class [ua.deti.tqs.hw1.controller.BookingControllerTest]: BookingControllerTest does not declare any static, non-private, non-final, nested classes annotated with @Configuration.
2025-11-02 16:15:09 [main] INFO  o.s.b.t.c.SpringBootTestContextBootstrapper - Found @SpringBootConfiguration ua.deti.tqs.hw1.ZeroMonosApplication for test class ua.deti.tqs.hw1.controller.BookingControllerTest
2025-11-02 16:15:09 [main] INFO  u.d.tqs.hw1.service.BookingService - Deleting booking with ID: 542
2025-11-02 16:15:09 [main] INFO  u.d.tqs.hw1.service.BookingService - Booking 542 deleted successfully
2025-11-02 16:15:10 [main] INFO  u.d.tqs.hw1.service.BookingService - Creating new booking for Jane Smith in Aveiro on 2025-11-03 at slot 2
2025-11-02 16:15:10 [main] WARN  u.d.tqs.hw1.service.BookingService - Booking creation failed: Time slot 2 on 2025-11-03 already occupied in Aveiro
2025-11-02 16:15:10 [main] INFO  u.d.tqs.hw1.service.BookingService - Creating new booking for John Doe in Aveiro on 2025-11-01 at slot 2
2025-11-02 16:15:10 [main] WARN  u.d.tqs.hw1.service.BookingService - Booking creation failed: Invalid date 2025-11-01 for John Doe
2025-11-02 16:15:10 [main] WARN  o.s.w.s.m.s.DefaultHandlerExceptionResolver - Resolved [org.springframework.web.bind.MethodArgumentNotValidException: Validation failed for argument [0] in public org.springframework.http.ResponseEntity<java.lang.Object> ua.deti.tqs.hw1.controller.BookingController.create(ua.deti.tqs.hw1.model.Booking): [Field error in object 'booking' on field 'citizenName': rejected value [john]; codes [Pattern.booking.citizenName,Pattern.citizenName,Pattern.java.lang.String,Pattern]; arguments [org.springframework.context.support.DefaultMessageSourceResolvable: codes [booking.citizenName,citizenName]; arguments []; default message [citizenName],[Ljakarta.validation.constraints.Pattern$Flag;@4cd8731e,^[A-Z][a-z]+(?: [A-Z][a-z]+)+$]; default message [Name must have at least two words, each starting with uppercase letter, letters only]] ]
2025-11-02 16:15:10 [main] WARN  o.s.w.s.m.s.DefaultHandlerExceptionResolver - Resolved [org.springframework.web.bind.MethodArgumentNotValidException: Validation failed for argument [0] in public org.springframework.http.ResponseEntity<java.lang.Object> ua.deti.tqs.hw1.controller.BookingController.create(ua.deti.tqs.hw1.model.Booking): [Field error in object 'booking' on field 'description': rejected value [TV]; codes [Size.booking.description,Size.description,Size.java.lang.String,Size]; arguments [org.springframework.context.support.DefaultMessageSourceResolvable: codes [booking.description,description]; arguments []; default message [description],2147483647,4]; default message [Description must have at least 4 characters]] ]
2025-11-02 16:15:10 [main] INFO  u.d.tqs.hw1.service.BookingService - Updating booking 546 status to CANCELLED
2025-11-02 16:15:10 [main] INFO  u.d.tqs.hw1.service.BookingService - Booking 546 status changed from RECEIVED to CANCELLED for citizen John Doe
2025-11-02 16:15:10 [main] INFO  u.d.tqs.hw1.service.BookingService - Time slot 11:00 on 2025-11-03 for Aveiro is now available (booking 546 cancelled)
2025-11-02 16:15:10 [main] INFO  u.d.tqs.hw1.service.BookingService - Creating new booking for John Doe in Aveiro on 2025-11-03 at slot 2
2025-11-02 16:15:10 [main] INFO  u.d.tqs.hw1.service.BookingService - Booking created successfully with token: 4bc0865c for John Doe
2025-11-02 16:15:10 [main] INFO  u.d.tqs.hw1.service.BookingService - Updating booking 550 status to IN_PROGRESS
2025-11-02 16:15:10 [main] INFO  u.d.tqs.hw1.service.BookingService - Booking 550 status changed from RECEIVED to IN_PROGRESS for citizen John Doe
2025-11-02 16:15:10 [main] INFO  o.s.t.c.s.AnnotationConfigContextLoaderUtils - Could not detect default configuration classes for test class [ua.deti.tqs.hw1.functional.FunctionalSeleniumTest]: FunctionalSeleniumTest does not declare any static, non-private, non-final, nested classes annotated with @Configuration.
2025-11-02 16:15:10 [main] INFO  o.s.b.t.c.SpringBootTestContextBootstrapper - Found @SpringBootConfiguration ua.deti.tqs.hw1.ZeroMonosApplication for test class ua.deti.tqs.hw1.functional.FunctionalSeleniumTest
2025-11-02 16:15:10 [main] INFO  o.s.b.d.r.RestartApplicationListener - Restart disabled due to context in which it is running
2025-11-02 16:15:10 [main] INFO  u.d.t.h.f.FunctionalSeleniumTest - Starting FunctionalSeleniumTest using Java 21.0.8 with PID 239072 (started by duarte in /home/duarte/doc/Personal/UA/3ºAno/TQS/P/ZeroMonos)
2025-11-02 16:15:10 [main] INFO  u.d.t.h.f.FunctionalSeleniumTest - No active profile set, falling back to 1 default profile: "default"
2025-11-02 16:15:10 [main] INFO  o.s.d.r.c.RepositoryConfigurationDelegate - Bootstrapping Spring Data JPA repositories in DEFAULT mode.
2025-11-02 16:15:10 [main] INFO  o.s.d.r.c.RepositoryConfigurationDelegate - Finished Spring Data repository scanning in 4 ms. Found 1 JPA repository interface.
2025-11-02 16:15:10 [main] INFO  o.s.b.w.e.tomcat.TomcatWebServer - Tomcat initialized with port 0 (http)
2025-11-02 16:15:10 [main] INFO  o.a.catalina.core.StandardService - Starting service [Tomcat]
2025-11-02 16:15:10 [main] INFO  o.a.catalina.core.StandardEngine - Starting Servlet engine: [Apache Tomcat/10.1.46]
2025-11-02 16:15:10 [main] INFO  o.a.c.c.C.[Tomcat].[localhost].[/] - Initializing Spring embedded WebApplicationContext
2025-11-02 16:15:10 [main] INFO  o.s.b.w.s.c.ServletWebServerApplicationContext - Root WebApplicationContext: initialization completed in 336 ms
2025-11-02 16:15:10 [main] INFO  o.h.jpa.internal.util.LogHelper - HHH000204: Processing PersistenceUnitInfo [name: default]
2025-11-02 16:15:10 [main] INFO  o.h.c.i.RegionFactoryInitiator - HHH000026: Second-level cache disabled
2025-11-02 16:15:10 [main] INFO  o.s.o.j.p.SpringPersistenceUnitInfo - No LoadTimeWeaver setup: ignoring JPA class transformer
2025-11-02 16:15:10 [main] INFO  com.zaxxer.hikari.HikariDataSource - HikariPool-2 - Starting...
2025-11-02 16:15:10 [main] INFO  com.zaxxer.hikari.pool.HikariPool - HikariPool-2 - Added connection org.postgresql.jdbc.PgConnection@6e75747e
2025-11-02 16:15:10 [main] INFO  com.zaxxer.hikari.HikariDataSource - HikariPool-2 - Start completed.
2025-11-02 16:15:10 [main] WARN  org.hibernate.orm.deprecation - HHH90000025: PostgreSQLDialect does not need to be specified explicitly using 'hibernate.dialect' (remove the property setting and it will be selected by default)
2025-11-02 16:15:10 [main] INFO  o.hibernate.orm.connections.pooling - HHH10001005: Database info:
	Database JDBC URL [Connecting through datasource 'HikariDataSource (HikariPool-2)']
	Database driver: undefined/unknown
	Database version: 18.0
	Autocommit mode: undefined/unknown
	Isolation level: undefined/unknown
	Minimum pool size: undefined/unknown
	Maximum pool size: undefined/unknown
2025-11-02 16:15:11 [main] INFO  o.h.e.t.j.p.i.JtaPlatformInitiator - HHH000489: No JTA platform available (set 'hibernate.transaction.jta.platform' to enable JTA platform integration)
2025-11-02 16:15:11 [main] INFO  o.s.o.j.LocalContainerEntityManagerFactoryBean - Initialized JPA EntityManagerFactory for persistence unit 'default'
2025-11-02 16:15:11 [main] INFO  u.d.tqs.hw1.service.BookingService - BookingService initialized
2025-11-02 16:15:11 [main] WARN  o.s.b.a.o.j.JpaBaseConfiguration$JpaWebConfiguration - spring.jpa.open-in-view is enabled by default. Therefore, database queries may be performed during view rendering. Explicitly configure spring.jpa.open-in-view to disable this warning
2025-11-02 16:15:11 [main] INFO  o.s.b.a.w.s.WelcomePageHandlerMapping - Adding welcome page template: index
2025-11-02 16:15:11 [main] INFO  o.s.b.w.e.tomcat.TomcatWebServer - Tomcat started on port 35163 (http) with context path '/'
2025-11-02 16:15:11 [main] INFO  u.d.t.h.f.FunctionalSeleniumTest - Started FunctionalSeleniumTest in 0.796 seconds (process running for 9.658)
2025-11-02 16:15:11 [main] INFO  i.g.bonigarcia.wdm.WebDriverManager - Using geckodriver 0.36.0 (resolved driver for Firefox 144)
2025-11-02 16:15:11 [main] INFO  i.g.bonigarcia.wdm.WebDriverManager - Exporting webdriver.gecko.driver as /home/duarte/.cache/selenium/geckodriver/linux64/0.36.0/geckodriver
2025-11-02 16:15:12 [http-nio-auto-1-exec-1] INFO  o.a.c.c.C.[Tomcat].[localhost].[/] - Initializing Spring DispatcherServlet 'dispatcherServlet'
2025-11-02 16:15:14 [http-nio-auto-1-exec-7] INFO  u.d.tqs.hw1.service.BookingService - Creating new booking for Maria Silva in Aveiro on 2025-11-04 at slot 0
2025-11-02 16:15:14 [http-nio-auto-1-exec-7] INFO  u.d.tqs.hw1.service.BookingService - Booking created successfully with token: feb3609e for Maria Silva
2025-11-02 16:15:15 [http-nio-auto-1-exec-5] INFO  u.d.tqs.hw1.service.BookingService - Creating new booking for Maria Silva in Ílhavo on 2025-11-04 at slot 0
2025-11-02 16:15:15 [http-nio-auto-1-exec-5] INFO  u.d.tqs.hw1.service.BookingService - Booking created successfully with token: b35387a3 for Maria Silva
2025-11-02 16:15:16 [main] INFO  i.g.bonigarcia.wdm.WebDriverManager - Using geckodriver 0.36.0 (resolved driver for Firefox 144)
2025-11-02 16:15:16 [main] INFO  i.g.bonigarcia.wdm.WebDriverManager - Exporting webdriver.gecko.driver as /home/duarte/.cache/selenium/geckodriver/linux64/0.36.0/geckodriver
2025-11-02 16:15:28 [http-nio-auto-1-exec-3] INFO  u.d.tqs.hw1.service.BookingService - Updating booking 551 status to ASSIGNED
2025-11-02 16:15:28 [http-nio-auto-1-exec-3] INFO  u.d.tqs.hw1.service.BookingService - Booking 551 status changed from RECEIVED to ASSIGNED for citizen Maria Silva
2025-11-02 16:15:29 [main] INFO  i.g.bonigarcia.wdm.WebDriverManager - Using geckodriver 0.36.0 (resolved driver for Firefox 144)
2025-11-02 16:15:29 [main] INFO  i.g.bonigarcia.wdm.WebDriverManager - Exporting webdriver.gecko.driver as /home/duarte/.cache/selenium/geckodriver/linux64/0.36.0/geckodriver
2025-11-02 16:15:31 [main] INFO  i.g.bonigarcia.wdm.WebDriverManager - Using geckodriver 0.36.0 (resolved driver for Firefox 144)
2025-11-02 16:15:31 [main] INFO  i.g.bonigarcia.wdm.WebDriverManager - Exporting webdriver.gecko.driver as /home/duarte/.cache/selenium/geckodriver/linux64/0.36.0/geckodriver
2025-11-02 16:15:33 [http-nio-auto-1-exec-10] INFO  u.d.tqs.hw1.service.BookingService - Updating booking 552 status to CANCELLED
2025-11-02 16:15:33 [http-nio-auto-1-exec-10] INFO  u.d.tqs.hw1.service.BookingService - Booking 552 status changed from RECEIVED to CANCELLED for citizen Maria Silva
2025-11-02 16:15:33 [http-nio-auto-1-exec-10] INFO  u.d.tqs.hw1.service.BookingService - Time slot 09:00 on 2025-11-04 for Ílhavo is now available (booking 552 cancelled)
2025-11-02 16:15:45 [main] INFO  u.d.tqs.hw1.service.BookingService - BookingService initialized
2025-11-02 16:15:45 [main] INFO  u.d.tqs.hw1.service.BookingService - BookingService initialized
2025-11-02 16:15:45 [main] INFO  u.d.tqs.hw1.service.BookingService - BookingService initialized
2025-11-02 16:15:45 [main] WARN  u.d.tqs.hw1.service.BookingService - Attempted to delete non-existent booking with ID: 99
2025-11-02 16:15:45 [main] INFO  u.d.tqs.hw1.service.BookingService - BookingService initialized
2025-11-02 16:15:45 [main] INFO  u.d.tqs.hw1.service.BookingService - Updating booking 1 status to IN_PROGRESS
2025-11-02 16:15:45 [main] INFO  u.d.tqs.hw1.service.BookingService - Booking 1 status changed from RECEIVED to IN_PROGRESS for citizen John Doe
2025-11-02 16:15:45 [main] INFO  u.d.tqs.hw1.service.BookingService - BookingService initialized
2025-11-02 16:15:45 [main] INFO  u.d.tqs.hw1.service.BookingService - BookingService initialized
2025-11-02 16:15:45 [main] INFO  u.d.tqs.hw1.service.BookingService - Creating new booking for John Doe in Aveiro on 2025-11-03 at slot 2
2025-11-02 16:15:45 [main] WARN  u.d.tqs.hw1.service.BookingService - Booking creation failed: Time slot 2 on 2025-11-03 already occupied in Aveiro
2025-11-02 16:15:45 [main] INFO  u.d.tqs.hw1.service.BookingService - BookingService initialized
2025-11-02 16:15:45 [main] INFO  u.d.tqs.hw1.service.BookingService - BookingService initialized
2025-11-02 16:15:45 [main] INFO  u.d.tqs.hw1.service.BookingService - Creating new booking for John Doe in Aveiro on 2025-11-01 at slot 2
2025-11-02 16:15:45 [main] WARN  u.d.tqs.hw1.service.BookingService - Booking creation failed: Invalid date 2025-11-01 for John Doe
2025-11-02 16:15:45 [main] INFO  u.d.tqs.hw1.service.BookingService - BookingService initialized
2025-11-02 16:15:45 [main] INFO  u.d.tqs.hw1.service.BookingService - BookingService initialized
2025-11-02 16:15:45 [main] INFO  u.d.tqs.hw1.service.BookingService - Updating booking 1 status to CANCELLED
2025-11-02 16:15:45 [main] INFO  u.d.tqs.hw1.service.BookingService - Booking 1 status changed from RECEIVED to CANCELLED for citizen John Doe
2025-11-02 16:15:45 [main] INFO  u.d.tqs.hw1.service.BookingService - Time slot 11:00 on 2025-11-03 for Aveiro is now available (booking null cancelled)
2025-11-02 16:15:45 [main] INFO  u.d.tqs.hw1.service.BookingService - BookingService initialized
2025-11-02 16:15:45 [main] INFO  u.d.tqs.hw1.service.BookingService - BookingService initialized
2025-11-02 16:15:45 [main] INFO  u.d.tqs.hw1.service.BookingService - BookingService initialized
2025-11-02 16:15:45 [main] INFO  u.d.tqs.hw1.service.BookingService - BookingService initialized
2025-11-02 16:15:45 [main] INFO  u.d.tqs.hw1.service.BookingService - BookingService initialized
2025-11-02 16:15:45 [main] INFO  u.d.tqs.hw1.service.BookingService - BookingService initialized
2025-11-02 16:15:45 [main] INFO  u.d.tqs.hw1.service.BookingService - BookingService initialized
2025-11-02 16:15:45 [main] INFO  u.d.tqs.hw1.service.BookingService - BookingService initialized
2025-11-02 16:15:45 [main] INFO  u.d.tqs.hw1.service.BookingService - BookingService initialized
2025-11-02 16:15:45 [main] INFO  u.d.tqs.hw1.service.BookingService - BookingService initialized
2025-11-02 16:15:45 [main] INFO  u.d.tqs.hw1.service.BookingService - BookingService initialized
2025-11-02 16:15:45 [main] INFO  u.d.tqs.hw1.service.BookingService - BookingService initialized
2025-11-02 16:15:45 [main] INFO  u.d.tqs.hw1.service.BookingService - Deleting booking with ID: 1
2025-11-02 16:15:45 [main] INFO  u.d.tqs.hw1.service.BookingService - Booking 1 deleted successfully
2025-11-02 16:15:45 [main] INFO  u.d.tqs.hw1.service.BookingService - BookingService initialized
2025-11-02 16:15:45 [main] INFO  u.d.tqs.hw1.service.BookingService - BookingService initialized
2025-11-02 16:15:45 [main] INFO  u.d.tqs.hw1.service.BookingService - Updating booking 99 status to COMPLETED
2025-11-02 16:15:45 [main] WARN  u.d.tqs.hw1.service.BookingService - Attempted to update non-existent booking with ID: 99
2025-11-02 16:15:45 [main] INFO  u.d.tqs.hw1.service.BookingService - BookingService initialized
2025-11-02 16:15:45 [main] INFO  u.d.tqs.hw1.service.BookingService - BookingService initialized
2025-11-02 16:15:45 [main] INFO  u.d.tqs.hw1.service.BookingService - BookingService initialized
2025-11-02 16:15:45 [main] INFO  u.d.tqs.hw1.service.BookingService - Creating new booking for John Doe in Aveiro on 2025-11-03 at slot 2
2025-11-02 16:15:45 [main] INFO  u.d.tqs.hw1.service.BookingService - Booking created successfully with token: 91399d57 for John Doe
2025-11-02 16:15:45 [main] ERROR u.d.t.h.service.MunicipalityService - Failed to load municipalities: API is down
org.springframework.web.client.RestClientException: API is down
	at org.springframework.web.client.RestTemplate.exchange(RestTemplate.java:709)
	at ua.deti.tqs.hw1.service.MunicipalityService.getMunicipalities(MunicipalityService.java:26)
	at ua.deti.tqs.hw1.service.MunicipalityServiceTest.whenApiFails_thenReturnFallbackList(MunicipalityServiceTest.java:85)
	at java.base/jdk.internal.reflect.DirectMethodHandleAccessor.invoke(DirectMethodHandleAccessor.java:103)
	at java.base/java.lang.reflect.Method.invoke(Method.java:580)
	at org.junit.platform.commons.util.ReflectionUtils.invokeMethod(ReflectionUtils.java:775)
	at org.junit.platform.commons.support.ReflectionSupport.invokeMethod(ReflectionSupport.java:479)
	at org.junit.jupiter.engine.execution.MethodInvocation.proceed(MethodInvocation.java:60)
	at org.junit.jupiter.engine.execution.InvocationInterceptorChain$ValidatingInvocation.proceed(InvocationInterceptorChain.java:131)
	at org.junit.jupiter.engine.extension.TimeoutExtension.intercept(TimeoutExtension.java:161)
	at org.junit.jupiter.engine.extension.TimeoutExtension.interceptTestableMethod(TimeoutExtension.java:152)
	at org.junit.jupiter.engine.extension.TimeoutExtension.interceptTestMethod(TimeoutExtension.java:91)
	at org.junit.jupiter.engine.execution.InterceptingExecutableInvoker$ReflectiveInterceptorCall.lambda$ofVoidMethod$0(InterceptingExecutableInvoker.java:112)
	at org.junit.jupiter.engine.execution.InterceptingExecutableInvoker.lambda$invoke$0(InterceptingExecutableInvoker.java:94)
	at org.junit.jupiter.engine.execution.InvocationInterceptorChain$InterceptedInvocation.proceed(InvocationInterceptorChain.java:106)
	at org.junit.jupiter.engine.execution.InvocationInterceptorChain.proceed(InvocationInterceptorChain.java:64)
	at org.junit.jupiter.engine.execution.InvocationInterceptorChain.chainAndInvoke(InvocationInterceptorChain.java:45)
	at org.junit.jupiter.engine.execution.InvocationInterceptorChain.invoke(InvocationInterceptorChain.java:37)
	at org.junit.jupiter.engine.execution.InterceptingExecutableInvoker.invoke(InterceptingExecutableInvoker.java:93)
	at org.junit.jupiter.engine.execution.InterceptingExecutableInvoker.invoke(InterceptingExecutableInvoker.java:87)
	at org.junit.jupiter.engine.descriptor.TestMethodTestDescriptor.lambda$invokeTestMethod$7(TestMethodTestDescriptor.java:216)
	at org.junit.platform.engine.support.hierarchical.ThrowableCollector.execute(ThrowableCollector.java:73)
	at org.junit.jupiter.engine.descriptor.TestMethodTestDescriptor.invokeTestMethod(TestMethodTestDescriptor.java:212)
	at org.junit.jupiter.engine.descriptor.TestMethodTestDescriptor.execute(TestMethodTestDescriptor.java:137)
	at org.junit.jupiter.engine.descriptor.TestMethodTestDescriptor.execute(TestMethodTestDescriptor.java:69)
	at org.junit.platform.engine.support.hierarchical.NodeTestTask.lambda$executeRecursively$6(NodeTestTask.java:156)
	at org.junit.platform.engine.support.hierarchical.ThrowableCollector.execute(ThrowableCollector.java:73)
	at org.junit.platform.engine.support.hierarchical.NodeTestTask.lambda$executeRecursively$8(NodeTestTask.java:146)
	at org.junit.platform.engine.support.hierarchical.Node.around(Node.java:137)
	at org.junit.platform.engine.support.hierarchical.NodeTestTask.lambda$executeRecursively$9(NodeTestTask.java:144)
	at org.junit.platform.engine.support.hierarchical.ThrowableCollector.execute(ThrowableCollector.java:73)
	at org.junit.platform.engine.support.hierarchical.NodeTestTask.executeRecursively(NodeTestTask.java:143)
	at org.junit.platform.engine.support.hierarchical.NodeTestTask.execute(NodeTestTask.java:100)
	at java.base/java.util.ArrayList.forEach(ArrayList.java:1596)
	at org.junit.platform.engine.support.hierarchical.SameThreadHierarchicalTestExecutorService.invokeAll(SameThreadHierarchicalTestExecutorService.java:41)
	at org.junit.platform.engine.support.hierarchical.NodeTestTask.lambda$executeRecursively$6(NodeTestTask.java:160)
	at org.junit.platform.engine.support.hierarchical.ThrowableCollector.execute(ThrowableCollector.java:73)
	at org.junit.platform.engine.support.hierarchical.NodeTestTask.lambda$executeRecursively$8(NodeTestTask.java:146)
	at org.junit.platform.engine.support.hierarchical.Node.around(Node.java:137)
	at org.junit.platform.engine.support.hierarchical.NodeTestTask.lambda$executeRecursively$9(NodeTestTask.java:144)
	at org.junit.platform.engine.support.hierarchical.ThrowableCollector.execute(ThrowableCollector.java:73)
	at org.junit.platform.engine.support.hierarchical.NodeTestTask.executeRecursively(NodeTestTask.java:143)
	at org.junit.platform.engine.support.hierarchical.NodeTestTask.execute(NodeTestTask.java:100)
	at java.base/java.util.ArrayList.forEach(ArrayList.java:1596)
	at org.junit.platform.engine.support.hierarchical.SameThreadHierarchicalTestExecutorService.invokeAll(SameThreadHierarchicalTestExecutorService.java:41)
	at org.junit.platform.engine.support.hierarchical.NodeTestTask.lambda$executeRecursively$6(NodeTestTask.java:160)
	at org.junit.platform.engine.support.hierarchical.ThrowableCollector.execute(ThrowableCollector.java:73)
	at org.junit.platform.engine.support.hierarchical.NodeTestTask.lambda$executeRecursively$8(NodeTestTask.java:146)
	at org.junit.platform.engine.support.hierarchical.Node.around(Node.java:137)
	at org.junit.platform.engine.support.hierarchical.NodeTestTask.lambda$executeRecursively$9(NodeTestTask.java:144)
	at org.junit.platform.engine.support.hierarchical.ThrowableCollector.execute(ThrowableCollector.java:73)
	at org.junit.platform.engine.support.hierarchical.NodeTestTask.executeRecursively(NodeTestTask.java:143)
	at org.junit.platform.engine.support.hierarchical.NodeTestTask.execute(NodeTestTask.java:100)
	at org.junit.platform.engine.support.hierarchical.SameThreadHierarchicalTestExecutorService.submit(SameThreadHierarchicalTestExecutorService.java:35)
	at org.junit.platform.engine.support.hierarchical.HierarchicalTestExecutor.execute(HierarchicalTestExecutor.java:57)
	at org.junit.platform.engine.support.hierarchical.HierarchicalTestEngine.execute(HierarchicalTestEngine.java:54)
	at org.junit.platform.launcher.core.EngineExecutionOrchestrator.execute(EngineExecutionOrchestrator.java:201)
	at org.junit.platform.launcher.core.EngineExecutionOrchestrator.execute(EngineExecutionOrchestrator.java:170)
	at org.junit.platform.launcher.core.EngineExecutionOrchestrator.execute(EngineExecutionOrchestrator.java:94)
	at org.junit.platform.launcher.core.EngineExecutionOrchestrator.lambda$execute$0(EngineExecutionOrchestrator.java:59)
	at org.junit.platform.launcher.core.EngineExecutionOrchestrator.withInterceptedStreams(EngineExecutionOrchestrator.java:142)
	at org.junit.platform.launcher.core.EngineExecutionOrchestrator.execute(EngineExecutionOrchestrator.java:58)
	at org.junit.platform.launcher.core.DefaultLauncher.execute(DefaultLauncher.java:103)
	at org.junit.platform.launcher.core.DefaultLauncher.execute(DefaultLauncher.java:85)
	at org.junit.platform.launcher.core.DelegatingLauncher.execute(DelegatingLauncher.java:47)
	at org.junit.platform.launcher.core.InterceptingLauncher.lambda$execute$1(InterceptingLauncher.java:39)
	at org.junit.platform.launcher.core.ClasspathAlignmentCheckingLauncherInterceptor.intercept(ClasspathAlignmentCheckingLauncherInterceptor.java:25)
	at org.junit.platform.launcher.core.InterceptingLauncher.execute(InterceptingLauncher.java:38)
	at org.junit.platform.launcher.core.DelegatingLauncher.execute(DelegatingLauncher.java:47)
	at org.apache.maven.surefire.junitplatform.LauncherAdapter.executeWithoutCancellationToken(LauncherAdapter.java:60)
	at org.apache.maven.surefire.junitplatform.LauncherAdapter.execute(LauncherAdapter.java:52)
	at org.apache.maven.surefire.junitplatform.JUnitPlatformProvider.execute(JUnitPlatformProvider.java:203)
	at org.apache.maven.surefire.junitplatform.JUnitPlatformProvider.invokeAllTests(JUnitPlatformProvider.java:168)
	at org.apache.maven.surefire.junitplatform.JUnitPlatformProvider.invoke(JUnitPlatformProvider.java:136)
	at org.apache.maven.surefire.booter.ForkedBooter.runSuitesInProcess(ForkedBooter.java:385)
	at org.apache.maven.surefire.booter.ForkedBooter.execute(ForkedBooter.java:162)
	at org.apache.maven.surefire.booter.ForkedBooter.run(ForkedBooter.java:507)
	at org.apache.maven.surefire.booter.ForkedBooter.main(ForkedBooter.java:495)
2025-11-02 16:15:45 [main] WARN  u.d.t.h.service.MunicipalityService - API returned null or empty response
2025-11-02 16:15:45 [main] INFO  u.d.tqs.hw1.service.BookingService - BookingService initialized
2025-11-02 16:15:45 [main] INFO  u.d.tqs.hw1.service.BookingService - Updating booking 0 status to IN_PROGRESS
2025-11-02 16:15:45 [main] INFO  u.d.tqs.hw1.service.BookingService - Booking 0 status changed from RECEIVED to IN_PROGRESS for citizen Test Person
2025-11-02 16:15:45 [main] INFO  u.d.tqs.hw1.service.BookingService - Updating booking 1 status to IN_PROGRESS
2025-11-02 16:15:45 [main] INFO  u.d.tqs.hw1.service.BookingService - Booking 1 status changed from RECEIVED to IN_PROGRESS for citizen Test Person
2025-11-02 16:15:45 [main] INFO  u.d.tqs.hw1.service.BookingService - Updating booking 2 status to IN_PROGRESS
2025-11-02 16:15:45 [main] INFO  u.d.tqs.hw1.service.BookingService - Booking 2 status changed from RECEIVED to IN_PROGRESS for citizen Test Person
2025-11-02 16:15:45 [main] INFO  u.d.tqs.hw1.service.BookingService - Updating booking 3 status to IN_PROGRESS
2025-11-02 16:15:45 [main] INFO  u.d.tqs.hw1.service.BookingService - Booking 3 status changed from RECEIVED to IN_PROGRESS for citizen Test Person
2025-11-02 16:15:45 [main] INFO  u.d.tqs.hw1.service.BookingService - Updating booking 4 status to IN_PROGRESS
2025-11-02 16:15:45 [main] INFO  u.d.tqs.hw1.service.BookingService - Booking 4 status changed from RECEIVED to IN_PROGRESS for citizen Test Person
2025-11-02 16:15:45 [main] INFO  u.d.tqs.hw1.service.BookingService - Updating booking 5 status to IN_PROGRESS
2025-11-02 16:15:45 [main] INFO  u.d.tqs.hw1.service.BookingService - Booking 5 status changed from RECEIVED to IN_PROGRESS for citizen Test Person
2025-11-02 16:15:45 [main] INFO  u.d.tqs.hw1.service.BookingService - Updating booking 6 status to IN_PROGRESS
2025-11-02 16:15:45 [main] INFO  u.d.tqs.hw1.service.BookingService - Booking 6 status changed from RECEIVED to IN_PROGRESS for citizen Test Person
2025-11-02 16:15:45 [main] INFO  u.d.tqs.hw1.service.BookingService - Updating booking 7 status to IN_PROGRESS
2025-11-02 16:15:45 [main] INFO  u.d.tqs.hw1.service.BookingService - Booking 7 status changed from RECEIVED to IN_PROGRESS for citizen Test Person
2025-11-02 16:15:45 [main] INFO  u.d.tqs.hw1.service.BookingService - Updating booking 8 status to IN_PROGRESS
2025-11-02 16:15:45 [main] INFO  u.d.tqs.hw1.service.BookingService - Booking 8 status changed from RECEIVED to IN_PROGRESS for citizen Test Person
2025-11-02 16:15:45 [main] INFO  u.d.tqs.hw1.service.BookingService - Updating booking 9 status to IN_PROGRESS
2025-11-02 16:15:45 [main] INFO  u.d.tqs.hw1.service.BookingService - Booking 9 status changed from RECEIVED to IN_PROGRESS for citizen Test Person
2025-11-02 16:15:45 [main] INFO  u.d.tqs.hw1.service.BookingService - Updating booking 10 status to IN_PROGRESS
2025-11-02 16:15:45 [main] INFO  u.d.tqs.hw1.service.BookingService - Booking 10 status changed from RECEIVED to IN_PROGRESS for citizen Test Person
2025-11-02 16:15:45 [main] INFO  u.d.tqs.hw1.service.BookingService - Updating booking 11 status to IN_PROGRESS
2025-11-02 16:15:45 [main] INFO  u.d.tqs.hw1.service.BookingService - Booking 11 status changed from RECEIVED to IN_PROGRESS for citizen Test Person
2025-11-02 16:15:45 [main] INFO  u.d.tqs.hw1.service.BookingService - Updating booking 12 status to IN_PROGRESS
2025-11-02 16:15:45 [main] INFO  u.d.tqs.hw1.service.BookingService - Booking 12 status changed from RECEIVED to IN_PROGRESS for citizen Test Person
2025-11-02 16:15:45 [main] INFO  u.d.tqs.hw1.service.BookingService - Updating booking 13 status to IN_PROGRESS
2025-11-02 16:15:45 [main] INFO  u.d.tqs.hw1.service.BookingService - Booking 13 status changed from RECEIVED to IN_PROGRESS for citizen Test Person
2025-11-02 16:15:45 [main] INFO  u.d.tqs.hw1.service.BookingService - Updating booking 14 status to IN_PROGRESS
2025-11-02 16:15:45 [main] INFO  u.d.tqs.hw1.service.BookingService - Booking 14 status changed from RECEIVED to IN_PROGRESS for citizen Test Person
2025-11-02 16:15:45 [main] INFO  u.d.tqs.hw1.service.BookingService - Updating booking 15 status to IN_PROGRESS
2025-11-02 16:15:45 [main] INFO  u.d.tqs.hw1.service.BookingService - Booking 15 status changed from RECEIVED to IN_PROGRESS for citizen Test Person
2025-11-02 16:15:45 [main] INFO  u.d.tqs.hw1.service.BookingService - Updating booking 16 status to IN_PROGRESS
2025-11-02 16:15:45 [main] INFO  u.d.tqs.hw1.service.BookingService - Booking 16 status changed from RECEIVED to IN_PROGRESS for citizen Test Person
2025-11-02 16:15:45 [main] INFO  u.d.tqs.hw1.service.BookingService - Updating booking 17 status to IN_PROGRESS
2025-11-02 16:15:45 [main] INFO  u.d.tqs.hw1.service.BookingService - Booking 17 status changed from RECEIVED to IN_PROGRESS for citizen Test Person
2025-11-02 16:15:45 [main] INFO  u.d.tqs.hw1.service.BookingService - Updating booking 18 status to IN_PROGRESS
2025-11-02 16:15:45 [main] INFO  u.d.tqs.hw1.service.BookingService - Booking 18 status changed from RECEIVED to IN_PROGRESS for citizen Test Person
2025-11-02 16:15:45 [main] INFO  u.d.tqs.hw1.service.BookingService - Updating booking 19 status to IN_PROGRESS
2025-11-02 16:15:45 [main] INFO  u.d.tqs.hw1.service.BookingService - Booking 19 status changed from RECEIVED to IN_PROGRESS for citizen Test Person
2025-11-02 16:15:45 [main] INFO  u.d.tqs.hw1.service.BookingService - Updating booking 20 status to IN_PROGRESS
2025-11-02 16:15:45 [main] INFO  u.d.tqs.hw1.service.BookingService - Booking 20 status changed from RECEIVED to IN_PROGRESS for citizen Test Person
2025-11-02 16:15:45 [main] INFO  u.d.tqs.hw1.service.BookingService - Updating booking 21 status to IN_PROGRESS
2025-11-02 16:15:45 [main] INFO  u.d.tqs.hw1.service.BookingService - Booking 21 status changed from RECEIVED to IN_PROGRESS for citizen Test Person
2025-11-02 16:15:45 [main] INFO  u.d.tqs.hw1.service.BookingService - Updating booking 22 status to IN_PROGRESS
2025-11-02 16:15:45 [main] INFO  u.d.tqs.hw1.service.BookingService - Booking 22 status changed from RECEIVED to IN_PROGRESS for citizen Test Person
2025-11-02 16:15:45 [main] INFO  u.d.tqs.hw1.service.BookingService - Updating booking 23 status to IN_PROGRESS
2025-11-02 16:15:45 [main] INFO  u.d.tqs.hw1.service.BookingService - Booking 23 status changed from RECEIVED to IN_PROGRESS for citizen Test Person
2025-11-02 16:15:45 [main] INFO  u.d.tqs.hw1.service.BookingService - Updating booking 24 status to IN_PROGRESS
2025-11-02 16:15:45 [main] INFO  u.d.tqs.hw1.service.BookingService - Booking 24 status changed from RECEIVED to IN_PROGRESS for citizen Test Person
2025-11-02 16:15:45 [main] INFO  u.d.tqs.hw1.service.BookingService - Updating booking 25 status to IN_PROGRESS
2025-11-02 16:15:45 [main] INFO  u.d.tqs.hw1.service.BookingService - Booking 25 status changed from RECEIVED to IN_PROGRESS for citizen Test Person
2025-11-02 16:15:45 [main] INFO  u.d.tqs.hw1.service.BookingService - Updating booking 26 status to IN_PROGRESS
2025-11-02 16:15:45 [main] INFO  u.d.tqs.hw1.service.BookingService - Booking 26 status changed from RECEIVED to IN_PROGRESS for citizen Test Person
2025-11-02 16:15:45 [main] INFO  u.d.tqs.hw1.service.BookingService - Updating booking 27 status to IN_PROGRESS
2025-11-02 16:15:45 [main] INFO  u.d.tqs.hw1.service.BookingService - Booking 27 status changed from RECEIVED to IN_PROGRESS for citizen Test Person
2025-11-02 16:15:45 [main] INFO  u.d.tqs.hw1.service.BookingService - Updating booking 28 status to IN_PROGRESS
2025-11-02 16:15:45 [main] INFO  u.d.tqs.hw1.service.BookingService - Booking 28 status changed from RECEIVED to IN_PROGRESS for citizen Test Person
2025-11-02 16:15:45 [main] INFO  u.d.tqs.hw1.service.BookingService - Updating booking 29 status to IN_PROGRESS
2025-11-02 16:15:45 [main] INFO  u.d.tqs.hw1.service.BookingService - Booking 29 status changed from RECEIVED to IN_PROGRESS for citizen Test Person
2025-11-02 16:15:45 [main] INFO  u.d.tqs.hw1.service.BookingService - Updating booking 30 status to IN_PROGRESS
2025-11-02 16:15:45 [main] INFO  u.d.tqs.hw1.service.BookingService - Booking 30 status changed from RECEIVED to IN_PROGRESS for citizen Test Person
2025-11-02 16:15:45 [main] INFO  u.d.tqs.hw1.service.BookingService - Updating booking 31 status to IN_PROGRESS
2025-11-02 16:15:45 [main] INFO  u.d.tqs.hw1.service.BookingService - Booking 31 status changed from RECEIVED to IN_PROGRESS for citizen Test Person
2025-11-02 16:15:45 [main] INFO  u.d.tqs.hw1.service.BookingService - Updating booking 32 status to IN_PROGRESS
2025-11-02 16:15:45 [main] INFO  u.d.tqs.hw1.service.BookingService - Booking 32 status changed from RECEIVED to IN_PROGRESS for citizen Test Person
2025-11-02 16:15:45 [main] INFO  u.d.tqs.hw1.service.BookingService - Updating booking 33 status to IN_PROGRESS
2025-11-02 16:15:45 [main] INFO  u.d.tqs.hw1.service.BookingService - Booking 33 status changed from RECEIVED to IN_PROGRESS for citizen Test Person
2025-11-02 16:15:45 [main] INFO  u.d.tqs.hw1.service.BookingService - Updating booking 34 status to IN_PROGRESS
2025-11-02 16:15:45 [main] INFO  u.d.tqs.hw1.service.BookingService - Booking 34 status changed from RECEIVED to IN_PROGRESS for citizen Test Person
2025-11-02 16:15:45 [main] INFO  u.d.tqs.hw1.service.BookingService - Updating booking 35 status to IN_PROGRESS
2025-11-02 16:15:45 [main] INFO  u.d.tqs.hw1.service.BookingService - Booking 35 status changed from RECEIVED to IN_PROGRESS for citizen Test Person
2025-11-02 16:15:45 [main] INFO  u.d.tqs.hw1.service.BookingService - Updating booking 36 status to IN_PROGRESS
2025-11-02 16:15:45 [main] INFO  u.d.tqs.hw1.service.BookingService - Booking 36 status changed from RECEIVED to IN_PROGRESS for citizen Test Person
2025-11-02 16:15:45 [main] INFO  u.d.tqs.hw1.service.BookingService - Updating booking 37 status to IN_PROGRESS
2025-11-02 16:15:45 [main] INFO  u.d.tqs.hw1.service.BookingService - Booking 37 status changed from RECEIVED to IN_PROGRESS for citizen Test Person
2025-11-02 16:15:45 [main] INFO  u.d.tqs.hw1.service.BookingService - Updating booking 38 status to IN_PROGRESS
2025-11-02 16:15:45 [main] INFO  u.d.tqs.hw1.service.BookingService - Booking 38 status changed from RECEIVED to IN_PROGRESS for citizen Test Person
2025-11-02 16:15:45 [main] INFO  u.d.tqs.hw1.service.BookingService - Updating booking 39 status to IN_PROGRESS
2025-11-02 16:15:45 [main] INFO  u.d.tqs.hw1.service.BookingService - Booking 39 status changed from RECEIVED to IN_PROGRESS for citizen Test Person
2025-11-02 16:15:45 [main] INFO  u.d.tqs.hw1.service.BookingService - Updating booking 40 status to IN_PROGRESS
2025-11-02 16:15:45 [main] INFO  u.d.tqs.hw1.service.BookingService - Booking 40 status changed from RECEIVED to IN_PROGRESS for citizen Test Person
2025-11-02 16:15:45 [main] INFO  u.d.tqs.hw1.service.BookingService - Updating booking 41 status to IN_PROGRESS
2025-11-02 16:15:45 [main] INFO  u.d.tqs.hw1.service.BookingService - Booking 41 status changed from RECEIVED to IN_PROGRESS for citizen Test Person
2025-11-02 16:15:45 [main] INFO  u.d.tqs.hw1.service.BookingService - Updating booking 42 status to IN_PROGRESS
2025-11-02 16:15:45 [main] INFO  u.d.tqs.hw1.service.BookingService - Booking 42 status changed from RECEIVED to IN_PROGRESS for citizen Test Person
2025-11-02 16:15:45 [main] INFO  u.d.tqs.hw1.service.BookingService - Updating booking 43 status to IN_PROGRESS
2025-11-02 16:15:45 [main] INFO  u.d.tqs.hw1.service.BookingService - Booking 43 status changed from RECEIVED to IN_PROGRESS for citizen Test Person
2025-11-02 16:15:45 [main] INFO  u.d.tqs.hw1.service.BookingService - Updating booking 44 status to IN_PROGRESS
2025-11-02 16:15:45 [main] INFO  u.d.tqs.hw1.service.BookingService - Booking 44 status changed from RECEIVED to IN_PROGRESS for citizen Test Person
2025-11-02 16:15:45 [main] INFO  u.d.tqs.hw1.service.BookingService - Updating booking 45 status to IN_PROGRESS
2025-11-02 16:15:45 [main] INFO  u.d.tqs.hw1.service.BookingService - Booking 45 status changed from RECEIVED to IN_PROGRESS for citizen Test Person
2025-11-02 16:15:45 [main] INFO  u.d.tqs.hw1.service.BookingService - Updating booking 46 status to IN_PROGRESS
2025-11-02 16:15:45 [main] INFO  u.d.tqs.hw1.service.BookingService - Booking 46 status changed from RECEIVED to IN_PROGRESS for citizen Test Person
2025-11-02 16:15:45 [main] INFO  u.d.tqs.hw1.service.BookingService - Updating booking 47 status to IN_PROGRESS
2025-11-02 16:15:45 [main] INFO  u.d.tqs.hw1.service.BookingService - Booking 47 status changed from RECEIVED to IN_PROGRESS for citizen Test Person
2025-11-02 16:15:45 [main] INFO  u.d.tqs.hw1.service.BookingService - Updating booking 48 status to IN_PROGRESS
2025-11-02 16:15:45 [main] INFO  u.d.tqs.hw1.service.BookingService - Booking 48 status changed from RECEIVED to IN_PROGRESS for citizen Test Person
2025-11-02 16:15:45 [main] INFO  u.d.tqs.hw1.service.BookingService - Updating booking 49 status to IN_PROGRESS
2025-11-02 16:15:45 [main] INFO  u.d.tqs.hw1.service.BookingService - Booking 49 status changed from RECEIVED to IN_PROGRESS for citizen Test Person
2025-11-02 16:15:45 [main] INFO  u.d.tqs.hw1.service.BookingService - BookingService initialized
2025-11-02 16:15:45 [main] INFO  u.d.tqs.hw1.service.BookingService - BookingService initialized
2025-11-02 16:15:45 [main] INFO  u.d.tqs.hw1.service.BookingService - BookingService initialized
2025-11-02 16:15:45 [main] INFO  u.d.tqs.hw1.service.BookingService - BookingService initialized
2025-11-02 16:15:45 [main] INFO  u.d.tqs.hw1.service.BookingService - BookingService initialized
2025-11-02 16:15:45 [main] INFO  u.d.tqs.hw1.service.BookingService - Creating new booking for John Doe in Aveiro on 2025-11-03 at slot 0
2025-11-02 16:15:45 [main] INFO  u.d.tqs.hw1.service.BookingService - Booking created successfully with token: 0b310c7a for John Doe
2025-11-02 16:15:45 [main] INFO  u.d.tqs.hw1.service.BookingService - Creating new booking for John Doe in Aveiro on 2025-11-03 at slot 1
2025-11-02 16:15:45 [main] INFO  u.d.tqs.hw1.service.BookingService - Booking created successfully with token: 0b310c7a for John Doe
2025-11-02 16:15:45 [main] INFO  u.d.tqs.hw1.service.BookingService - Creating new booking for John Doe in Aveiro on 2025-11-03 at slot 2
2025-11-02 16:15:45 [main] INFO  u.d.tqs.hw1.service.BookingService - Booking created successfully with token: 0b310c7a for John Doe
2025-11-02 16:15:45 [main] INFO  u.d.tqs.hw1.service.BookingService - Creating new booking for John Doe in Aveiro on 2025-11-03 at slot 3
2025-11-02 16:15:45 [main] INFO  u.d.tqs.hw1.service.BookingService - Booking created successfully with token: 0b310c7a for John Doe
2025-11-02 16:15:45 [main] INFO  u.d.tqs.hw1.service.BookingService - Creating new booking for John Doe in Aveiro on 2025-11-03 at slot 4
2025-11-02 16:15:45 [main] INFO  u.d.tqs.hw1.service.BookingService - Booking created successfully with token: 0b310c7a for John Doe
2025-11-02 16:15:45 [main] INFO  u.d.tqs.hw1.service.BookingService - Creating new booking for John Doe in Aveiro on 2025-11-03 at slot 5
2025-11-02 16:15:45 [main] INFO  u.d.tqs.hw1.service.BookingService - Booking created successfully with token: 0b310c7a for John Doe
2025-11-02 16:15:45 [main] INFO  u.d.tqs.hw1.service.BookingService - Creating new booking for John Doe in Aveiro on 2025-11-03 at slot 6
2025-11-02 16:15:45 [main] INFO  u.d.tqs.hw1.service.BookingService - Booking created successfully with token: 0b310c7a for John Doe
2025-11-02 16:15:45 [main] INFO  u.d.tqs.hw1.service.BookingService - Creating new booking for John Doe in Aveiro on 2025-11-03 at slot 7
2025-11-02 16:15:45 [main] INFO  u.d.tqs.hw1.service.BookingService - Booking created successfully with token: 0b310c7a for John Doe
2025-11-02 16:15:45 [main] INFO  u.d.tqs.hw1.service.BookingService - Creating new booking for John Doe in Aveiro on 2025-11-03 at slot 8
2025-11-02 16:15:45 [main] INFO  u.d.tqs.hw1.service.BookingService - Booking created successfully with token: 0b310c7a for John Doe
2025-11-02 16:15:45 [main] INFO  u.d.tqs.hw1.service.BookingService - Creating new booking for John Doe in Aveiro on 2025-11-03 at slot 0
2025-11-02 16:15:45 [main] INFO  u.d.tqs.hw1.service.BookingService - Booking created successfully with token: 0b310c7a for John Doe
2025-11-02 16:15:45 [main] INFO  u.d.tqs.hw1.service.BookingService - Creating new booking for John Doe in Aveiro on 2025-11-03 at slot 1
2025-11-02 16:15:45 [main] INFO  u.d.tqs.hw1.service.BookingService - Booking created successfully with token: 0b310c7a for John Doe
2025-11-02 16:15:45 [main] INFO  u.d.tqs.hw1.service.BookingService - Creating new booking for John Doe in Aveiro on 2025-11-03 at slot 2
2025-11-02 16:15:45 [main] INFO  u.d.tqs.hw1.service.BookingService - Booking created successfully with token: 0b310c7a for John Doe
2025-11-02 16:15:45 [main] INFO  u.d.tqs.hw1.service.BookingService - Creating new booking for John Doe in Aveiro on 2025-11-03 at slot 3
2025-11-02 16:15:45 [main] INFO  u.d.tqs.hw1.service.BookingService - Booking created successfully with token: 0b310c7a for John Doe
2025-11-02 16:15:45 [main] INFO  u.d.tqs.hw1.service.BookingService - Creating new booking for John Doe in Aveiro on 2025-11-03 at slot 4
2025-11-02 16:15:45 [main] INFO  u.d.tqs.hw1.service.BookingService - Booking created successfully with token: 0b310c7a for John Doe
2025-11-02 16:15:45 [main] INFO  u.d.tqs.hw1.service.BookingService - Creating new booking for John Doe in Aveiro on 2025-11-03 at slot 5
2025-11-02 16:15:45 [main] INFO  u.d.tqs.hw1.service.BookingService - Booking created successfully with token: 0b310c7a for John Doe
2025-11-02 16:15:45 [main] INFO  u.d.tqs.hw1.service.BookingService - Creating new booking for John Doe in Aveiro on 2025-11-03 at slot 6
2025-11-02 16:15:45 [main] INFO  u.d.tqs.hw1.service.BookingService - Booking created successfully with token: 0b310c7a for John Doe
2025-11-02 16:15:45 [main] INFO  u.d.tqs.hw1.service.BookingService - Creating new booking for John Doe in Aveiro on 2025-11-03 at slot 7
2025-11-02 16:15:45 [main] INFO  u.d.tqs.hw1.service.BookingService - Booking created successfully with token: 0b310c7a for John Doe
2025-11-02 16:15:45 [main] INFO  u.d.tqs.hw1.service.BookingService - Creating new booking for John Doe in Aveiro on 2025-11-03 at slot 8
2025-11-02 16:15:45 [main] INFO  u.d.tqs.hw1.service.BookingService - Booking created successfully with token: 0b310c7a for John Doe
2025-11-02 16:15:45 [main] INFO  u.d.tqs.hw1.service.BookingService - Creating new booking for John Doe in Aveiro on 2025-11-03 at slot 0
2025-11-02 16:15:45 [main] INFO  u.d.tqs.hw1.service.BookingService - Booking created successfully with token: 0b310c7a for John Doe
2025-11-02 16:15:45 [main] INFO  u.d.tqs.hw1.service.BookingService - Creating new booking for John Doe in Aveiro on 2025-11-03 at slot 1
2025-11-02 16:15:45 [main] INFO  u.d.tqs.hw1.service.BookingService - Booking created successfully with token: 0b310c7a for John Doe
2025-11-02 16:15:45 [main] INFO  u.d.tqs.hw1.service.BookingService - Creating new booking for John Doe in Aveiro on 2025-11-03 at slot 2
2025-11-02 16:15:45 [main] INFO  u.d.tqs.hw1.service.BookingService - Booking created successfully with token: 0b310c7a for John Doe
2025-11-02 16:15:45 [main] INFO  u.d.tqs.hw1.service.BookingService - Creating new booking for John Doe in Aveiro on 2025-11-03 at slot 3
2025-11-02 16:15:45 [main] INFO  u.d.tqs.hw1.service.BookingService - Booking created successfully with token: 0b310c7a for John Doe
2025-11-02 16:15:45 [main] INFO  u.d.tqs.hw1.service.BookingService - Creating new booking for John Doe in Aveiro on 2025-11-03 at slot 4
2025-11-02 16:15:45 [main] INFO  u.d.tqs.hw1.service.BookingService - Booking created successfully with token: 0b310c7a for John Doe
2025-11-02 16:15:45 [main] INFO  u.d.tqs.hw1.service.BookingService - Creating new booking for John Doe in Aveiro on 2025-11-03 at slot 5
2025-11-02 16:15:45 [main] INFO  u.d.tqs.hw1.service.BookingService - Booking created successfully with token: 0b310c7a for John Doe
2025-11-02 16:15:45 [main] INFO  u.d.tqs.hw1.service.BookingService - Creating new booking for John Doe in Aveiro on 2025-11-03 at slot 6
2025-11-02 16:15:45 [main] INFO  u.d.tqs.hw1.service.BookingService - Booking created successfully with token: 0b310c7a for John Doe
2025-11-02 16:15:45 [main] INFO  u.d.tqs.hw1.service.BookingService - Creating new booking for John Doe in Aveiro on 2025-11-03 at slot 7
2025-11-02 16:15:45 [main] INFO  u.d.tqs.hw1.service.BookingService - Booking created successfully with token: 0b310c7a for John Doe
2025-11-02 16:15:45 [main] INFO  u.d.tqs.hw1.service.BookingService - Creating new booking for John Doe in Aveiro on 2025-11-03 at slot 8
2025-11-02 16:15:45 [main] INFO  u.d.tqs.hw1.service.BookingService - Booking created successfully with token: 0b310c7a for John Doe
2025-11-02 16:15:45 [main] INFO  u.d.tqs.hw1.service.BookingService - Creating new booking for John Doe in Aveiro on 2025-11-03 at slot 0
2025-11-02 16:15:45 [main] INFO  u.d.tqs.hw1.service.BookingService - Booking created successfully with token: 0b310c7a for John Doe
2025-11-02 16:15:45 [main] INFO  u.d.tqs.hw1.service.BookingService - Creating new booking for John Doe in Aveiro on 2025-11-03 at slot 1
2025-11-02 16:15:45 [main] INFO  u.d.tqs.hw1.service.BookingService - Booking created successfully with token: 0b310c7a for John Doe
2025-11-02 16:15:45 [main] INFO  u.d.tqs.hw1.service.BookingService - Creating new booking for John Doe in Aveiro on 2025-11-03 at slot 2
2025-11-02 16:15:45 [main] INFO  u.d.tqs.hw1.service.BookingService - Booking created successfully with token: 0b310c7a for John Doe
2025-11-02 16:15:45 [main] INFO  u.d.tqs.hw1.service.BookingService - Creating new booking for John Doe in Aveiro on 2025-11-03 at slot 3
2025-11-02 16:15:45 [main] INFO  u.d.tqs.hw1.service.BookingService - Booking created successfully with token: 0b310c7a for John Doe
2025-11-02 16:15:45 [main] INFO  u.d.tqs.hw1.service.BookingService - Creating new booking for John Doe in Aveiro on 2025-11-03 at slot 4
2025-11-02 16:15:45 [main] INFO  u.d.tqs.hw1.service.BookingService - Booking created successfully with token: 0b310c7a for John Doe
2025-11-02 16:15:45 [main] INFO  u.d.tqs.hw1.service.BookingService - Creating new booking for John Doe in Aveiro on 2025-11-03 at slot 5
2025-11-02 16:15:45 [main] INFO  u.d.tqs.hw1.service.BookingService - Booking created successfully with token: 0b310c7a for John Doe
2025-11-02 16:15:45 [main] INFO  u.d.tqs.hw1.service.BookingService - Creating new booking for John Doe in Aveiro on 2025-11-03 at slot 6
2025-11-02 16:15:45 [main] INFO  u.d.tqs.hw1.service.BookingService - Booking created successfully with token: 0b310c7a for John Doe
2025-11-02 16:15:45 [main] INFO  u.d.tqs.hw1.service.BookingService - Creating new booking for John Doe in Aveiro on 2025-11-03 at slot 7
2025-11-02 16:15:45 [main] INFO  u.d.tqs.hw1.service.BookingService - Booking created successfully with token: 0b310c7a for John Doe
2025-11-02 16:15:45 [main] INFO  u.d.tqs.hw1.service.BookingService - Creating new booking for John Doe in Aveiro on 2025-11-03 at slot 8
2025-11-02 16:15:45 [main] INFO  u.d.tqs.hw1.service.BookingService - Booking created successfully with token: 0b310c7a for John Doe
2025-11-02 16:15:45 [main] INFO  u.d.tqs.hw1.service.BookingService - Creating new booking for John Doe in Aveiro on 2025-11-03 at slot 0
2025-11-02 16:15:45 [main] INFO  u.d.tqs.hw1.service.BookingService - Booking created successfully with token: 0b310c7a for John Doe
2025-11-02 16:15:45 [main] INFO  u.d.tqs.hw1.service.BookingService - Creating new booking for John Doe in Aveiro on 2025-11-03 at slot 1
2025-11-02 16:15:45 [main] INFO  u.d.tqs.hw1.service.BookingService - Booking created successfully with token: 0b310c7a for John Doe
2025-11-02 16:15:45 [main] INFO  u.d.tqs.hw1.service.BookingService - Creating new booking for John Doe in Aveiro on 2025-11-03 at slot 2
2025-11-02 16:15:45 [main] INFO  u.d.tqs.hw1.service.BookingService - Booking created successfully with token: 0b310c7a for John Doe
2025-11-02 16:15:45 [main] INFO  u.d.tqs.hw1.service.BookingService - Creating new booking for John Doe in Aveiro on 2025-11-03 at slot 3
2025-11-02 16:15:45 [main] INFO  u.d.tqs.hw1.service.BookingService - Booking created successfully with token: 0b310c7a for John Doe
2025-11-02 16:15:45 [main] INFO  u.d.tqs.hw1.service.BookingService - Creating new booking for John Doe in Aveiro on 2025-11-03 at slot 4
2025-11-02 16:15:45 [main] INFO  u.d.tqs.hw1.service.BookingService - Booking created successfully with token: 0b310c7a for John Doe
2025-11-02 16:15:45 [main] INFO  u.d.tqs.hw1.service.BookingService - Creating new booking for John Doe in Aveiro on 2025-11-03 at slot 5
2025-11-02 16:15:45 [main] INFO  u.d.tqs.hw1.service.BookingService - Booking created successfully with token: 0b310c7a for John Doe
2025-11-02 16:15:45 [main] INFO  u.d.tqs.hw1.service.BookingService - Creating new booking for John Doe in Aveiro on 2025-11-03 at slot 6
2025-11-02 16:15:45 [main] INFO  u.d.tqs.hw1.service.BookingService - Booking created successfully with token: 0b310c7a for John Doe
2025-11-02 16:15:45 [main] INFO  u.d.tqs.hw1.service.BookingService - Creating new booking for John Doe in Aveiro on 2025-11-03 at slot 7
2025-11-02 16:15:45 [main] INFO  u.d.tqs.hw1.service.BookingService - Booking created successfully with token: 0b310c7a for John Doe
2025-11-02 16:15:45 [main] INFO  u.d.tqs.hw1.service.BookingService - Creating new booking for John Doe in Aveiro on 2025-11-03 at slot 8
2025-11-02 16:15:45 [main] INFO  u.d.tqs.hw1.service.BookingService - Booking created successfully with token: 0b310c7a for John Doe
2025-11-02 16:15:45 [main] INFO  u.d.tqs.hw1.service.BookingService - Creating new booking for John Doe in Aveiro on 2025-11-03 at slot 0
2025-11-02 16:15:45 [main] INFO  u.d.tqs.hw1.service.BookingService - Booking created successfully with token: 0b310c7a for John Doe
2025-11-02 16:15:45 [main] INFO  u.d.tqs.hw1.service.BookingService - Creating new booking for John Doe in Aveiro on 2025-11-03 at slot 1
2025-11-02 16:15:45 [main] INFO  u.d.tqs.hw1.service.BookingService - Booking created successfully with token: 0b310c7a for John Doe
2025-11-02 16:15:45 [main] INFO  u.d.tqs.hw1.service.BookingService - Creating new booking for John Doe in Aveiro on 2025-11-03 at slot 2
2025-11-02 16:15:45 [main] INFO  u.d.tqs.hw1.service.BookingService - Booking created successfully with token: 0b310c7a for John Doe
2025-11-02 16:15:45 [main] INFO  u.d.tqs.hw1.service.BookingService - Creating new booking for John Doe in Aveiro on 2025-11-03 at slot 3
2025-11-02 16:15:45 [main] INFO  u.d.tqs.hw1.service.BookingService - Booking created successfully with token: 0b310c7a for John Doe
2025-11-02 16:15:45 [main] INFO  u.d.tqs.hw1.service.BookingService - Creating new booking for John Doe in Aveiro on 2025-11-03 at slot 4
2025-11-02 16:15:45 [main] INFO  u.d.tqs.hw1.service.BookingService - Booking created successfully with token: 0b310c7a for John Doe
2025-11-02 16:15:45 [main] INFO  u.d.tqs.hw1.service.BookingService - Creating new booking for John Doe in Aveiro on 2025-11-03 at slot 5
2025-11-02 16:15:45 [main] INFO  u.d.tqs.hw1.service.BookingService - Booking created successfully with token: 0b310c7a for John Doe
2025-11-02 16:15:45 [main] INFO  u.d.tqs.hw1.service.BookingService - Creating new booking for John Doe in Aveiro on 2025-11-03 at slot 6
2025-11-02 16:15:45 [main] INFO  u.d.tqs.hw1.service.BookingService - Booking created successfully with token: 0b310c7a for John Doe
2025-11-02 16:15:45 [main] INFO  u.d.tqs.hw1.service.BookingService - Creating new booking for John Doe in Aveiro on 2025-11-03 at slot 7
2025-11-02 16:15:45 [main] INFO  u.d.tqs.hw1.service.BookingService - Booking created successfully with token: 0b310c7a for John Doe
2025-11-02 16:15:45 [main] INFO  u.d.tqs.hw1.service.BookingService - Creating new booking for John Doe in Aveiro on 2025-11-03 at slot 8
2025-11-02 16:15:45 [main] INFO  u.d.tqs.hw1.service.BookingService - Booking created successfully with token: 0b310c7a for John Doe
2025-11-02 16:15:45 [main] INFO  u.d.tqs.hw1.service.BookingService - Creating new booking for John Doe in Aveiro on 2025-11-03 at slot 0
2025-11-02 16:15:45 [main] INFO  u.d.tqs.hw1.service.BookingService - Booking created successfully with token: 0b310c7a for John Doe
2025-11-02 16:15:45 [main] INFO  u.d.tqs.hw1.service.BookingService - Creating new booking for John Doe in Aveiro on 2025-11-03 at slot 1
2025-11-02 16:15:45 [main] INFO  u.d.tqs.hw1.service.BookingService - Booking created successfully with token: 0b310c7a for John Doe
2025-11-02 16:15:45 [main] INFO  u.d.tqs.hw1.service.BookingService - Creating new booking for John Doe in Aveiro on 2025-11-03 at slot 2
2025-11-02 16:15:45 [main] INFO  u.d.tqs.hw1.service.BookingService - Booking created successfully with token: 0b310c7a for John Doe
2025-11-02 16:15:45 [main] INFO  u.d.tqs.hw1.service.BookingService - Creating new booking for John Doe in Aveiro on 2025-11-03 at slot 3
2025-11-02 16:15:45 [main] INFO  u.d.tqs.hw1.service.BookingService - Booking created successfully with token: 0b310c7a for John Doe
2025-11-02 16:15:45 [main] INFO  u.d.tqs.hw1.service.BookingService - Creating new booking for John Doe in Aveiro on 2025-11-03 at slot 4
2025-11-02 16:15:45 [main] INFO  u.d.tqs.hw1.service.BookingService - Booking created successfully with token: 0b310c7a for John Doe
2025-11-02 16:15:45 [main] INFO  u.d.tqs.hw1.service.BookingService - Creating new booking for John Doe in Aveiro on 2025-11-03 at slot 5
2025-11-02 16:15:45 [main] INFO  u.d.tqs.hw1.service.BookingService - Booking created successfully with token: 0b310c7a for John Doe
2025-11-02 16:15:45 [main] INFO  u.d.tqs.hw1.service.BookingService - Creating new booking for John Doe in Aveiro on 2025-11-03 at slot 6
2025-11-02 16:15:45 [main] INFO  u.d.tqs.hw1.service.BookingService - Booking created successfully with token: 0b310c7a for John Doe
2025-11-02 16:15:45 [main] INFO  u.d.tqs.hw1.service.BookingService - Creating new booking for John Doe in Aveiro on 2025-11-03 at slot 7
2025-11-02 16:15:45 [main] INFO  u.d.tqs.hw1.service.BookingService - Booking created successfully with token: 0b310c7a for John Doe
2025-11-02 16:15:45 [main] INFO  u.d.tqs.hw1.service.BookingService - Creating new booking for John Doe in Aveiro on 2025-11-03 at slot 8
2025-11-02 16:15:45 [main] INFO  u.d.tqs.hw1.service.BookingService - Booking created successfully with token: 0b310c7a for John Doe
2025-11-02 16:15:45 [main] INFO  u.d.tqs.hw1.service.BookingService - Creating new booking for John Doe in Aveiro on 2025-11-03 at slot 0
2025-11-02 16:15:45 [main] INFO  u.d.tqs.hw1.service.BookingService - Booking created successfully with token: 0b310c7a for John Doe
2025-11-02 16:15:45 [main] INFO  u.d.tqs.hw1.service.BookingService - Creating new booking for John Doe in Aveiro on 2025-11-03 at slot 1
2025-11-02 16:15:45 [main] INFO  u.d.tqs.hw1.service.BookingService - Booking created successfully with token: 0b310c7a for John Doe
2025-11-02 16:15:45 [main] INFO  u.d.tqs.hw1.service.BookingService - Creating new booking for John Doe in Aveiro on 2025-11-03 at slot 2
2025-11-02 16:15:45 [main] INFO  u.d.tqs.hw1.service.BookingService - Booking created successfully with token: 0b310c7a for John Doe
2025-11-02 16:15:45 [main] INFO  u.d.tqs.hw1.service.BookingService - Creating new booking for John Doe in Aveiro on 2025-11-03 at slot 3
2025-11-02 16:15:45 [main] INFO  u.d.tqs.hw1.service.BookingService - Booking created successfully with token: 0b310c7a for John Doe
2025-11-02 16:15:45 [main] INFO  u.d.tqs.hw1.service.BookingService - Creating new booking for John Doe in Aveiro on 2025-11-03 at slot 4
2025-11-02 16:15:45 [main] INFO  u.d.tqs.hw1.service.BookingService - Booking created successfully with token: 0b310c7a for John Doe
2025-11-02 16:15:45 [main] INFO  u.d.tqs.hw1.service.BookingService - Creating new booking for John Doe in Aveiro on 2025-11-03 at slot 5
2025-11-02 16:15:45 [main] INFO  u.d.tqs.hw1.service.BookingService - Booking created successfully with token: 0b310c7a for John Doe
2025-11-02 16:15:45 [main] INFO  u.d.tqs.hw1.service.BookingService - Creating new booking for John Doe in Aveiro on 2025-11-03 at slot 6
2025-11-02 16:15:45 [main] INFO  u.d.tqs.hw1.service.BookingService - Booking created successfully with token: 0b310c7a for John Doe
2025-11-02 16:15:45 [main] INFO  u.d.tqs.hw1.service.BookingService - Creating new booking for John Doe in Aveiro on 2025-11-03 at slot 7
2025-11-02 16:15:45 [main] INFO  u.d.tqs.hw1.service.BookingService - Booking created successfully with token: 0b310c7a for John Doe
2025-11-02 16:15:45 [main] INFO  u.d.tqs.hw1.service.BookingService - Creating new booking for John Doe in Aveiro on 2025-11-03 at slot 8
2025-11-02 16:15:45 [main] INFO  u.d.tqs.hw1.service.BookingService - Booking created successfully with token: 0b310c7a for John Doe
2025-11-02 16:15:45 [main] INFO  u.d.tqs.hw1.service.BookingService - Creating new booking for John Doe in Aveiro on 2025-11-03 at slot 0
2025-11-02 16:15:45 [main] INFO  u.d.tqs.hw1.service.BookingService - Booking created successfully with token: 0b310c7a for John Doe
2025-11-02 16:15:45 [main] INFO  u.d.tqs.hw1.service.BookingService - Creating new booking for John Doe in Aveiro on 2025-11-03 at slot 1
2025-11-02 16:15:45 [main] INFO  u.d.tqs.hw1.service.BookingService - Booking created successfully with token: 0b310c7a for John Doe
2025-11-02 16:15:45 [main] INFO  u.d.tqs.hw1.service.BookingService - Creating new booking for John Doe in Aveiro on 2025-11-03 at slot 2
2025-11-02 16:15:45 [main] INFO  u.d.tqs.hw1.service.BookingService - Booking created successfully with token: 0b310c7a for John Doe
2025-11-02 16:15:45 [main] INFO  u.d.tqs.hw1.service.BookingService - Creating new booking for John Doe in Aveiro on 2025-11-03 at slot 3
2025-11-02 16:15:45 [main] INFO  u.d.tqs.hw1.service.BookingService - Booking created successfully with token: 0b310c7a for John Doe
2025-11-02 16:15:45 [main] INFO  u.d.tqs.hw1.service.BookingService - Creating new booking for John Doe in Aveiro on 2025-11-03 at slot 4
2025-11-02 16:15:45 [main] INFO  u.d.tqs.hw1.service.BookingService - Booking created successfully with token: 0b310c7a for John Doe
2025-11-02 16:15:45 [main] INFO  u.d.tqs.hw1.service.BookingService - Creating new booking for John Doe in Aveiro on 2025-11-03 at slot 5
2025-11-02 16:15:45 [main] INFO  u.d.tqs.hw1.service.BookingService - Booking created successfully with token: 0b310c7a for John Doe
2025-11-02 16:15:45 [main] INFO  u.d.tqs.hw1.service.BookingService - Creating new booking for John Doe in Aveiro on 2025-11-03 at slot 6
2025-11-02 16:15:45 [main] INFO  u.d.tqs.hw1.service.BookingService - Booking created successfully with token: 0b310c7a for John Doe
2025-11-02 16:15:45 [main] INFO  u.d.tqs.hw1.service.BookingService - Creating new booking for John Doe in Aveiro on 2025-11-03 at slot 7
2025-11-02 16:15:45 [main] INFO  u.d.tqs.hw1.service.BookingService - Booking created successfully with token: 0b310c7a for John Doe
2025-11-02 16:15:45 [main] INFO  u.d.tqs.hw1.service.BookingService - Creating new booking for John Doe in Aveiro on 2025-11-03 at slot 8
2025-11-02 16:15:45 [main] INFO  u.d.tqs.hw1.service.BookingService - Booking created successfully with token: 0b310c7a for John Doe
2025-11-02 16:15:45 [main] INFO  u.d.tqs.hw1.service.BookingService - Creating new booking for John Doe in Aveiro on 2025-11-03 at slot 0
2025-11-02 16:15:45 [main] INFO  u.d.tqs.hw1.service.BookingService - Booking created successfully with token: 0b310c7a for John Doe
2025-11-02 16:15:45 [main] INFO  u.d.tqs.hw1.service.BookingService - Creating new booking for John Doe in Aveiro on 2025-11-03 at slot 1
2025-11-02 16:15:45 [main] INFO  u.d.tqs.hw1.service.BookingService - Booking created successfully with token: 0b310c7a for John Doe
2025-11-02 16:15:45 [main] INFO  u.d.tqs.hw1.service.BookingService - Creating new booking for John Doe in Aveiro on 2025-11-03 at slot 2
2025-11-02 16:15:45 [main] INFO  u.d.tqs.hw1.service.BookingService - Booking created successfully with token: 0b310c7a for John Doe
2025-11-02 16:15:45 [main] INFO  u.d.tqs.hw1.service.BookingService - Creating new booking for John Doe in Aveiro on 2025-11-03 at slot 3
2025-11-02 16:15:45 [main] INFO  u.d.tqs.hw1.service.BookingService - Booking created successfully with token: 0b310c7a for John Doe
2025-11-02 16:15:45 [main] INFO  u.d.tqs.hw1.service.BookingService - Creating new booking for John Doe in Aveiro on 2025-11-03 at slot 4
2025-11-02 16:15:45 [main] INFO  u.d.tqs.hw1.service.BookingService - Booking created successfully with token: 0b310c7a for John Doe
2025-11-02 16:15:45 [main] INFO  u.d.tqs.hw1.service.BookingService - Creating new booking for John Doe in Aveiro on 2025-11-03 at slot 5
2025-11-02 16:15:45 [main] INFO  u.d.tqs.hw1.service.BookingService - Booking created successfully with token: 0b310c7a for John Doe
2025-11-02 16:15:45 [main] INFO  u.d.tqs.hw1.service.BookingService - Creating new booking for John Doe in Aveiro on 2025-11-03 at slot 6
2025-11-02 16:15:45 [main] INFO  u.d.tqs.hw1.service.BookingService - Booking created successfully with token: 0b310c7a for John Doe
2025-11-02 16:15:45 [main] INFO  u.d.tqs.hw1.service.BookingService - Creating new booking for John Doe in Aveiro on 2025-11-03 at slot 7
2025-11-02 16:15:45 [main] INFO  u.d.tqs.hw1.service.BookingService - Booking created successfully with token: 0b310c7a for John Doe
2025-11-02 16:15:45 [main] INFO  u.d.tqs.hw1.service.BookingService - Creating new booking for John Doe in Aveiro on 2025-11-03 at slot 8
2025-11-02 16:15:45 [main] INFO  u.d.tqs.hw1.service.BookingService - Booking created successfully with token: 0b310c7a for John Doe
2025-11-02 16:15:45 [main] INFO  u.d.tqs.hw1.service.BookingService - Creating new booking for John Doe in Aveiro on 2025-11-03 at slot 0
2025-11-02 16:15:45 [main] INFO  u.d.tqs.hw1.service.BookingService - Booking created successfully with token: 0b310c7a for John Doe
2025-11-02 16:15:45 [main] INFO  u.d.tqs.hw1.service.BookingService - Creating new booking for John Doe in Aveiro on 2025-11-03 at slot 1
2025-11-02 16:15:45 [main] INFO  u.d.tqs.hw1.service.BookingService - Booking created successfully with token: 0b310c7a for John Doe
2025-11-02 16:15:45 [main] INFO  u.d.tqs.hw1.service.BookingService - Creating new booking for John Doe in Aveiro on 2025-11-03 at slot 2
2025-11-02 16:15:45 [main] INFO  u.d.tqs.hw1.service.BookingService - Booking created successfully with token: 0b310c7a for John Doe
2025-11-02 16:15:45 [main] INFO  u.d.tqs.hw1.service.BookingService - Creating new booking for John Doe in Aveiro on 2025-11-03 at slot 3
2025-11-02 16:15:45 [main] INFO  u.d.tqs.hw1.service.BookingService - Booking created successfully with token: 0b310c7a for John Doe
2025-11-02 16:15:45 [main] INFO  u.d.tqs.hw1.service.BookingService - Creating new booking for John Doe in Aveiro on 2025-11-03 at slot 4
2025-11-02 16:15:45 [main] INFO  u.d.tqs.hw1.service.BookingService - Booking created successfully with token: 0b310c7a for John Doe
2025-11-02 16:15:45 [main] INFO  u.d.tqs.hw1.service.BookingService - Creating new booking for John Doe in Aveiro on 2025-11-03 at slot 5
2025-11-02 16:15:45 [main] INFO  u.d.tqs.hw1.service.BookingService - Booking created successfully with token: 0b310c7a for John Doe
2025-11-02 16:15:45 [main] INFO  u.d.tqs.hw1.service.BookingService - Creating new booking for John Doe in Aveiro on 2025-11-03 at slot 6
2025-11-02 16:15:45 [main] INFO  u.d.tqs.hw1.service.BookingService - Booking created successfully with token: 0b310c7a for John Doe
2025-11-02 16:15:45 [main] INFO  u.d.tqs.hw1.service.BookingService - Creating new booking for John Doe in Aveiro on 2025-11-03 at slot 7
2025-11-02 16:15:45 [main] INFO  u.d.tqs.hw1.service.BookingService - Booking created successfully with token: 0b310c7a for John Doe
2025-11-02 16:15:45 [main] INFO  u.d.tqs.hw1.service.BookingService - Creating new booking for John Doe in Aveiro on 2025-11-03 at slot 8
2025-11-02 16:15:45 [main] INFO  u.d.tqs.hw1.service.BookingService - Booking created successfully with token: 0b310c7a for John Doe
2025-11-02 16:15:45 [main] INFO  u.d.tqs.hw1.service.BookingService - Creating new booking for John Doe in Aveiro on 2025-11-03 at slot 0
2025-11-02 16:15:45 [main] INFO  u.d.tqs.hw1.service.BookingService - Booking created successfully with token: 0b310c7a for John Doe
2025-11-02 16:15:45 [SpringApplicationShutdownHook] INFO  o.s.o.j.LocalContainerEntityManagerFactoryBean - Closing JPA EntityManagerFactory for persistence unit 'default'
2025-11-02 16:15:45 [SpringApplicationShutdownHook] INFO  com.zaxxer.hikari.HikariDataSource - HikariPool-1 - Shutdown initiated...
2025-11-02 16:15:45 [SpringApplicationShutdownHook] INFO  com.zaxxer.hikari.HikariDataSource - HikariPool-1 - Shutdown completed.
2025-11-02 16:15:45 [SpringApplicationShutdownHook] INFO  o.s.b.w.e.tomcat.GracefulShutdown - Commencing graceful shutdown. Waiting for active requests to complete
2025-11-02 16:15:45 [tomcat-shutdown] INFO  o.s.b.w.e.tomcat.GracefulShutdown - Graceful shutdown complete
2025-11-02 16:15:45 [SpringApplicationShutdownHook] INFO  o.s.o.j.LocalContainerEntityManagerFactoryBean - Closing JPA EntityManagerFactory for persistence unit 'default'
2025-11-02 16:15:45 [SpringApplicationShutdownHook] INFO  com.zaxxer.hikari.HikariDataSource - HikariPool-2 - Shutdown initiated...
2025-11-02 16:15:45 [SpringApplicationShutdownHook] INFO  com.zaxxer.hikari.HikariDataSource - HikariPool-2 - Shutdown completed.
2025-11-02 16:19:37 [main] INFO  u.d.t.h.c.MunicipalityControllerTest - Starting MunicipalityControllerTest using Java 21.0.8 with PID 242578 (started by duarte in /home/duarte/doc/Personal/UA/3ºAno/TQS/P/ZeroMonos)
2025-11-02 16:19:37 [main] INFO  u.d.t.h.c.MunicipalityControllerTest - No active profile set, falling back to 1 default profile: "default"
2025-11-02 16:19:37 [main] INFO  o.s.d.r.c.RepositoryConfigurationDelegate - Bootstrapping Spring Data JPA repositories in DEFAULT mode.
2025-11-02 16:19:37 [main] INFO  o.s.d.r.c.RepositoryConfigurationDelegate - Finished Spring Data repository scanning in 43 ms. Found 1 JPA repository interface.
2025-11-02 16:19:38 [main] INFO  o.h.jpa.internal.util.LogHelper - HHH000204: Processing PersistenceUnitInfo [name: default]
2025-11-02 16:19:38 [main] INFO  org.hibernate.Version - HHH000412: Hibernate ORM core version 6.6.29.Final
2025-11-02 16:19:38 [main] INFO  o.h.c.i.RegionFactoryInitiator - HHH000026: Second-level cache disabled
2025-11-02 16:19:38 [main] INFO  o.s.o.j.p.SpringPersistenceUnitInfo - No LoadTimeWeaver setup: ignoring JPA class transformer
2025-11-02 16:19:38 [main] INFO  com.zaxxer.hikari.HikariDataSource - HikariPool-1 - Starting...
2025-11-02 16:19:38 [main] INFO  com.zaxxer.hikari.pool.HikariPool - HikariPool-1 - Added connection org.postgresql.jdbc.PgConnection@21ec86e6
2025-11-02 16:19:38 [main] INFO  com.zaxxer.hikari.HikariDataSource - HikariPool-1 - Start completed.
2025-11-02 16:19:39 [main] WARN  org.hibernate.orm.deprecation - HHH90000025: PostgreSQLDialect does not need to be specified explicitly using 'hibernate.dialect' (remove the property setting and it will be selected by default)
2025-11-02 16:19:39 [main] INFO  o.hibernate.orm.connections.pooling - HHH10001005: Database info:
	Database JDBC URL [Connecting through datasource 'HikariDataSource (HikariPool-1)']
	Database driver: undefined/unknown
	Database version: 18.0
	Autocommit mode: undefined/unknown
	Isolation level: undefined/unknown
	Minimum pool size: undefined/unknown
	Maximum pool size: undefined/unknown
2025-11-02 16:19:39 [main] INFO  o.h.e.t.j.p.i.JtaPlatformInitiator - HHH000489: No JTA platform available (set 'hibernate.transaction.jta.platform' to enable JTA platform integration)
2025-11-02 16:19:40 [main] INFO  o.s.o.j.LocalContainerEntityManagerFactoryBean - Initialized JPA EntityManagerFactory for persistence unit 'default'
2025-11-02 16:19:40 [main] INFO  o.s.d.j.r.query.QueryEnhancerFactory - Hibernate is in classpath; If applicable, HQL parser will be used.
2025-11-02 16:19:40 [main] INFO  u.d.tqs.hw1.service.BookingService - BookingService initialized
2025-11-02 16:19:41 [main] WARN  o.s.b.a.o.j.JpaBaseConfiguration$JpaWebConfiguration - spring.jpa.open-in-view is enabled by default. Therefore, database queries may be performed during view rendering. Explicitly configure spring.jpa.open-in-view to disable this warning
2025-11-02 16:19:41 [main] INFO  o.s.b.a.w.s.WelcomePageHandlerMapping - Adding welcome page template: index
2025-11-02 16:19:41 [main] INFO  o.s.b.t.m.w.SpringBootMockServletContext - Initializing Spring TestDispatcherServlet ''
2025-11-02 16:19:41 [main] INFO  o.s.t.w.s.TestDispatcherServlet - Initializing Servlet ''
2025-11-02 16:19:41 [main] INFO  o.s.t.w.s.TestDispatcherServlet - Completed initialization in 0 ms
2025-11-02 16:19:41 [main] INFO  u.d.t.h.c.MunicipalityControllerTest - Started MunicipalityControllerTest in 4.818 seconds (process running for 6.697)
2025-11-02 16:19:42 [main] INFO  o.s.t.c.s.AnnotationConfigContextLoaderUtils - Could not detect default configuration classes for test class [ua.deti.tqs.hw1.controller.BookingControllerTest]: BookingControllerTest does not declare any static, non-private, non-final, nested classes annotated with @Configuration.
2025-11-02 16:19:42 [main] INFO  o.s.b.t.c.SpringBootTestContextBootstrapper - Found @SpringBootConfiguration ua.deti.tqs.hw1.ZeroMonosApplication for test class ua.deti.tqs.hw1.controller.BookingControllerTest
2025-11-02 16:19:42 [main] INFO  u.d.tqs.hw1.service.BookingService - Deleting booking with ID: 553
2025-11-02 16:19:42 [main] INFO  u.d.tqs.hw1.service.BookingService - Booking 553 deleted successfully
2025-11-02 16:19:42 [main] INFO  u.d.tqs.hw1.service.BookingService - Creating new booking for Jane Smith in Aveiro on 2025-11-03 at slot 2
2025-11-02 16:19:42 [main] WARN  u.d.tqs.hw1.service.BookingService - Booking creation failed: Time slot 2 on 2025-11-03 already occupied in Aveiro
2025-11-02 16:19:42 [main] INFO  u.d.tqs.hw1.service.BookingService - Creating new booking for John Doe in Aveiro on 2025-11-01 at slot 2
2025-11-02 16:19:42 [main] WARN  u.d.tqs.hw1.service.BookingService - Booking creation failed: Invalid date 2025-11-01 for John Doe
2025-11-02 16:19:42 [main] WARN  o.s.w.s.m.s.DefaultHandlerExceptionResolver - Resolved [org.springframework.web.bind.MethodArgumentNotValidException: Validation failed for argument [0] in public org.springframework.http.ResponseEntity<java.lang.Object> ua.deti.tqs.hw1.controller.BookingController.create(ua.deti.tqs.hw1.model.Booking): [Field error in object 'booking' on field 'citizenName': rejected value [john]; codes [Pattern.booking.citizenName,Pattern.citizenName,Pattern.java.lang.String,Pattern]; arguments [org.springframework.context.support.DefaultMessageSourceResolvable: codes [booking.citizenName,citizenName]; arguments []; default message [citizenName],[Ljakarta.validation.constraints.Pattern$Flag;@7d67f9d7,^[A-Z][a-z]*+(?>\s[A-Z][a-z]*+)+$]; default message [Name must have at least two words, each starting with uppercase letter, letters only]] ]
2025-11-02 16:19:42 [main] WARN  o.s.w.s.m.s.DefaultHandlerExceptionResolver - Resolved [org.springframework.web.bind.MethodArgumentNotValidException: Validation failed for argument [0] in public org.springframework.http.ResponseEntity<java.lang.Object> ua.deti.tqs.hw1.controller.BookingController.create(ua.deti.tqs.hw1.model.Booking): [Field error in object 'booking' on field 'description': rejected value [TV]; codes [Size.booking.description,Size.description,Size.java.lang.String,Size]; arguments [org.springframework.context.support.DefaultMessageSourceResolvable: codes [booking.description,description]; arguments []; default message [description],2147483647,4]; default message [Description must have at least 4 characters]] ]
2025-11-02 16:19:43 [main] INFO  u.d.tqs.hw1.service.BookingService - Updating booking 557 status to CANCELLED
2025-11-02 16:19:43 [main] INFO  u.d.tqs.hw1.service.BookingService - Booking 557 status changed from RECEIVED to CANCELLED for citizen John Doe
2025-11-02 16:19:43 [main] INFO  u.d.tqs.hw1.service.BookingService - Time slot 11:00 on 2025-11-03 for Aveiro is now available (booking 557 cancelled)
2025-11-02 16:19:43 [main] INFO  u.d.tqs.hw1.service.BookingService - Creating new booking for John Doe in Aveiro on 2025-11-03 at slot 2
2025-11-02 16:19:43 [main] INFO  u.d.tqs.hw1.service.BookingService - Booking created successfully with token: c4fadc3f for John Doe
2025-11-02 16:19:43 [main] INFO  u.d.tqs.hw1.service.BookingService - Updating booking 561 status to IN_PROGRESS
2025-11-02 16:19:43 [main] INFO  u.d.tqs.hw1.service.BookingService - Booking 561 status changed from RECEIVED to IN_PROGRESS for citizen John Doe
2025-11-02 16:19:43 [main] INFO  o.s.t.c.s.AnnotationConfigContextLoaderUtils - Could not detect default configuration classes for test class [ua.deti.tqs.hw1.functional.FunctionalSeleniumTest]: FunctionalSeleniumTest does not declare any static, non-private, non-final, nested classes annotated with @Configuration.
2025-11-02 16:19:43 [main] INFO  o.s.b.t.c.SpringBootTestContextBootstrapper - Found @SpringBootConfiguration ua.deti.tqs.hw1.ZeroMonosApplication for test class ua.deti.tqs.hw1.functional.FunctionalSeleniumTest
2025-11-02 16:19:43 [main] INFO  o.s.b.d.r.RestartApplicationListener - Restart disabled due to context in which it is running
2025-11-02 16:19:43 [main] INFO  u.d.t.h.f.FunctionalSeleniumTest - Starting FunctionalSeleniumTest using Java 21.0.8 with PID 242578 (started by duarte in /home/duarte/doc/Personal/UA/3ºAno/TQS/P/ZeroMonos)
2025-11-02 16:19:43 [main] INFO  u.d.t.h.f.FunctionalSeleniumTest - No active profile set, falling back to 1 default profile: "default"
2025-11-02 16:19:43 [main] INFO  o.s.d.r.c.RepositoryConfigurationDelegate - Bootstrapping Spring Data JPA repositories in DEFAULT mode.
2025-11-02 16:19:43 [main] INFO  o.s.d.r.c.RepositoryConfigurationDelegate - Finished Spring Data repository scanning in 8 ms. Found 1 JPA repository interface.
2025-11-02 16:19:43 [main] INFO  o.s.b.w.e.tomcat.TomcatWebServer - Tomcat initialized with port 0 (http)
2025-11-02 16:19:43 [main] INFO  o.a.catalina.core.StandardService - Starting service [Tomcat]
2025-11-02 16:19:43 [main] INFO  o.a.catalina.core.StandardEngine - Starting Servlet engine: [Apache Tomcat/10.1.46]
2025-11-02 16:19:43 [main] INFO  o.a.c.c.C.[Tomcat].[localhost].[/] - Initializing Spring embedded WebApplicationContext
2025-11-02 16:19:43 [main] INFO  o.s.b.w.s.c.ServletWebServerApplicationContext - Root WebApplicationContext: initialization completed in 525 ms
2025-11-02 16:19:43 [main] INFO  o.h.jpa.internal.util.LogHelper - HHH000204: Processing PersistenceUnitInfo [name: default]
2025-11-02 16:19:43 [main] INFO  o.h.c.i.RegionFactoryInitiator - HHH000026: Second-level cache disabled
2025-11-02 16:19:43 [main] INFO  o.s.o.j.p.SpringPersistenceUnitInfo - No LoadTimeWeaver setup: ignoring JPA class transformer
2025-11-02 16:19:43 [main] INFO  com.zaxxer.hikari.HikariDataSource - HikariPool-2 - Starting...
2025-11-02 16:19:43 [main] INFO  com.zaxxer.hikari.pool.HikariPool - HikariPool-2 - Added connection org.postgresql.jdbc.PgConnection@7e9e525a
2025-11-02 16:19:43 [main] INFO  com.zaxxer.hikari.HikariDataSource - HikariPool-2 - Start completed.
2025-11-02 16:19:43 [main] WARN  org.hibernate.orm.deprecation - HHH90000025: PostgreSQLDialect does not need to be specified explicitly using 'hibernate.dialect' (remove the property setting and it will be selected by default)
2025-11-02 16:19:43 [main] INFO  o.hibernate.orm.connections.pooling - HHH10001005: Database info:
	Database JDBC URL [Connecting through datasource 'HikariDataSource (HikariPool-2)']
	Database driver: undefined/unknown
	Database version: 18.0
	Autocommit mode: undefined/unknown
	Isolation level: undefined/unknown
	Minimum pool size: undefined/unknown
	Maximum pool size: undefined/unknown
2025-11-02 16:19:43 [main] INFO  o.h.e.t.j.p.i.JtaPlatformInitiator - HHH000489: No JTA platform available (set 'hibernate.transaction.jta.platform' to enable JTA platform integration)
2025-11-02 16:19:43 [main] INFO  o.s.o.j.LocalContainerEntityManagerFactoryBean - Initialized JPA EntityManagerFactory for persistence unit 'default'
2025-11-02 16:19:43 [main] INFO  u.d.tqs.hw1.service.BookingService - BookingService initialized
2025-11-02 16:19:43 [main] WARN  o.s.b.a.o.j.JpaBaseConfiguration$JpaWebConfiguration - spring.jpa.open-in-view is enabled by default. Therefore, database queries may be performed during view rendering. Explicitly configure spring.jpa.open-in-view to disable this warning
2025-11-02 16:19:43 [main] INFO  o.s.b.a.w.s.WelcomePageHandlerMapping - Adding welcome page template: index
2025-11-02 16:19:44 [main] INFO  o.s.b.w.e.tomcat.TomcatWebServer - Tomcat started on port 39517 (http) with context path '/'
2025-11-02 16:19:44 [main] INFO  u.d.t.h.f.FunctionalSeleniumTest - Started FunctionalSeleniumTest in 1.008 seconds (process running for 9.366)
2025-11-02 16:19:44 [main] INFO  i.g.bonigarcia.wdm.WebDriverManager - Using geckodriver 0.36.0 (resolved driver for Firefox 144)
2025-11-02 16:19:44 [main] INFO  i.g.bonigarcia.wdm.WebDriverManager - Exporting webdriver.gecko.driver as /home/duarte/.cache/selenium/geckodriver/linux64/0.36.0/geckodriver
2025-11-02 16:19:45 [http-nio-auto-1-exec-1] INFO  o.a.c.c.C.[Tomcat].[localhost].[/] - Initializing Spring DispatcherServlet 'dispatcherServlet'
2025-11-02 16:19:47 [http-nio-auto-1-exec-7] INFO  u.d.tqs.hw1.service.BookingService - Creating new booking for Maria Silva in Aveiro on 2025-11-04 at slot 0
2025-11-02 16:19:47 [http-nio-auto-1-exec-7] INFO  u.d.tqs.hw1.service.BookingService - Booking created successfully with token: 2b443d9f for Maria Silva
2025-11-02 16:19:48 [http-nio-auto-1-exec-1] INFO  u.d.tqs.hw1.service.BookingService - Creating new booking for Maria Silva in Ílhavo on 2025-11-04 at slot 0
2025-11-02 16:19:48 [http-nio-auto-1-exec-1] INFO  u.d.tqs.hw1.service.BookingService - Booking created successfully with token: ab3eeb01 for Maria Silva
2025-11-02 16:19:48 [main] INFO  i.g.bonigarcia.wdm.WebDriverManager - Using geckodriver 0.36.0 (resolved driver for Firefox 144)
2025-11-02 16:19:48 [main] INFO  i.g.bonigarcia.wdm.WebDriverManager - Exporting webdriver.gecko.driver as /home/duarte/.cache/selenium/geckodriver/linux64/0.36.0/geckodriver
2025-11-02 16:20:01 [http-nio-auto-1-exec-9] INFO  u.d.tqs.hw1.service.BookingService - Updating booking 562 status to ASSIGNED
2025-11-02 16:20:01 [http-nio-auto-1-exec-9] INFO  u.d.tqs.hw1.service.BookingService - Booking 562 status changed from RECEIVED to ASSIGNED for citizen Maria Silva
2025-11-02 16:20:02 [main] INFO  i.g.bonigarcia.wdm.WebDriverManager - Using geckodriver 0.36.0 (resolved driver for Firefox 144)
2025-11-02 16:20:02 [main] INFO  i.g.bonigarcia.wdm.WebDriverManager - Exporting webdriver.gecko.driver as /home/duarte/.cache/selenium/geckodriver/linux64/0.36.0/geckodriver
2025-11-02 16:20:04 [main] INFO  i.g.bonigarcia.wdm.WebDriverManager - Using geckodriver 0.36.0 (resolved driver for Firefox 144)
2025-11-02 16:20:04 [main] INFO  i.g.bonigarcia.wdm.WebDriverManager - Exporting webdriver.gecko.driver as /home/duarte/.cache/selenium/geckodriver/linux64/0.36.0/geckodriver
2025-11-02 16:20:06 [http-nio-auto-1-exec-4] INFO  u.d.tqs.hw1.service.BookingService - Updating booking 563 status to CANCELLED
2025-11-02 16:20:06 [http-nio-auto-1-exec-4] INFO  u.d.tqs.hw1.service.BookingService - Booking 563 status changed from RECEIVED to CANCELLED for citizen Maria Silva
2025-11-02 16:20:06 [http-nio-auto-1-exec-4] INFO  u.d.tqs.hw1.service.BookingService - Time slot 09:00 on 2025-11-04 for Ílhavo is now available (booking 563 cancelled)
2025-11-02 16:20:18 [main] INFO  u.d.tqs.hw1.service.BookingService - BookingService initialized
2025-11-02 16:20:18 [main] INFO  u.d.tqs.hw1.service.BookingService - BookingService initialized
2025-11-02 16:20:18 [main] INFO  u.d.tqs.hw1.service.BookingService - BookingService initialized
2025-11-02 16:20:18 [main] WARN  u.d.tqs.hw1.service.BookingService - Attempted to delete non-existent booking with ID: 99
2025-11-02 16:20:18 [main] INFO  u.d.tqs.hw1.service.BookingService - BookingService initialized
2025-11-02 16:20:18 [main] INFO  u.d.tqs.hw1.service.BookingService - Updating booking 1 status to IN_PROGRESS
2025-11-02 16:20:18 [main] INFO  u.d.tqs.hw1.service.BookingService - Booking 1 status changed from RECEIVED to IN_PROGRESS for citizen John Doe
2025-11-02 16:20:18 [main] INFO  u.d.tqs.hw1.service.BookingService - BookingService initialized
2025-11-02 16:20:18 [main] INFO  u.d.tqs.hw1.service.BookingService - BookingService initialized
2025-11-02 16:20:18 [main] INFO  u.d.tqs.hw1.service.BookingService - Creating new booking for John Doe in Aveiro on 2025-11-03 at slot 2
2025-11-02 16:20:18 [main] WARN  u.d.tqs.hw1.service.BookingService - Booking creation failed: Time slot 2 on 2025-11-03 already occupied in Aveiro
2025-11-02 16:20:18 [main] INFO  u.d.tqs.hw1.service.BookingService - BookingService initialized
2025-11-02 16:20:18 [main] INFO  u.d.tqs.hw1.service.BookingService - BookingService initialized
2025-11-02 16:20:18 [main] INFO  u.d.tqs.hw1.service.BookingService - Creating new booking for John Doe in Aveiro on 2025-11-01 at slot 2
2025-11-02 16:20:18 [main] WARN  u.d.tqs.hw1.service.BookingService - Booking creation failed: Invalid date 2025-11-01 for John Doe
2025-11-02 16:20:18 [main] INFO  u.d.tqs.hw1.service.BookingService - BookingService initialized
2025-11-02 16:20:18 [main] INFO  u.d.tqs.hw1.service.BookingService - BookingService initialized
2025-11-02 16:20:18 [main] INFO  u.d.tqs.hw1.service.BookingService - Updating booking 1 status to CANCELLED
2025-11-02 16:20:18 [main] INFO  u.d.tqs.hw1.service.BookingService - Booking 1 status changed from RECEIVED to CANCELLED for citizen John Doe
2025-11-02 16:20:18 [main] INFO  u.d.tqs.hw1.service.BookingService - Time slot 11:00 on 2025-11-03 for Aveiro is now available (booking null cancelled)
2025-11-02 16:20:18 [main] INFO  u.d.tqs.hw1.service.BookingService - BookingService initialized
2025-11-02 16:20:18 [main] INFO  u.d.tqs.hw1.service.BookingService - BookingService initialized
2025-11-02 16:20:18 [main] INFO  u.d.tqs.hw1.service.BookingService - BookingService initialized
2025-11-02 16:20:18 [main] INFO  u.d.tqs.hw1.service.BookingService - BookingService initialized
2025-11-02 16:20:18 [main] INFO  u.d.tqs.hw1.service.BookingService - BookingService initialized
2025-11-02 16:20:18 [main] INFO  u.d.tqs.hw1.service.BookingService - BookingService initialized
2025-11-02 16:20:18 [main] INFO  u.d.tqs.hw1.service.BookingService - BookingService initialized
2025-11-02 16:20:18 [main] INFO  u.d.tqs.hw1.service.BookingService - BookingService initialized
2025-11-02 16:20:18 [main] INFO  u.d.tqs.hw1.service.BookingService - BookingService initialized
2025-11-02 16:20:18 [main] INFO  u.d.tqs.hw1.service.BookingService - BookingService initialized
2025-11-02 16:20:18 [main] INFO  u.d.tqs.hw1.service.BookingService - BookingService initialized
2025-11-02 16:20:18 [main] INFO  u.d.tqs.hw1.service.BookingService - BookingService initialized
2025-11-02 16:20:18 [main] INFO  u.d.tqs.hw1.service.BookingService - Deleting booking with ID: 1
2025-11-02 16:20:18 [main] INFO  u.d.tqs.hw1.service.BookingService - Booking 1 deleted successfully
2025-11-02 16:20:18 [main] INFO  u.d.tqs.hw1.service.BookingService - BookingService initialized
2025-11-02 16:20:18 [main] INFO  u.d.tqs.hw1.service.BookingService - BookingService initialized
2025-11-02 16:20:18 [main] INFO  u.d.tqs.hw1.service.BookingService - Updating booking 99 status to COMPLETED
2025-11-02 16:20:18 [main] WARN  u.d.tqs.hw1.service.BookingService - Attempted to update non-existent booking with ID: 99
2025-11-02 16:20:18 [main] INFO  u.d.tqs.hw1.service.BookingService - BookingService initialized
2025-11-02 16:20:18 [main] INFO  u.d.tqs.hw1.service.BookingService - BookingService initialized
2025-11-02 16:20:18 [main] INFO  u.d.tqs.hw1.service.BookingService - BookingService initialized
2025-11-02 16:20:18 [main] INFO  u.d.tqs.hw1.service.BookingService - Creating new booking for John Doe in Aveiro on 2025-11-03 at slot 2
2025-11-02 16:20:18 [main] INFO  u.d.tqs.hw1.service.BookingService - Booking created successfully with token: 2e4cde3a for John Doe
2025-11-02 16:20:18 [main] ERROR u.d.t.h.service.MunicipalityService - Failed to load municipalities: API is down
org.springframework.web.client.RestClientException: API is down
	at org.springframework.web.client.RestTemplate.exchange(RestTemplate.java:709)
	at ua.deti.tqs.hw1.service.MunicipalityService.getMunicipalities(MunicipalityService.java:26)
	at ua.deti.tqs.hw1.service.MunicipalityServiceTest.whenApiFails_thenReturnFallbackList(MunicipalityServiceTest.java:85)
	at java.base/jdk.internal.reflect.DirectMethodHandleAccessor.invoke(DirectMethodHandleAccessor.java:103)
	at java.base/java.lang.reflect.Method.invoke(Method.java:580)
	at org.junit.platform.commons.util.ReflectionUtils.invokeMethod(ReflectionUtils.java:775)
	at org.junit.platform.commons.support.ReflectionSupport.invokeMethod(ReflectionSupport.java:479)
	at org.junit.jupiter.engine.execution.MethodInvocation.proceed(MethodInvocation.java:60)
	at org.junit.jupiter.engine.execution.InvocationInterceptorChain$ValidatingInvocation.proceed(InvocationInterceptorChain.java:131)
	at org.junit.jupiter.engine.extension.TimeoutExtension.intercept(TimeoutExtension.java:161)
	at org.junit.jupiter.engine.extension.TimeoutExtension.interceptTestableMethod(TimeoutExtension.java:152)
	at org.junit.jupiter.engine.extension.TimeoutExtension.interceptTestMethod(TimeoutExtension.java:91)
	at org.junit.jupiter.engine.execution.InterceptingExecutableInvoker$ReflectiveInterceptorCall.lambda$ofVoidMethod$0(InterceptingExecutableInvoker.java:112)
	at org.junit.jupiter.engine.execution.InterceptingExecutableInvoker.lambda$invoke$0(InterceptingExecutableInvoker.java:94)
	at org.junit.jupiter.engine.execution.InvocationInterceptorChain$InterceptedInvocation.proceed(InvocationInterceptorChain.java:106)
	at org.junit.jupiter.engine.execution.InvocationInterceptorChain.proceed(InvocationInterceptorChain.java:64)
	at org.junit.jupiter.engine.execution.InvocationInterceptorChain.chainAndInvoke(InvocationInterceptorChain.java:45)
	at org.junit.jupiter.engine.execution.InvocationInterceptorChain.invoke(InvocationInterceptorChain.java:37)
	at org.junit.jupiter.engine.execution.InterceptingExecutableInvoker.invoke(InterceptingExecutableInvoker.java:93)
	at org.junit.jupiter.engine.execution.InterceptingExecutableInvoker.invoke(InterceptingExecutableInvoker.java:87)
	at org.junit.jupiter.engine.descriptor.TestMethodTestDescriptor.lambda$invokeTestMethod$7(TestMethodTestDescriptor.java:216)
	at org.junit.platform.engine.support.hierarchical.ThrowableCollector.execute(ThrowableCollector.java:73)
	at org.junit.jupiter.engine.descriptor.TestMethodTestDescriptor.invokeTestMethod(TestMethodTestDescriptor.java:212)
	at org.junit.jupiter.engine.descriptor.TestMethodTestDescriptor.execute(TestMethodTestDescriptor.java:137)
	at org.junit.jupiter.engine.descriptor.TestMethodTestDescriptor.execute(TestMethodTestDescriptor.java:69)
	at org.junit.platform.engine.support.hierarchical.NodeTestTask.lambda$executeRecursively$6(NodeTestTask.java:156)
	at org.junit.platform.engine.support.hierarchical.ThrowableCollector.execute(ThrowableCollector.java:73)
	at org.junit.platform.engine.support.hierarchical.NodeTestTask.lambda$executeRecursively$8(NodeTestTask.java:146)
	at org.junit.platform.engine.support.hierarchical.Node.around(Node.java:137)
	at org.junit.platform.engine.support.hierarchical.NodeTestTask.lambda$executeRecursively$9(NodeTestTask.java:144)
	at org.junit.platform.engine.support.hierarchical.ThrowableCollector.execute(ThrowableCollector.java:73)
	at org.junit.platform.engine.support.hierarchical.NodeTestTask.executeRecursively(NodeTestTask.java:143)
	at org.junit.platform.engine.support.hierarchical.NodeTestTask.execute(NodeTestTask.java:100)
	at java.base/java.util.ArrayList.forEach(ArrayList.java:1596)
	at org.junit.platform.engine.support.hierarchical.SameThreadHierarchicalTestExecutorService.invokeAll(SameThreadHierarchicalTestExecutorService.java:41)
	at org.junit.platform.engine.support.hierarchical.NodeTestTask.lambda$executeRecursively$6(NodeTestTask.java:160)
	at org.junit.platform.engine.support.hierarchical.ThrowableCollector.execute(ThrowableCollector.java:73)
	at org.junit.platform.engine.support.hierarchical.NodeTestTask.lambda$executeRecursively$8(NodeTestTask.java:146)
	at org.junit.platform.engine.support.hierarchical.Node.around(Node.java:137)
	at org.junit.platform.engine.support.hierarchical.NodeTestTask.lambda$executeRecursively$9(NodeTestTask.java:144)
	at org.junit.platform.engine.support.hierarchical.ThrowableCollector.execute(ThrowableCollector.java:73)
	at org.junit.platform.engine.support.hierarchical.NodeTestTask.executeRecursively(NodeTestTask.java:143)
	at org.junit.platform.engine.support.hierarchical.NodeTestTask.execute(NodeTestTask.java:100)
	at java.base/java.util.ArrayList.forEach(ArrayList.java:1596)
	at org.junit.platform.engine.support.hierarchical.SameThreadHierarchicalTestExecutorService.invokeAll(SameThreadHierarchicalTestExecutorService.java:41)
	at org.junit.platform.engine.support.hierarchical.NodeTestTask.lambda$executeRecursively$6(NodeTestTask.java:160)
	at org.junit.platform.engine.support.hierarchical.ThrowableCollector.execute(ThrowableCollector.java:73)
	at org.junit.platform.engine.support.hierarchical.NodeTestTask.lambda$executeRecursively$8(NodeTestTask.java:146)
	at org.junit.platform.engine.support.hierarchical.Node.around(Node.java:137)
	at org.junit.platform.engine.support.hierarchical.NodeTestTask.lambda$executeRecursively$9(NodeTestTask.java:144)
	at org.junit.platform.engine.support.hierarchical.ThrowableCollector.execute(ThrowableCollector.java:73)
	at org.junit.platform.engine.support.hierarchical.NodeTestTask.executeRecursively(NodeTestTask.java:143)
	at org.junit.platform.engine.support.hierarchical.NodeTestTask.execute(NodeTestTask.java:100)
	at org.junit.platform.engine.support.hierarchical.SameThreadHierarchicalTestExecutorService.submit(SameThreadHierarchicalTestExecutorService.java:35)
	at org.junit.platform.engine.support.hierarchical.HierarchicalTestExecutor.execute(HierarchicalTestExecutor.java:57)
	at org.junit.platform.engine.support.hierarchical.HierarchicalTestEngine.execute(HierarchicalTestEngine.java:54)
	at org.junit.platform.launcher.core.EngineExecutionOrchestrator.execute(EngineExecutionOrchestrator.java:201)
	at org.junit.platform.launcher.core.EngineExecutionOrchestrator.execute(EngineExecutionOrchestrator.java:170)
	at org.junit.platform.launcher.core.EngineExecutionOrchestrator.execute(EngineExecutionOrchestrator.java:94)
	at org.junit.platform.launcher.core.EngineExecutionOrchestrator.lambda$execute$0(EngineExecutionOrchestrator.java:59)
	at org.junit.platform.launcher.core.EngineExecutionOrchestrator.withInterceptedStreams(EngineExecutionOrchestrator.java:142)
	at org.junit.platform.launcher.core.EngineExecutionOrchestrator.execute(EngineExecutionOrchestrator.java:58)
	at org.junit.platform.launcher.core.DefaultLauncher.execute(DefaultLauncher.java:103)
	at org.junit.platform.launcher.core.DefaultLauncher.execute(DefaultLauncher.java:85)
	at org.junit.platform.launcher.core.DelegatingLauncher.execute(DelegatingLauncher.java:47)
	at org.junit.platform.launcher.core.InterceptingLauncher.lambda$execute$1(InterceptingLauncher.java:39)
	at org.junit.platform.launcher.core.ClasspathAlignmentCheckingLauncherInterceptor.intercept(ClasspathAlignmentCheckingLauncherInterceptor.java:25)
	at org.junit.platform.launcher.core.InterceptingLauncher.execute(InterceptingLauncher.java:38)
	at org.junit.platform.launcher.core.DelegatingLauncher.execute(DelegatingLauncher.java:47)
	at org.apache.maven.surefire.junitplatform.LauncherAdapter.executeWithoutCancellationToken(LauncherAdapter.java:60)
	at org.apache.maven.surefire.junitplatform.LauncherAdapter.execute(LauncherAdapter.java:52)
	at org.apache.maven.surefire.junitplatform.JUnitPlatformProvider.execute(JUnitPlatformProvider.java:203)
	at org.apache.maven.surefire.junitplatform.JUnitPlatformProvider.invokeAllTests(JUnitPlatformProvider.java:168)
	at org.apache.maven.surefire.junitplatform.JUnitPlatformProvider.invoke(JUnitPlatformProvider.java:136)
	at org.apache.maven.surefire.booter.ForkedBooter.runSuitesInProcess(ForkedBooter.java:385)
	at org.apache.maven.surefire.booter.ForkedBooter.execute(ForkedBooter.java:162)
	at org.apache.maven.surefire.booter.ForkedBooter.run(ForkedBooter.java:507)
	at org.apache.maven.surefire.booter.ForkedBooter.main(ForkedBooter.java:495)
2025-11-02 16:20:18 [main] WARN  u.d.t.h.service.MunicipalityService - API returned null or empty response
2025-11-02 16:20:18 [main] INFO  u.d.tqs.hw1.service.BookingService - BookingService initialized
2025-11-02 16:20:18 [main] INFO  u.d.tqs.hw1.service.BookingService - Updating booking 0 status to IN_PROGRESS
2025-11-02 16:20:18 [main] INFO  u.d.tqs.hw1.service.BookingService - Booking 0 status changed from RECEIVED to IN_PROGRESS for citizen Test Person
2025-11-02 16:20:18 [main] INFO  u.d.tqs.hw1.service.BookingService - Updating booking 1 status to IN_PROGRESS
2025-11-02 16:20:18 [main] INFO  u.d.tqs.hw1.service.BookingService - Booking 1 status changed from RECEIVED to IN_PROGRESS for citizen Test Person
2025-11-02 16:20:18 [main] INFO  u.d.tqs.hw1.service.BookingService - Updating booking 2 status to IN_PROGRESS
2025-11-02 16:20:18 [main] INFO  u.d.tqs.hw1.service.BookingService - Booking 2 status changed from RECEIVED to IN_PROGRESS for citizen Test Person
2025-11-02 16:20:18 [main] INFO  u.d.tqs.hw1.service.BookingService - Updating booking 3 status to IN_PROGRESS
2025-11-02 16:20:18 [main] INFO  u.d.tqs.hw1.service.BookingService - Booking 3 status changed from RECEIVED to IN_PROGRESS for citizen Test Person
2025-11-02 16:20:18 [main] INFO  u.d.tqs.hw1.service.BookingService - Updating booking 4 status to IN_PROGRESS
2025-11-02 16:20:18 [main] INFO  u.d.tqs.hw1.service.BookingService - Booking 4 status changed from RECEIVED to IN_PROGRESS for citizen Test Person
2025-11-02 16:20:18 [main] INFO  u.d.tqs.hw1.service.BookingService - Updating booking 5 status to IN_PROGRESS
2025-11-02 16:20:18 [main] INFO  u.d.tqs.hw1.service.BookingService - Booking 5 status changed from RECEIVED to IN_PROGRESS for citizen Test Person
2025-11-02 16:20:18 [main] INFO  u.d.tqs.hw1.service.BookingService - Updating booking 6 status to IN_PROGRESS
2025-11-02 16:20:18 [main] INFO  u.d.tqs.hw1.service.BookingService - Booking 6 status changed from RECEIVED to IN_PROGRESS for citizen Test Person
2025-11-02 16:20:18 [main] INFO  u.d.tqs.hw1.service.BookingService - Updating booking 7 status to IN_PROGRESS
2025-11-02 16:20:18 [main] INFO  u.d.tqs.hw1.service.BookingService - Booking 7 status changed from RECEIVED to IN_PROGRESS for citizen Test Person
2025-11-02 16:20:18 [main] INFO  u.d.tqs.hw1.service.BookingService - Updating booking 8 status to IN_PROGRESS
2025-11-02 16:20:18 [main] INFO  u.d.tqs.hw1.service.BookingService - Booking 8 status changed from RECEIVED to IN_PROGRESS for citizen Test Person
2025-11-02 16:20:18 [main] INFO  u.d.tqs.hw1.service.BookingService - Updating booking 9 status to IN_PROGRESS
2025-11-02 16:20:18 [main] INFO  u.d.tqs.hw1.service.BookingService - Booking 9 status changed from RECEIVED to IN_PROGRESS for citizen Test Person
2025-11-02 16:20:18 [main] INFO  u.d.tqs.hw1.service.BookingService - Updating booking 10 status to IN_PROGRESS
2025-11-02 16:20:18 [main] INFO  u.d.tqs.hw1.service.BookingService - Booking 10 status changed from RECEIVED to IN_PROGRESS for citizen Test Person
2025-11-02 16:20:18 [main] INFO  u.d.tqs.hw1.service.BookingService - Updating booking 11 status to IN_PROGRESS
2025-11-02 16:20:18 [main] INFO  u.d.tqs.hw1.service.BookingService - Booking 11 status changed from RECEIVED to IN_PROGRESS for citizen Test Person
2025-11-02 16:20:18 [main] INFO  u.d.tqs.hw1.service.BookingService - Updating booking 12 status to IN_PROGRESS
2025-11-02 16:20:18 [main] INFO  u.d.tqs.hw1.service.BookingService - Booking 12 status changed from RECEIVED to IN_PROGRESS for citizen Test Person
2025-11-02 16:20:18 [main] INFO  u.d.tqs.hw1.service.BookingService - Updating booking 13 status to IN_PROGRESS
2025-11-02 16:20:18 [main] INFO  u.d.tqs.hw1.service.BookingService - Booking 13 status changed from RECEIVED to IN_PROGRESS for citizen Test Person
2025-11-02 16:20:18 [main] INFO  u.d.tqs.hw1.service.BookingService - Updating booking 14 status to IN_PROGRESS
2025-11-02 16:20:18 [main] INFO  u.d.tqs.hw1.service.BookingService - Booking 14 status changed from RECEIVED to IN_PROGRESS for citizen Test Person
2025-11-02 16:20:18 [main] INFO  u.d.tqs.hw1.service.BookingService - Updating booking 15 status to IN_PROGRESS
2025-11-02 16:20:18 [main] INFO  u.d.tqs.hw1.service.BookingService - Booking 15 status changed from RECEIVED to IN_PROGRESS for citizen Test Person
2025-11-02 16:20:18 [main] INFO  u.d.tqs.hw1.service.BookingService - Updating booking 16 status to IN_PROGRESS
2025-11-02 16:20:18 [main] INFO  u.d.tqs.hw1.service.BookingService - Booking 16 status changed from RECEIVED to IN_PROGRESS for citizen Test Person
2025-11-02 16:20:18 [main] INFO  u.d.tqs.hw1.service.BookingService - Updating booking 17 status to IN_PROGRESS
2025-11-02 16:20:18 [main] INFO  u.d.tqs.hw1.service.BookingService - Booking 17 status changed from RECEIVED to IN_PROGRESS for citizen Test Person
2025-11-02 16:20:18 [main] INFO  u.d.tqs.hw1.service.BookingService - Updating booking 18 status to IN_PROGRESS
2025-11-02 16:20:18 [main] INFO  u.d.tqs.hw1.service.BookingService - Booking 18 status changed from RECEIVED to IN_PROGRESS for citizen Test Person
2025-11-02 16:20:18 [main] INFO  u.d.tqs.hw1.service.BookingService - Updating booking 19 status to IN_PROGRESS
2025-11-02 16:20:18 [main] INFO  u.d.tqs.hw1.service.BookingService - Booking 19 status changed from RECEIVED to IN_PROGRESS for citizen Test Person
2025-11-02 16:20:18 [main] INFO  u.d.tqs.hw1.service.BookingService - Updating booking 20 status to IN_PROGRESS
2025-11-02 16:20:18 [main] INFO  u.d.tqs.hw1.service.BookingService - Booking 20 status changed from RECEIVED to IN_PROGRESS for citizen Test Person
2025-11-02 16:20:18 [main] INFO  u.d.tqs.hw1.service.BookingService - Updating booking 21 status to IN_PROGRESS
2025-11-02 16:20:18 [main] INFO  u.d.tqs.hw1.service.BookingService - Booking 21 status changed from RECEIVED to IN_PROGRESS for citizen Test Person
2025-11-02 16:20:18 [main] INFO  u.d.tqs.hw1.service.BookingService - Updating booking 22 status to IN_PROGRESS
2025-11-02 16:20:18 [main] INFO  u.d.tqs.hw1.service.BookingService - Booking 22 status changed from RECEIVED to IN_PROGRESS for citizen Test Person
2025-11-02 16:20:18 [main] INFO  u.d.tqs.hw1.service.BookingService - Updating booking 23 status to IN_PROGRESS
2025-11-02 16:20:18 [main] INFO  u.d.tqs.hw1.service.BookingService - Booking 23 status changed from RECEIVED to IN_PROGRESS for citizen Test Person
2025-11-02 16:20:18 [main] INFO  u.d.tqs.hw1.service.BookingService - Updating booking 24 status to IN_PROGRESS
2025-11-02 16:20:18 [main] INFO  u.d.tqs.hw1.service.BookingService - Booking 24 status changed from RECEIVED to IN_PROGRESS for citizen Test Person
2025-11-02 16:20:18 [main] INFO  u.d.tqs.hw1.service.BookingService - Updating booking 25 status to IN_PROGRESS
2025-11-02 16:20:18 [main] INFO  u.d.tqs.hw1.service.BookingService - Booking 25 status changed from RECEIVED to IN_PROGRESS for citizen Test Person
2025-11-02 16:20:18 [main] INFO  u.d.tqs.hw1.service.BookingService - Updating booking 26 status to IN_PROGRESS
2025-11-02 16:20:18 [main] INFO  u.d.tqs.hw1.service.BookingService - Booking 26 status changed from RECEIVED to IN_PROGRESS for citizen Test Person
2025-11-02 16:20:18 [main] INFO  u.d.tqs.hw1.service.BookingService - Updating booking 27 status to IN_PROGRESS
2025-11-02 16:20:18 [main] INFO  u.d.tqs.hw1.service.BookingService - Booking 27 status changed from RECEIVED to IN_PROGRESS for citizen Test Person
2025-11-02 16:20:18 [main] INFO  u.d.tqs.hw1.service.BookingService - Updating booking 28 status to IN_PROGRESS
2025-11-02 16:20:18 [main] INFO  u.d.tqs.hw1.service.BookingService - Booking 28 status changed from RECEIVED to IN_PROGRESS for citizen Test Person
2025-11-02 16:20:18 [main] INFO  u.d.tqs.hw1.service.BookingService - Updating booking 29 status to IN_PROGRESS
2025-11-02 16:20:18 [main] INFO  u.d.tqs.hw1.service.BookingService - Booking 29 status changed from RECEIVED to IN_PROGRESS for citizen Test Person
2025-11-02 16:20:18 [main] INFO  u.d.tqs.hw1.service.BookingService - Updating booking 30 status to IN_PROGRESS
2025-11-02 16:20:18 [main] INFO  u.d.tqs.hw1.service.BookingService - Booking 30 status changed from RECEIVED to IN_PROGRESS for citizen Test Person
2025-11-02 16:20:18 [main] INFO  u.d.tqs.hw1.service.BookingService - Updating booking 31 status to IN_PROGRESS
2025-11-02 16:20:18 [main] INFO  u.d.tqs.hw1.service.BookingService - Booking 31 status changed from RECEIVED to IN_PROGRESS for citizen Test Person
2025-11-02 16:20:18 [main] INFO  u.d.tqs.hw1.service.BookingService - Updating booking 32 status to IN_PROGRESS
2025-11-02 16:20:18 [main] INFO  u.d.tqs.hw1.service.BookingService - Booking 32 status changed from RECEIVED to IN_PROGRESS for citizen Test Person
2025-11-02 16:20:18 [main] INFO  u.d.tqs.hw1.service.BookingService - Updating booking 33 status to IN_PROGRESS
2025-11-02 16:20:18 [main] INFO  u.d.tqs.hw1.service.BookingService - Booking 33 status changed from RECEIVED to IN_PROGRESS for citizen Test Person
2025-11-02 16:20:18 [main] INFO  u.d.tqs.hw1.service.BookingService - Updating booking 34 status to IN_PROGRESS
2025-11-02 16:20:18 [main] INFO  u.d.tqs.hw1.service.BookingService - Booking 34 status changed from RECEIVED to IN_PROGRESS for citizen Test Person
2025-11-02 16:20:18 [main] INFO  u.d.tqs.hw1.service.BookingService - Updating booking 35 status to IN_PROGRESS
2025-11-02 16:20:18 [main] INFO  u.d.tqs.hw1.service.BookingService - Booking 35 status changed from RECEIVED to IN_PROGRESS for citizen Test Person
2025-11-02 16:20:18 [main] INFO  u.d.tqs.hw1.service.BookingService - Updating booking 36 status to IN_PROGRESS
2025-11-02 16:20:18 [main] INFO  u.d.tqs.hw1.service.BookingService - Booking 36 status changed from RECEIVED to IN_PROGRESS for citizen Test Person
2025-11-02 16:20:18 [main] INFO  u.d.tqs.hw1.service.BookingService - Updating booking 37 status to IN_PROGRESS
2025-11-02 16:20:18 [main] INFO  u.d.tqs.hw1.service.BookingService - Booking 37 status changed from RECEIVED to IN_PROGRESS for citizen Test Person
2025-11-02 16:20:18 [main] INFO  u.d.tqs.hw1.service.BookingService - Updating booking 38 status to IN_PROGRESS
2025-11-02 16:20:18 [main] INFO  u.d.tqs.hw1.service.BookingService - Booking 38 status changed from RECEIVED to IN_PROGRESS for citizen Test Person
2025-11-02 16:20:18 [main] INFO  u.d.tqs.hw1.service.BookingService - Updating booking 39 status to IN_PROGRESS
2025-11-02 16:20:18 [main] INFO  u.d.tqs.hw1.service.BookingService - Booking 39 status changed from RECEIVED to IN_PROGRESS for citizen Test Person
2025-11-02 16:20:18 [main] INFO  u.d.tqs.hw1.service.BookingService - Updating booking 40 status to IN_PROGRESS
2025-11-02 16:20:18 [main] INFO  u.d.tqs.hw1.service.BookingService - Booking 40 status changed from RECEIVED to IN_PROGRESS for citizen Test Person
2025-11-02 16:20:18 [main] INFO  u.d.tqs.hw1.service.BookingService - Updating booking 41 status to IN_PROGRESS
2025-11-02 16:20:18 [main] INFO  u.d.tqs.hw1.service.BookingService - Booking 41 status changed from RECEIVED to IN_PROGRESS for citizen Test Person
2025-11-02 16:20:18 [main] INFO  u.d.tqs.hw1.service.BookingService - Updating booking 42 status to IN_PROGRESS
2025-11-02 16:20:18 [main] INFO  u.d.tqs.hw1.service.BookingService - Booking 42 status changed from RECEIVED to IN_PROGRESS for citizen Test Person
2025-11-02 16:20:18 [main] INFO  u.d.tqs.hw1.service.BookingService - Updating booking 43 status to IN_PROGRESS
2025-11-02 16:20:18 [main] INFO  u.d.tqs.hw1.service.BookingService - Booking 43 status changed from RECEIVED to IN_PROGRESS for citizen Test Person
2025-11-02 16:20:18 [main] INFO  u.d.tqs.hw1.service.BookingService - Updating booking 44 status to IN_PROGRESS
2025-11-02 16:20:18 [main] INFO  u.d.tqs.hw1.service.BookingService - Booking 44 status changed from RECEIVED to IN_PROGRESS for citizen Test Person
2025-11-02 16:20:18 [main] INFO  u.d.tqs.hw1.service.BookingService - Updating booking 45 status to IN_PROGRESS
2025-11-02 16:20:18 [main] INFO  u.d.tqs.hw1.service.BookingService - Booking 45 status changed from RECEIVED to IN_PROGRESS for citizen Test Person
2025-11-02 16:20:18 [main] INFO  u.d.tqs.hw1.service.BookingService - Updating booking 46 status to IN_PROGRESS
2025-11-02 16:20:18 [main] INFO  u.d.tqs.hw1.service.BookingService - Booking 46 status changed from RECEIVED to IN_PROGRESS for citizen Test Person
2025-11-02 16:20:18 [main] INFO  u.d.tqs.hw1.service.BookingService - Updating booking 47 status to IN_PROGRESS
2025-11-02 16:20:18 [main] INFO  u.d.tqs.hw1.service.BookingService - Booking 47 status changed from RECEIVED to IN_PROGRESS for citizen Test Person
2025-11-02 16:20:18 [main] INFO  u.d.tqs.hw1.service.BookingService - Updating booking 48 status to IN_PROGRESS
2025-11-02 16:20:18 [main] INFO  u.d.tqs.hw1.service.BookingService - Booking 48 status changed from RECEIVED to IN_PROGRESS for citizen Test Person
2025-11-02 16:20:18 [main] INFO  u.d.tqs.hw1.service.BookingService - Updating booking 49 status to IN_PROGRESS
2025-11-02 16:20:18 [main] INFO  u.d.tqs.hw1.service.BookingService - Booking 49 status changed from RECEIVED to IN_PROGRESS for citizen Test Person
2025-11-02 16:20:18 [main] INFO  u.d.tqs.hw1.service.BookingService - BookingService initialized
2025-11-02 16:20:18 [main] INFO  u.d.tqs.hw1.service.BookingService - BookingService initialized
2025-11-02 16:20:18 [main] INFO  u.d.tqs.hw1.service.BookingService - BookingService initialized
2025-11-02 16:20:18 [main] INFO  u.d.tqs.hw1.service.BookingService - BookingService initialized
2025-11-02 16:20:18 [main] INFO  u.d.tqs.hw1.service.BookingService - BookingService initialized
2025-11-02 16:20:18 [main] INFO  u.d.tqs.hw1.service.BookingService - Creating new booking for John Doe in Aveiro on 2025-11-03 at slot 0
2025-11-02 16:20:18 [main] INFO  u.d.tqs.hw1.service.BookingService - Booking created successfully with token: 15ef85bd for John Doe
2025-11-02 16:20:18 [main] INFO  u.d.tqs.hw1.service.BookingService - Creating new booking for John Doe in Aveiro on 2025-11-03 at slot 1
2025-11-02 16:20:18 [main] INFO  u.d.tqs.hw1.service.BookingService - Booking created successfully with token: 15ef85bd for John Doe
2025-11-02 16:20:18 [main] INFO  u.d.tqs.hw1.service.BookingService - Creating new booking for John Doe in Aveiro on 2025-11-03 at slot 2
2025-11-02 16:20:18 [main] INFO  u.d.tqs.hw1.service.BookingService - Booking created successfully with token: 15ef85bd for John Doe
2025-11-02 16:20:18 [main] INFO  u.d.tqs.hw1.service.BookingService - Creating new booking for John Doe in Aveiro on 2025-11-03 at slot 3
2025-11-02 16:20:18 [main] INFO  u.d.tqs.hw1.service.BookingService - Booking created successfully with token: 15ef85bd for John Doe
2025-11-02 16:20:18 [main] INFO  u.d.tqs.hw1.service.BookingService - Creating new booking for John Doe in Aveiro on 2025-11-03 at slot 4
2025-11-02 16:20:18 [main] INFO  u.d.tqs.hw1.service.BookingService - Booking created successfully with token: 15ef85bd for John Doe
2025-11-02 16:20:18 [main] INFO  u.d.tqs.hw1.service.BookingService - Creating new booking for John Doe in Aveiro on 2025-11-03 at slot 5
2025-11-02 16:20:18 [main] INFO  u.d.tqs.hw1.service.BookingService - Booking created successfully with token: 15ef85bd for John Doe
2025-11-02 16:20:18 [main] INFO  u.d.tqs.hw1.service.BookingService - Creating new booking for John Doe in Aveiro on 2025-11-03 at slot 6
2025-11-02 16:20:18 [main] INFO  u.d.tqs.hw1.service.BookingService - Booking created successfully with token: 15ef85bd for John Doe
2025-11-02 16:20:18 [main] INFO  u.d.tqs.hw1.service.BookingService - Creating new booking for John Doe in Aveiro on 2025-11-03 at slot 7
2025-11-02 16:20:18 [main] INFO  u.d.tqs.hw1.service.BookingService - Booking created successfully with token: 15ef85bd for John Doe
2025-11-02 16:20:18 [main] INFO  u.d.tqs.hw1.service.BookingService - Creating new booking for John Doe in Aveiro on 2025-11-03 at slot 8
2025-11-02 16:20:18 [main] INFO  u.d.tqs.hw1.service.BookingService - Booking created successfully with token: 15ef85bd for John Doe
2025-11-02 16:20:18 [main] INFO  u.d.tqs.hw1.service.BookingService - Creating new booking for John Doe in Aveiro on 2025-11-03 at slot 0
2025-11-02 16:20:18 [main] INFO  u.d.tqs.hw1.service.BookingService - Booking created successfully with token: 15ef85bd for John Doe
2025-11-02 16:20:18 [main] INFO  u.d.tqs.hw1.service.BookingService - Creating new booking for John Doe in Aveiro on 2025-11-03 at slot 1
2025-11-02 16:20:18 [main] INFO  u.d.tqs.hw1.service.BookingService - Booking created successfully with token: 15ef85bd for John Doe
2025-11-02 16:20:18 [main] INFO  u.d.tqs.hw1.service.BookingService - Creating new booking for John Doe in Aveiro on 2025-11-03 at slot 2
2025-11-02 16:20:18 [main] INFO  u.d.tqs.hw1.service.BookingService - Booking created successfully with token: 15ef85bd for John Doe
2025-11-02 16:20:18 [main] INFO  u.d.tqs.hw1.service.BookingService - Creating new booking for John Doe in Aveiro on 2025-11-03 at slot 3
2025-11-02 16:20:18 [main] INFO  u.d.tqs.hw1.service.BookingService - Booking created successfully with token: 15ef85bd for John Doe
2025-11-02 16:20:18 [main] INFO  u.d.tqs.hw1.service.BookingService - Creating new booking for John Doe in Aveiro on 2025-11-03 at slot 4
2025-11-02 16:20:18 [main] INFO  u.d.tqs.hw1.service.BookingService - Booking created successfully with token: 15ef85bd for John Doe
2025-11-02 16:20:18 [main] INFO  u.d.tqs.hw1.service.BookingService - Creating new booking for John Doe in Aveiro on 2025-11-03 at slot 5
2025-11-02 16:20:18 [main] INFO  u.d.tqs.hw1.service.BookingService - Booking created successfully with token: 15ef85bd for John Doe
2025-11-02 16:20:18 [main] INFO  u.d.tqs.hw1.service.BookingService - Creating new booking for John Doe in Aveiro on 2025-11-03 at slot 6
2025-11-02 16:20:18 [main] INFO  u.d.tqs.hw1.service.BookingService - Booking created successfully with token: 15ef85bd for John Doe
2025-11-02 16:20:18 [main] INFO  u.d.tqs.hw1.service.BookingService - Creating new booking for John Doe in Aveiro on 2025-11-03 at slot 7
2025-11-02 16:20:18 [main] INFO  u.d.tqs.hw1.service.BookingService - Booking created successfully with token: 15ef85bd for John Doe
2025-11-02 16:20:18 [main] INFO  u.d.tqs.hw1.service.BookingService - Creating new booking for John Doe in Aveiro on 2025-11-03 at slot 8
2025-11-02 16:20:18 [main] INFO  u.d.tqs.hw1.service.BookingService - Booking created successfully with token: 15ef85bd for John Doe
2025-11-02 16:20:18 [main] INFO  u.d.tqs.hw1.service.BookingService - Creating new booking for John Doe in Aveiro on 2025-11-03 at slot 0
2025-11-02 16:20:18 [main] INFO  u.d.tqs.hw1.service.BookingService - Booking created successfully with token: 15ef85bd for John Doe
2025-11-02 16:20:18 [main] INFO  u.d.tqs.hw1.service.BookingService - Creating new booking for John Doe in Aveiro on 2025-11-03 at slot 1
2025-11-02 16:20:18 [main] INFO  u.d.tqs.hw1.service.BookingService - Booking created successfully with token: 15ef85bd for John Doe
2025-11-02 16:20:18 [main] INFO  u.d.tqs.hw1.service.BookingService - Creating new booking for John Doe in Aveiro on 2025-11-03 at slot 2
2025-11-02 16:20:18 [main] INFO  u.d.tqs.hw1.service.BookingService - Booking created successfully with token: 15ef85bd for John Doe
2025-11-02 16:20:18 [main] INFO  u.d.tqs.hw1.service.BookingService - Creating new booking for John Doe in Aveiro on 2025-11-03 at slot 3
2025-11-02 16:20:18 [main] INFO  u.d.tqs.hw1.service.BookingService - Booking created successfully with token: 15ef85bd for John Doe
2025-11-02 16:20:18 [main] INFO  u.d.tqs.hw1.service.BookingService - Creating new booking for John Doe in Aveiro on 2025-11-03 at slot 4
2025-11-02 16:20:18 [main] INFO  u.d.tqs.hw1.service.BookingService - Booking created successfully with token: 15ef85bd for John Doe
2025-11-02 16:20:18 [main] INFO  u.d.tqs.hw1.service.BookingService - Creating new booking for John Doe in Aveiro on 2025-11-03 at slot 5
2025-11-02 16:20:18 [main] INFO  u.d.tqs.hw1.service.BookingService - Booking created successfully with token: 15ef85bd for John Doe
2025-11-02 16:20:18 [main] INFO  u.d.tqs.hw1.service.BookingService - Creating new booking for John Doe in Aveiro on 2025-11-03 at slot 6
2025-11-02 16:20:18 [main] INFO  u.d.tqs.hw1.service.BookingService - Booking created successfully with token: 15ef85bd for John Doe
2025-11-02 16:20:18 [main] INFO  u.d.tqs.hw1.service.BookingService - Creating new booking for John Doe in Aveiro on 2025-11-03 at slot 7
2025-11-02 16:20:18 [main] INFO  u.d.tqs.hw1.service.BookingService - Booking created successfully with token: 15ef85bd for John Doe
2025-11-02 16:20:18 [main] INFO  u.d.tqs.hw1.service.BookingService - Creating new booking for John Doe in Aveiro on 2025-11-03 at slot 8
2025-11-02 16:20:18 [main] INFO  u.d.tqs.hw1.service.BookingService - Booking created successfully with token: 15ef85bd for John Doe
2025-11-02 16:20:18 [main] INFO  u.d.tqs.hw1.service.BookingService - Creating new booking for John Doe in Aveiro on 2025-11-03 at slot 0
2025-11-02 16:20:18 [main] INFO  u.d.tqs.hw1.service.BookingService - Booking created successfully with token: 15ef85bd for John Doe
2025-11-02 16:20:18 [main] INFO  u.d.tqs.hw1.service.BookingService - Creating new booking for John Doe in Aveiro on 2025-11-03 at slot 1
2025-11-02 16:20:18 [main] INFO  u.d.tqs.hw1.service.BookingService - Booking created successfully with token: 15ef85bd for John Doe
2025-11-02 16:20:18 [main] INFO  u.d.tqs.hw1.service.BookingService - Creating new booking for John Doe in Aveiro on 2025-11-03 at slot 2
2025-11-02 16:20:18 [main] INFO  u.d.tqs.hw1.service.BookingService - Booking created successfully with token: 15ef85bd for John Doe
2025-11-02 16:20:18 [main] INFO  u.d.tqs.hw1.service.BookingService - Creating new booking for John Doe in Aveiro on 2025-11-03 at slot 3
2025-11-02 16:20:18 [main] INFO  u.d.tqs.hw1.service.BookingService - Booking created successfully with token: 15ef85bd for John Doe
2025-11-02 16:20:18 [main] INFO  u.d.tqs.hw1.service.BookingService - Creating new booking for John Doe in Aveiro on 2025-11-03 at slot 4
2025-11-02 16:20:18 [main] INFO  u.d.tqs.hw1.service.BookingService - Booking created successfully with token: 15ef85bd for John Doe
2025-11-02 16:20:18 [main] INFO  u.d.tqs.hw1.service.BookingService - Creating new booking for John Doe in Aveiro on 2025-11-03 at slot 5
2025-11-02 16:20:18 [main] INFO  u.d.tqs.hw1.service.BookingService - Booking created successfully with token: 15ef85bd for John Doe
2025-11-02 16:20:18 [main] INFO  u.d.tqs.hw1.service.BookingService - Creating new booking for John Doe in Aveiro on 2025-11-03 at slot 6
2025-11-02 16:20:18 [main] INFO  u.d.tqs.hw1.service.BookingService - Booking created successfully with token: 15ef85bd for John Doe
2025-11-02 16:20:18 [main] INFO  u.d.tqs.hw1.service.BookingService - Creating new booking for John Doe in Aveiro on 2025-11-03 at slot 7
2025-11-02 16:20:18 [main] INFO  u.d.tqs.hw1.service.BookingService - Booking created successfully with token: 15ef85bd for John Doe
2025-11-02 16:20:18 [main] INFO  u.d.tqs.hw1.service.BookingService - Creating new booking for John Doe in Aveiro on 2025-11-03 at slot 8
2025-11-02 16:20:18 [main] INFO  u.d.tqs.hw1.service.BookingService - Booking created successfully with token: 15ef85bd for John Doe
2025-11-02 16:20:18 [main] INFO  u.d.tqs.hw1.service.BookingService - Creating new booking for John Doe in Aveiro on 2025-11-03 at slot 0
2025-11-02 16:20:18 [main] INFO  u.d.tqs.hw1.service.BookingService - Booking created successfully with token: 15ef85bd for John Doe
2025-11-02 16:20:18 [main] INFO  u.d.tqs.hw1.service.BookingService - Creating new booking for John Doe in Aveiro on 2025-11-03 at slot 1
2025-11-02 16:20:18 [main] INFO  u.d.tqs.hw1.service.BookingService - Booking created successfully with token: 15ef85bd for John Doe
2025-11-02 16:20:18 [main] INFO  u.d.tqs.hw1.service.BookingService - Creating new booking for John Doe in Aveiro on 2025-11-03 at slot 2
2025-11-02 16:20:18 [main] INFO  u.d.tqs.hw1.service.BookingService - Booking created successfully with token: 15ef85bd for John Doe
2025-11-02 16:20:18 [main] INFO  u.d.tqs.hw1.service.BookingService - Creating new booking for John Doe in Aveiro on 2025-11-03 at slot 3
2025-11-02 16:20:18 [main] INFO  u.d.tqs.hw1.service.BookingService - Booking created successfully with token: 15ef85bd for John Doe
2025-11-02 16:20:18 [main] INFO  u.d.tqs.hw1.service.BookingService - Creating new booking for John Doe in Aveiro on 2025-11-03 at slot 4
2025-11-02 16:20:18 [main] INFO  u.d.tqs.hw1.service.BookingService - Booking created successfully with token: 15ef85bd for John Doe
2025-11-02 16:20:18 [main] INFO  u.d.tqs.hw1.service.BookingService - Creating new booking for John Doe in Aveiro on 2025-11-03 at slot 5
2025-11-02 16:20:18 [main] INFO  u.d.tqs.hw1.service.BookingService - Booking created successfully with token: 15ef85bd for John Doe
2025-11-02 16:20:18 [main] INFO  u.d.tqs.hw1.service.BookingService - Creating new booking for John Doe in Aveiro on 2025-11-03 at slot 6
2025-11-02 16:20:18 [main] INFO  u.d.tqs.hw1.service.BookingService - Booking created successfully with token: 15ef85bd for John Doe
2025-11-02 16:20:18 [main] INFO  u.d.tqs.hw1.service.BookingService - Creating new booking for John Doe in Aveiro on 2025-11-03 at slot 7
2025-11-02 16:20:18 [main] INFO  u.d.tqs.hw1.service.BookingService - Booking created successfully with token: 15ef85bd for John Doe
2025-11-02 16:20:18 [main] INFO  u.d.tqs.hw1.service.BookingService - Creating new booking for John Doe in Aveiro on 2025-11-03 at slot 8
2025-11-02 16:20:18 [main] INFO  u.d.tqs.hw1.service.BookingService - Booking created successfully with token: 15ef85bd for John Doe
2025-11-02 16:20:18 [main] INFO  u.d.tqs.hw1.service.BookingService - Creating new booking for John Doe in Aveiro on 2025-11-03 at slot 0
2025-11-02 16:20:18 [main] INFO  u.d.tqs.hw1.service.BookingService - Booking created successfully with token: 15ef85bd for John Doe
2025-11-02 16:20:18 [main] INFO  u.d.tqs.hw1.service.BookingService - Creating new booking for John Doe in Aveiro on 2025-11-03 at slot 1
2025-11-02 16:20:18 [main] INFO  u.d.tqs.hw1.service.BookingService - Booking created successfully with token: 15ef85bd for John Doe
2025-11-02 16:20:18 [main] INFO  u.d.tqs.hw1.service.BookingService - Creating new booking for John Doe in Aveiro on 2025-11-03 at slot 2
2025-11-02 16:20:18 [main] INFO  u.d.tqs.hw1.service.BookingService - Booking created successfully with token: 15ef85bd for John Doe
2025-11-02 16:20:18 [main] INFO  u.d.tqs.hw1.service.BookingService - Creating new booking for John Doe in Aveiro on 2025-11-03 at slot 3
2025-11-02 16:20:18 [main] INFO  u.d.tqs.hw1.service.BookingService - Booking created successfully with token: 15ef85bd for John Doe
2025-11-02 16:20:18 [main] INFO  u.d.tqs.hw1.service.BookingService - Creating new booking for John Doe in Aveiro on 2025-11-03 at slot 4
2025-11-02 16:20:18 [main] INFO  u.d.tqs.hw1.service.BookingService - Booking created successfully with token: 15ef85bd for John Doe
2025-11-02 16:20:18 [main] INFO  u.d.tqs.hw1.service.BookingService - Creating new booking for John Doe in Aveiro on 2025-11-03 at slot 5
2025-11-02 16:20:18 [main] INFO  u.d.tqs.hw1.service.BookingService - Booking created successfully with token: 15ef85bd for John Doe
2025-11-02 16:20:18 [main] INFO  u.d.tqs.hw1.service.BookingService - Creating new booking for John Doe in Aveiro on 2025-11-03 at slot 6
2025-11-02 16:20:18 [main] INFO  u.d.tqs.hw1.service.BookingService - Booking created successfully with token: 15ef85bd for John Doe
2025-11-02 16:20:18 [main] INFO  u.d.tqs.hw1.service.BookingService - Creating new booking for John Doe in Aveiro on 2025-11-03 at slot 7
2025-11-02 16:20:18 [main] INFO  u.d.tqs.hw1.service.BookingService - Booking created successfully with token: 15ef85bd for John Doe
2025-11-02 16:20:18 [main] INFO  u.d.tqs.hw1.service.BookingService - Creating new booking for John Doe in Aveiro on 2025-11-03 at slot 8
2025-11-02 16:20:18 [main] INFO  u.d.tqs.hw1.service.BookingService - Booking created successfully with token: 15ef85bd for John Doe
2025-11-02 16:20:18 [main] INFO  u.d.tqs.hw1.service.BookingService - Creating new booking for John Doe in Aveiro on 2025-11-03 at slot 0
2025-11-02 16:20:18 [main] INFO  u.d.tqs.hw1.service.BookingService - Booking created successfully with token: 15ef85bd for John Doe
2025-11-02 16:20:18 [main] INFO  u.d.tqs.hw1.service.BookingService - Creating new booking for John Doe in Aveiro on 2025-11-03 at slot 1
2025-11-02 16:20:18 [main] INFO  u.d.tqs.hw1.service.BookingService - Booking created successfully with token: 15ef85bd for John Doe
2025-11-02 16:20:18 [main] INFO  u.d.tqs.hw1.service.BookingService - Creating new booking for John Doe in Aveiro on 2025-11-03 at slot 2
2025-11-02 16:20:18 [main] INFO  u.d.tqs.hw1.service.BookingService - Booking created successfully with token: 15ef85bd for John Doe
2025-11-02 16:20:18 [main] INFO  u.d.tqs.hw1.service.BookingService - Creating new booking for John Doe in Aveiro on 2025-11-03 at slot 3
2025-11-02 16:20:18 [main] INFO  u.d.tqs.hw1.service.BookingService - Booking created successfully with token: 15ef85bd for John Doe
2025-11-02 16:20:18 [main] INFO  u.d.tqs.hw1.service.BookingService - Creating new booking for John Doe in Aveiro on 2025-11-03 at slot 4
2025-11-02 16:20:18 [main] INFO  u.d.tqs.hw1.service.BookingService - Booking created successfully with token: 15ef85bd for John Doe
2025-11-02 16:20:18 [main] INFO  u.d.tqs.hw1.service.BookingService - Creating new booking for John Doe in Aveiro on 2025-11-03 at slot 5
2025-11-02 16:20:18 [main] INFO  u.d.tqs.hw1.service.BookingService - Booking created successfully with token: 15ef85bd for John Doe
2025-11-02 16:20:18 [main] INFO  u.d.tqs.hw1.service.BookingService - Creating new booking for John Doe in Aveiro on 2025-11-03 at slot 6
2025-11-02 16:20:18 [main] INFO  u.d.tqs.hw1.service.BookingService - Booking created successfully with token: 15ef85bd for John Doe
2025-11-02 16:20:18 [main] INFO  u.d.tqs.hw1.service.BookingService - Creating new booking for John Doe in Aveiro on 2025-11-03 at slot 7
2025-11-02 16:20:18 [main] INFO  u.d.tqs.hw1.service.BookingService - Booking created successfully with token: 15ef85bd for John Doe
2025-11-02 16:20:18 [main] INFO  u.d.tqs.hw1.service.BookingService - Creating new booking for John Doe in Aveiro on 2025-11-03 at slot 8
2025-11-02 16:20:18 [main] INFO  u.d.tqs.hw1.service.BookingService - Booking created successfully with token: 15ef85bd for John Doe
2025-11-02 16:20:18 [main] INFO  u.d.tqs.hw1.service.BookingService - Creating new booking for John Doe in Aveiro on 2025-11-03 at slot 0
2025-11-02 16:20:18 [main] INFO  u.d.tqs.hw1.service.BookingService - Booking created successfully with token: 15ef85bd for John Doe
2025-11-02 16:20:18 [main] INFO  u.d.tqs.hw1.service.BookingService - Creating new booking for John Doe in Aveiro on 2025-11-03 at slot 1
2025-11-02 16:20:18 [main] INFO  u.d.tqs.hw1.service.BookingService - Booking created successfully with token: 15ef85bd for John Doe
2025-11-02 16:20:18 [main] INFO  u.d.tqs.hw1.service.BookingService - Creating new booking for John Doe in Aveiro on 2025-11-03 at slot 2
2025-11-02 16:20:18 [main] INFO  u.d.tqs.hw1.service.BookingService - Booking created successfully with token: 15ef85bd for John Doe
2025-11-02 16:20:18 [main] INFO  u.d.tqs.hw1.service.BookingService - Creating new booking for John Doe in Aveiro on 2025-11-03 at slot 3
2025-11-02 16:20:18 [main] INFO  u.d.tqs.hw1.service.BookingService - Booking created successfully with token: 15ef85bd for John Doe
2025-11-02 16:20:18 [main] INFO  u.d.tqs.hw1.service.BookingService - Creating new booking for John Doe in Aveiro on 2025-11-03 at slot 4
2025-11-02 16:20:18 [main] INFO  u.d.tqs.hw1.service.BookingService - Booking created successfully with token: 15ef85bd for John Doe
2025-11-02 16:20:18 [main] INFO  u.d.tqs.hw1.service.BookingService - Creating new booking for John Doe in Aveiro on 2025-11-03 at slot 5
2025-11-02 16:20:18 [main] INFO  u.d.tqs.hw1.service.BookingService - Booking created successfully with token: 15ef85bd for John Doe
2025-11-02 16:20:18 [main] INFO  u.d.tqs.hw1.service.BookingService - Creating new booking for John Doe in Aveiro on 2025-11-03 at slot 6
2025-11-02 16:20:18 [main] INFO  u.d.tqs.hw1.service.BookingService - Booking created successfully with token: 15ef85bd for John Doe
2025-11-02 16:20:18 [main] INFO  u.d.tqs.hw1.service.BookingService - Creating new booking for John Doe in Aveiro on 2025-11-03 at slot 7
2025-11-02 16:20:18 [main] INFO  u.d.tqs.hw1.service.BookingService - Booking created successfully with token: 15ef85bd for John Doe
2025-11-02 16:20:18 [main] INFO  u.d.tqs.hw1.service.BookingService - Creating new booking for John Doe in Aveiro on 2025-11-03 at slot 8
2025-11-02 16:20:18 [main] INFO  u.d.tqs.hw1.service.BookingService - Booking created successfully with token: 15ef85bd for John Doe
2025-11-02 16:20:18 [main] INFO  u.d.tqs.hw1.service.BookingService - Creating new booking for John Doe in Aveiro on 2025-11-03 at slot 0
2025-11-02 16:20:18 [main] INFO  u.d.tqs.hw1.service.BookingService - Booking created successfully with token: 15ef85bd for John Doe
2025-11-02 16:20:18 [main] INFO  u.d.tqs.hw1.service.BookingService - Creating new booking for John Doe in Aveiro on 2025-11-03 at slot 1
2025-11-02 16:20:18 [main] INFO  u.d.tqs.hw1.service.BookingService - Booking created successfully with token: 15ef85bd for John Doe
2025-11-02 16:20:18 [main] INFO  u.d.tqs.hw1.service.BookingService - Creating new booking for John Doe in Aveiro on 2025-11-03 at slot 2
2025-11-02 16:20:18 [main] INFO  u.d.tqs.hw1.service.BookingService - Booking created successfully with token: 15ef85bd for John Doe
2025-11-02 16:20:18 [main] INFO  u.d.tqs.hw1.service.BookingService - Creating new booking for John Doe in Aveiro on 2025-11-03 at slot 3
2025-11-02 16:20:18 [main] INFO  u.d.tqs.hw1.service.BookingService - Booking created successfully with token: 15ef85bd for John Doe
2025-11-02 16:20:18 [main] INFO  u.d.tqs.hw1.service.BookingService - Creating new booking for John Doe in Aveiro on 2025-11-03 at slot 4
2025-11-02 16:20:18 [main] INFO  u.d.tqs.hw1.service.BookingService - Booking created successfully with token: 15ef85bd for John Doe
2025-11-02 16:20:18 [main] INFO  u.d.tqs.hw1.service.BookingService - Creating new booking for John Doe in Aveiro on 2025-11-03 at slot 5
2025-11-02 16:20:18 [main] INFO  u.d.tqs.hw1.service.BookingService - Booking created successfully with token: 15ef85bd for John Doe
2025-11-02 16:20:18 [main] INFO  u.d.tqs.hw1.service.BookingService - Creating new booking for John Doe in Aveiro on 2025-11-03 at slot 6
2025-11-02 16:20:18 [main] INFO  u.d.tqs.hw1.service.BookingService - Booking created successfully with token: 15ef85bd for John Doe
2025-11-02 16:20:18 [main] INFO  u.d.tqs.hw1.service.BookingService - Creating new booking for John Doe in Aveiro on 2025-11-03 at slot 7
2025-11-02 16:20:18 [main] INFO  u.d.tqs.hw1.service.BookingService - Booking created successfully with token: 15ef85bd for John Doe
2025-11-02 16:20:18 [main] INFO  u.d.tqs.hw1.service.BookingService - Creating new booking for John Doe in Aveiro on 2025-11-03 at slot 8
2025-11-02 16:20:18 [main] INFO  u.d.tqs.hw1.service.BookingService - Booking created successfully with token: 15ef85bd for John Doe
2025-11-02 16:20:18 [main] INFO  u.d.tqs.hw1.service.BookingService - Creating new booking for John Doe in Aveiro on 2025-11-03 at slot 0
2025-11-02 16:20:18 [main] INFO  u.d.tqs.hw1.service.BookingService - Booking created successfully with token: 15ef85bd for John Doe
2025-11-02 16:20:18 [main] INFO  u.d.tqs.hw1.service.BookingService - Creating new booking for John Doe in Aveiro on 2025-11-03 at slot 1
2025-11-02 16:20:18 [main] INFO  u.d.tqs.hw1.service.BookingService - Booking created successfully with token: 15ef85bd for John Doe
2025-11-02 16:20:18 [main] INFO  u.d.tqs.hw1.service.BookingService - Creating new booking for John Doe in Aveiro on 2025-11-03 at slot 2
2025-11-02 16:20:18 [main] INFO  u.d.tqs.hw1.service.BookingService - Booking created successfully with token: 15ef85bd for John Doe
2025-11-02 16:20:18 [main] INFO  u.d.tqs.hw1.service.BookingService - Creating new booking for John Doe in Aveiro on 2025-11-03 at slot 3
2025-11-02 16:20:18 [main] INFO  u.d.tqs.hw1.service.BookingService - Booking created successfully with token: 15ef85bd for John Doe
2025-11-02 16:20:18 [main] INFO  u.d.tqs.hw1.service.BookingService - Creating new booking for John Doe in Aveiro on 2025-11-03 at slot 4
2025-11-02 16:20:18 [main] INFO  u.d.tqs.hw1.service.BookingService - Booking created successfully with token: 15ef85bd for John Doe
2025-11-02 16:20:18 [main] INFO  u.d.tqs.hw1.service.BookingService - Creating new booking for John Doe in Aveiro on 2025-11-03 at slot 5
2025-11-02 16:20:18 [main] INFO  u.d.tqs.hw1.service.BookingService - Booking created successfully with token: 15ef85bd for John Doe
2025-11-02 16:20:18 [main] INFO  u.d.tqs.hw1.service.BookingService - Creating new booking for John Doe in Aveiro on 2025-11-03 at slot 6
2025-11-02 16:20:18 [main] INFO  u.d.tqs.hw1.service.BookingService - Booking created successfully with token: 15ef85bd for John Doe
2025-11-02 16:20:18 [main] INFO  u.d.tqs.hw1.service.BookingService - Creating new booking for John Doe in Aveiro on 2025-11-03 at slot 7
2025-11-02 16:20:18 [main] INFO  u.d.tqs.hw1.service.BookingService - Booking created successfully with token: 15ef85bd for John Doe
2025-11-02 16:20:18 [main] INFO  u.d.tqs.hw1.service.BookingService - Creating new booking for John Doe in Aveiro on 2025-11-03 at slot 8
2025-11-02 16:20:18 [main] INFO  u.d.tqs.hw1.service.BookingService - Booking created successfully with token: 15ef85bd for John Doe
2025-11-02 16:20:18 [main] INFO  u.d.tqs.hw1.service.BookingService - Creating new booking for John Doe in Aveiro on 2025-11-03 at slot 0
2025-11-02 16:20:18 [main] INFO  u.d.tqs.hw1.service.BookingService - Booking created successfully with token: 15ef85bd for John Doe
2025-11-02 16:20:18 [main] INFO  u.d.tqs.hw1.service.BookingService - Creating new booking for John Doe in Aveiro on 2025-11-03 at slot 1
2025-11-02 16:20:18 [main] INFO  u.d.tqs.hw1.service.BookingService - Booking created successfully with token: 15ef85bd for John Doe
2025-11-02 16:20:18 [main] INFO  u.d.tqs.hw1.service.BookingService - Creating new booking for John Doe in Aveiro on 2025-11-03 at slot 2
2025-11-02 16:20:18 [main] INFO  u.d.tqs.hw1.service.BookingService - Booking created successfully with token: 15ef85bd for John Doe
2025-11-02 16:20:18 [main] INFO  u.d.tqs.hw1.service.BookingService - Creating new booking for John Doe in Aveiro on 2025-11-03 at slot 3
2025-11-02 16:20:18 [main] INFO  u.d.tqs.hw1.service.BookingService - Booking created successfully with token: 15ef85bd for John Doe
2025-11-02 16:20:18 [main] INFO  u.d.tqs.hw1.service.BookingService - Creating new booking for John Doe in Aveiro on 2025-11-03 at slot 4
2025-11-02 16:20:18 [main] INFO  u.d.tqs.hw1.service.BookingService - Booking created successfully with token: 15ef85bd for John Doe
2025-11-02 16:20:18 [main] INFO  u.d.tqs.hw1.service.BookingService - Creating new booking for John Doe in Aveiro on 2025-11-03 at slot 5
2025-11-02 16:20:18 [main] INFO  u.d.tqs.hw1.service.BookingService - Booking created successfully with token: 15ef85bd for John Doe
2025-11-02 16:20:18 [main] INFO  u.d.tqs.hw1.service.BookingService - Creating new booking for John Doe in Aveiro on 2025-11-03 at slot 6
2025-11-02 16:20:18 [main] INFO  u.d.tqs.hw1.service.BookingService - Booking created successfully with token: 15ef85bd for John Doe
2025-11-02 16:20:18 [main] INFO  u.d.tqs.hw1.service.BookingService - Creating new booking for John Doe in Aveiro on 2025-11-03 at slot 7
2025-11-02 16:20:18 [main] INFO  u.d.tqs.hw1.service.BookingService - Booking created successfully with token: 15ef85bd for John Doe
2025-11-02 16:20:18 [main] INFO  u.d.tqs.hw1.service.BookingService - Creating new booking for John Doe in Aveiro on 2025-11-03 at slot 8
2025-11-02 16:20:18 [main] INFO  u.d.tqs.hw1.service.BookingService - Booking created successfully with token: 15ef85bd for John Doe
2025-11-02 16:20:18 [main] INFO  u.d.tqs.hw1.service.BookingService - Creating new booking for John Doe in Aveiro on 2025-11-03 at slot 0
2025-11-02 16:20:18 [main] INFO  u.d.tqs.hw1.service.BookingService - Booking created successfully with token: 15ef85bd for John Doe
2025-11-02 16:20:19 [SpringApplicationShutdownHook] INFO  o.s.o.j.LocalContainerEntityManagerFactoryBean - Closing JPA EntityManagerFactory for persistence unit 'default'
2025-11-02 16:20:19 [SpringApplicationShutdownHook] INFO  com.zaxxer.hikari.HikariDataSource - HikariPool-1 - Shutdown initiated...
2025-11-02 16:20:19 [SpringApplicationShutdownHook] INFO  com.zaxxer.hikari.HikariDataSource - HikariPool-1 - Shutdown completed.
2025-11-02 16:20:19 [SpringApplicationShutdownHook] INFO  o.s.b.w.e.tomcat.GracefulShutdown - Commencing graceful shutdown. Waiting for active requests to complete
2025-11-02 16:20:19 [tomcat-shutdown] INFO  o.s.b.w.e.tomcat.GracefulShutdown - Graceful shutdown complete
2025-11-02 16:20:19 [SpringApplicationShutdownHook] INFO  o.s.o.j.LocalContainerEntityManagerFactoryBean - Closing JPA EntityManagerFactory for persistence unit 'default'
2025-11-02 16:20:19 [SpringApplicationShutdownHook] INFO  com.zaxxer.hikari.HikariDataSource - HikariPool-2 - Shutdown initiated...
2025-11-02 16:20:19 [SpringApplicationShutdownHook] INFO  com.zaxxer.hikari.HikariDataSource - HikariPool-2 - Shutdown completed.
2025-11-02 16:20:38 [main] INFO  u.d.t.h.c.MunicipalityControllerTest - Starting MunicipalityControllerTest using Java 21.0.8 with PID 244732 (started by duarte in /home/duarte/doc/Personal/UA/3ºAno/TQS/P/ZeroMonos)
2025-11-02 16:20:38 [main] INFO  u.d.t.h.c.MunicipalityControllerTest - No active profile set, falling back to 1 default profile: "default"
2025-11-02 16:20:39 [main] INFO  o.s.d.r.c.RepositoryConfigurationDelegate - Bootstrapping Spring Data JPA repositories in DEFAULT mode.
2025-11-02 16:20:39 [main] INFO  o.s.d.r.c.RepositoryConfigurationDelegate - Finished Spring Data repository scanning in 37 ms. Found 1 JPA repository interface.
2025-11-02 16:20:39 [main] INFO  o.h.jpa.internal.util.LogHelper - HHH000204: Processing PersistenceUnitInfo [name: default]
2025-11-02 16:20:39 [main] INFO  org.hibernate.Version - HHH000412: Hibernate ORM core version 6.6.29.Final
2025-11-02 16:20:39 [main] INFO  o.h.c.i.RegionFactoryInitiator - HHH000026: Second-level cache disabled
2025-11-02 16:20:40 [main] INFO  o.s.o.j.p.SpringPersistenceUnitInfo - No LoadTimeWeaver setup: ignoring JPA class transformer
2025-11-02 16:20:40 [main] INFO  com.zaxxer.hikari.HikariDataSource - HikariPool-1 - Starting...
2025-11-02 16:20:40 [main] INFO  com.zaxxer.hikari.pool.HikariPool - HikariPool-1 - Added connection org.postgresql.jdbc.PgConnection@6337c48d
2025-11-02 16:20:40 [main] INFO  com.zaxxer.hikari.HikariDataSource - HikariPool-1 - Start completed.
2025-11-02 16:20:40 [main] WARN  org.hibernate.orm.deprecation - HHH90000025: PostgreSQLDialect does not need to be specified explicitly using 'hibernate.dialect' (remove the property setting and it will be selected by default)
2025-11-02 16:20:40 [main] INFO  o.hibernate.orm.connections.pooling - HHH10001005: Database info:
	Database JDBC URL [Connecting through datasource 'HikariDataSource (HikariPool-1)']
	Database driver: undefined/unknown
	Database version: 18.0
	Autocommit mode: undefined/unknown
	Isolation level: undefined/unknown
	Minimum pool size: undefined/unknown
	Maximum pool size: undefined/unknown
2025-11-02 16:20:41 [main] INFO  o.h.e.t.j.p.i.JtaPlatformInitiator - HHH000489: No JTA platform available (set 'hibernate.transaction.jta.platform' to enable JTA platform integration)
2025-11-02 16:20:41 [main] INFO  o.s.o.j.LocalContainerEntityManagerFactoryBean - Initialized JPA EntityManagerFactory for persistence unit 'default'
2025-11-02 16:20:41 [main] INFO  o.s.d.j.r.query.QueryEnhancerFactory - Hibernate is in classpath; If applicable, HQL parser will be used.
2025-11-02 16:20:42 [main] INFO  u.d.tqs.hw1.service.BookingService - BookingService initialized
2025-11-02 16:20:42 [main] WARN  o.s.b.a.o.j.JpaBaseConfiguration$JpaWebConfiguration - spring.jpa.open-in-view is enabled by default. Therefore, database queries may be performed during view rendering. Explicitly configure spring.jpa.open-in-view to disable this warning
2025-11-02 16:20:42 [main] INFO  o.s.b.a.w.s.WelcomePageHandlerMapping - Adding welcome page template: index
2025-11-02 16:20:42 [main] INFO  o.s.b.t.m.w.SpringBootMockServletContext - Initializing Spring TestDispatcherServlet ''
2025-11-02 16:20:42 [main] INFO  o.s.t.w.s.TestDispatcherServlet - Initializing Servlet ''
2025-11-02 16:20:42 [main] INFO  o.s.t.w.s.TestDispatcherServlet - Completed initialization in 0 ms
2025-11-02 16:20:42 [main] INFO  u.d.t.h.c.MunicipalityControllerTest - Started MunicipalityControllerTest in 4.727 seconds (process running for 6.978)
2025-11-02 16:20:43 [main] INFO  o.s.t.c.s.AnnotationConfigContextLoaderUtils - Could not detect default configuration classes for test class [ua.deti.tqs.hw1.controller.BookingControllerTest]: BookingControllerTest does not declare any static, non-private, non-final, nested classes annotated with @Configuration.
2025-11-02 16:20:43 [main] INFO  o.s.b.t.c.SpringBootTestContextBootstrapper - Found @SpringBootConfiguration ua.deti.tqs.hw1.ZeroMonosApplication for test class ua.deti.tqs.hw1.controller.BookingControllerTest
2025-11-02 16:20:43 [main] INFO  u.d.tqs.hw1.service.BookingService - Deleting booking with ID: 564
2025-11-02 16:20:43 [main] INFO  u.d.tqs.hw1.service.BookingService - Booking 564 deleted successfully
2025-11-02 16:20:44 [main] INFO  u.d.tqs.hw1.service.BookingService - Creating new booking for Jane Smith in Aveiro on 2025-11-03 at slot 2
2025-11-02 16:20:44 [main] WARN  u.d.tqs.hw1.service.BookingService - Booking creation failed: Time slot 2 on 2025-11-03 already occupied in Aveiro
2025-11-02 16:20:44 [main] INFO  u.d.tqs.hw1.service.BookingService - Creating new booking for John Doe in Aveiro on 2025-11-01 at slot 2
2025-11-02 16:20:44 [main] WARN  u.d.tqs.hw1.service.BookingService - Booking creation failed: Invalid date 2025-11-01 for John Doe
2025-11-02 16:20:44 [main] WARN  o.s.w.s.m.s.DefaultHandlerExceptionResolver - Resolved [org.springframework.web.bind.MethodArgumentNotValidException: Validation failed for argument [0] in public org.springframework.http.ResponseEntity<java.lang.Object> ua.deti.tqs.hw1.controller.BookingController.create(ua.deti.tqs.hw1.model.Booking): [Field error in object 'booking' on field 'citizenName': rejected value [john]; codes [Pattern.booking.citizenName,Pattern.citizenName,Pattern.java.lang.String,Pattern]; arguments [org.springframework.context.support.DefaultMessageSourceResolvable: codes [booking.citizenName,citizenName]; arguments []; default message [citizenName],[Ljakarta.validation.constraints.Pattern$Flag;@17b976e2,^[A-Z][a-z]*+(?>\s[A-Z][a-z]*+)+$]; default message [Name must have at least two words, each starting with uppercase letter, letters only]] ]
2025-11-02 16:20:44 [main] WARN  o.s.w.s.m.s.DefaultHandlerExceptionResolver - Resolved [org.springframework.web.bind.MethodArgumentNotValidException: Validation failed for argument [0] in public org.springframework.http.ResponseEntity<java.lang.Object> ua.deti.tqs.hw1.controller.BookingController.create(ua.deti.tqs.hw1.model.Booking): [Field error in object 'booking' on field 'description': rejected value [TV]; codes [Size.booking.description,Size.description,Size.java.lang.String,Size]; arguments [org.springframework.context.support.DefaultMessageSourceResolvable: codes [booking.description,description]; arguments []; default message [description],2147483647,4]; default message [Description must have at least 4 characters]] ]
2025-11-02 16:20:44 [main] INFO  u.d.tqs.hw1.service.BookingService - Updating booking 568 status to CANCELLED
2025-11-02 16:20:44 [main] INFO  u.d.tqs.hw1.service.BookingService - Booking 568 status changed from RECEIVED to CANCELLED for citizen John Doe
2025-11-02 16:20:44 [main] INFO  u.d.tqs.hw1.service.BookingService - Time slot 11:00 on 2025-11-03 for Aveiro is now available (booking 568 cancelled)
2025-11-02 16:20:44 [main] INFO  u.d.tqs.hw1.service.BookingService - Creating new booking for John Doe in Aveiro on 2025-11-03 at slot 2
2025-11-02 16:20:44 [main] INFO  u.d.tqs.hw1.service.BookingService - Booking created successfully with token: c784b478 for John Doe
2025-11-02 16:20:44 [main] INFO  u.d.tqs.hw1.service.BookingService - Updating booking 572 status to IN_PROGRESS
2025-11-02 16:20:44 [main] INFO  u.d.tqs.hw1.service.BookingService - Booking 572 status changed from RECEIVED to IN_PROGRESS for citizen John Doe
2025-11-02 16:20:44 [main] INFO  o.s.t.c.s.AnnotationConfigContextLoaderUtils - Could not detect default configuration classes for test class [ua.deti.tqs.hw1.functional.FunctionalSeleniumTest]: FunctionalSeleniumTest does not declare any static, non-private, non-final, nested classes annotated with @Configuration.
2025-11-02 16:20:44 [main] INFO  o.s.b.t.c.SpringBootTestContextBootstrapper - Found @SpringBootConfiguration ua.deti.tqs.hw1.ZeroMonosApplication for test class ua.deti.tqs.hw1.functional.FunctionalSeleniumTest
2025-11-02 16:20:44 [main] INFO  o.s.b.d.r.RestartApplicationListener - Restart disabled due to context in which it is running
2025-11-02 16:20:44 [main] INFO  u.d.t.h.f.FunctionalSeleniumTest - Starting FunctionalSeleniumTest using Java 21.0.8 with PID 244732 (started by duarte in /home/duarte/doc/Personal/UA/3ºAno/TQS/P/ZeroMonos)
2025-11-02 16:20:44 [main] INFO  u.d.t.h.f.FunctionalSeleniumTest - No active profile set, falling back to 1 default profile: "default"
2025-11-02 16:20:44 [main] INFO  o.s.d.r.c.RepositoryConfigurationDelegate - Bootstrapping Spring Data JPA repositories in DEFAULT mode.
2025-11-02 16:20:44 [main] INFO  o.s.d.r.c.RepositoryConfigurationDelegate - Finished Spring Data repository scanning in 6 ms. Found 1 JPA repository interface.
2025-11-02 16:20:44 [main] INFO  o.s.b.w.e.tomcat.TomcatWebServer - Tomcat initialized with port 0 (http)
2025-11-02 16:20:44 [main] INFO  o.a.catalina.core.StandardService - Starting service [Tomcat]
2025-11-02 16:20:44 [main] INFO  o.a.catalina.core.StandardEngine - Starting Servlet engine: [Apache Tomcat/10.1.46]
2025-11-02 16:20:44 [main] INFO  o.a.c.c.C.[Tomcat].[localhost].[/] - Initializing Spring embedded WebApplicationContext
2025-11-02 16:20:44 [main] INFO  o.s.b.w.s.c.ServletWebServerApplicationContext - Root WebApplicationContext: initialization completed in 312 ms
2025-11-02 16:20:44 [main] INFO  o.h.jpa.internal.util.LogHelper - HHH000204: Processing PersistenceUnitInfo [name: default]
2025-11-02 16:20:44 [main] INFO  o.h.c.i.RegionFactoryInitiator - HHH000026: Second-level cache disabled
2025-11-02 16:20:44 [main] INFO  o.s.o.j.p.SpringPersistenceUnitInfo - No LoadTimeWeaver setup: ignoring JPA class transformer
2025-11-02 16:20:44 [main] INFO  com.zaxxer.hikari.HikariDataSource - HikariPool-2 - Starting...
2025-11-02 16:20:44 [main] INFO  com.zaxxer.hikari.pool.HikariPool - HikariPool-2 - Added connection org.postgresql.jdbc.PgConnection@2ee6195
2025-11-02 16:20:44 [main] INFO  com.zaxxer.hikari.HikariDataSource - HikariPool-2 - Start completed.
2025-11-02 16:20:44 [main] WARN  org.hibernate.orm.deprecation - HHH90000025: PostgreSQLDialect does not need to be specified explicitly using 'hibernate.dialect' (remove the property setting and it will be selected by default)
2025-11-02 16:20:44 [main] INFO  o.hibernate.orm.connections.pooling - HHH10001005: Database info:
	Database JDBC URL [Connecting through datasource 'HikariDataSource (HikariPool-2)']
	Database driver: undefined/unknown
	Database version: 18.0
	Autocommit mode: undefined/unknown
	Isolation level: undefined/unknown
	Minimum pool size: undefined/unknown
	Maximum pool size: undefined/unknown
2025-11-02 16:20:44 [main] INFO  o.h.e.t.j.p.i.JtaPlatformInitiator - HHH000489: No JTA platform available (set 'hibernate.transaction.jta.platform' to enable JTA platform integration)
2025-11-02 16:20:44 [main] INFO  o.s.o.j.LocalContainerEntityManagerFactoryBean - Initialized JPA EntityManagerFactory for persistence unit 'default'
2025-11-02 16:20:44 [main] INFO  u.d.tqs.hw1.service.BookingService - BookingService initialized
2025-11-02 16:20:45 [main] WARN  o.s.b.a.o.j.JpaBaseConfiguration$JpaWebConfiguration - spring.jpa.open-in-view is enabled by default. Therefore, database queries may be performed during view rendering. Explicitly configure spring.jpa.open-in-view to disable this warning
2025-11-02 16:20:45 [main] INFO  o.s.b.a.w.s.WelcomePageHandlerMapping - Adding welcome page template: index
2025-11-02 16:20:45 [main] INFO  o.s.b.w.e.tomcat.TomcatWebServer - Tomcat started on port 38891 (http) with context path '/'
2025-11-02 16:20:45 [main] INFO  u.d.t.h.f.FunctionalSeleniumTest - Started FunctionalSeleniumTest in 0.808 seconds (process running for 9.426)
2025-11-02 16:20:45 [main] INFO  i.g.bonigarcia.wdm.WebDriverManager - Using geckodriver 0.36.0 (resolved driver for Firefox 144)
2025-11-02 16:20:45 [main] INFO  i.g.bonigarcia.wdm.WebDriverManager - Exporting webdriver.gecko.driver as /home/duarte/.cache/selenium/geckodriver/linux64/0.36.0/geckodriver
2025-11-02 16:20:46 [http-nio-auto-1-exec-1] INFO  o.a.c.c.C.[Tomcat].[localhost].[/] - Initializing Spring DispatcherServlet 'dispatcherServlet'
2025-11-02 16:20:48 [http-nio-auto-1-exec-8] INFO  u.d.tqs.hw1.service.BookingService - Creating new booking for Maria Silva in Aveiro on 2025-11-04 at slot 0
2025-11-02 16:20:48 [http-nio-auto-1-exec-8] INFO  u.d.tqs.hw1.service.BookingService - Booking created successfully with token: c04a540e for Maria Silva
2025-11-02 16:20:49 [http-nio-auto-1-exec-6] INFO  u.d.tqs.hw1.service.BookingService - Creating new booking for Maria Silva in Ílhavo on 2025-11-04 at slot 0
2025-11-02 16:20:49 [http-nio-auto-1-exec-6] INFO  u.d.tqs.hw1.service.BookingService - Booking created successfully with token: 13c52009 for Maria Silva
2025-11-02 16:20:49 [main] INFO  i.g.bonigarcia.wdm.WebDriverManager - Using geckodriver 0.36.0 (resolved driver for Firefox 144)
2025-11-02 16:20:49 [main] INFO  i.g.bonigarcia.wdm.WebDriverManager - Exporting webdriver.gecko.driver as /home/duarte/.cache/selenium/geckodriver/linux64/0.36.0/geckodriver
2025-11-02 16:21:02 [http-nio-auto-1-exec-3] INFO  u.d.tqs.hw1.service.BookingService - Updating booking 573 status to ASSIGNED
2025-11-02 16:21:02 [http-nio-auto-1-exec-3] INFO  u.d.tqs.hw1.service.BookingService - Booking 573 status changed from RECEIVED to ASSIGNED for citizen Maria Silva
2025-11-02 16:21:02 [main] INFO  i.g.bonigarcia.wdm.WebDriverManager - Using geckodriver 0.36.0 (resolved driver for Firefox 144)
2025-11-02 16:21:02 [main] INFO  i.g.bonigarcia.wdm.WebDriverManager - Exporting webdriver.gecko.driver as /home/duarte/.cache/selenium/geckodriver/linux64/0.36.0/geckodriver
2025-11-02 16:21:05 [main] INFO  i.g.bonigarcia.wdm.WebDriverManager - Using geckodriver 0.36.0 (resolved driver for Firefox 144)
2025-11-02 16:21:05 [main] INFO  i.g.bonigarcia.wdm.WebDriverManager - Exporting webdriver.gecko.driver as /home/duarte/.cache/selenium/geckodriver/linux64/0.36.0/geckodriver
2025-11-02 16:21:07 [http-nio-auto-1-exec-8] INFO  u.d.tqs.hw1.service.BookingService - Updating booking 574 status to CANCELLED
2025-11-02 16:21:07 [http-nio-auto-1-exec-8] INFO  u.d.tqs.hw1.service.BookingService - Booking 574 status changed from RECEIVED to CANCELLED for citizen Maria Silva
2025-11-02 16:21:07 [http-nio-auto-1-exec-8] INFO  u.d.tqs.hw1.service.BookingService - Time slot 09:00 on 2025-11-04 for Ílhavo is now available (booking 574 cancelled)
2025-11-02 16:21:18 [main] INFO  u.d.tqs.hw1.service.BookingService - BookingService initialized
2025-11-02 16:21:18 [main] INFO  u.d.tqs.hw1.service.BookingService - BookingService initialized
2025-11-02 16:21:18 [main] INFO  u.d.tqs.hw1.service.BookingService - BookingService initialized
2025-11-02 16:21:18 [main] WARN  u.d.tqs.hw1.service.BookingService - Attempted to delete non-existent booking with ID: 99
2025-11-02 16:21:18 [main] INFO  u.d.tqs.hw1.service.BookingService - BookingService initialized
2025-11-02 16:21:18 [main] INFO  u.d.tqs.hw1.service.BookingService - Updating booking 1 status to IN_PROGRESS
2025-11-02 16:21:18 [main] INFO  u.d.tqs.hw1.service.BookingService - Booking 1 status changed from RECEIVED to IN_PROGRESS for citizen John Doe
2025-11-02 16:21:18 [main] INFO  u.d.tqs.hw1.service.BookingService - BookingService initialized
2025-11-02 16:21:18 [main] INFO  u.d.tqs.hw1.service.BookingService - BookingService initialized
2025-11-02 16:21:18 [main] INFO  u.d.tqs.hw1.service.BookingService - Creating new booking for John Doe in Aveiro on 2025-11-03 at slot 2
2025-11-02 16:21:18 [main] WARN  u.d.tqs.hw1.service.BookingService - Booking creation failed: Time slot 2 on 2025-11-03 already occupied in Aveiro
2025-11-02 16:21:18 [main] INFO  u.d.tqs.hw1.service.BookingService - BookingService initialized
2025-11-02 16:21:18 [main] INFO  u.d.tqs.hw1.service.BookingService - BookingService initialized
2025-11-02 16:21:18 [main] INFO  u.d.tqs.hw1.service.BookingService - Creating new booking for John Doe in Aveiro on 2025-11-01 at slot 2
2025-11-02 16:21:18 [main] WARN  u.d.tqs.hw1.service.BookingService - Booking creation failed: Invalid date 2025-11-01 for John Doe
2025-11-02 16:21:18 [main] INFO  u.d.tqs.hw1.service.BookingService - BookingService initialized
2025-11-02 16:21:18 [main] INFO  u.d.tqs.hw1.service.BookingService - BookingService initialized
2025-11-02 16:21:18 [main] INFO  u.d.tqs.hw1.service.BookingService - Updating booking 1 status to CANCELLED
2025-11-02 16:21:18 [main] INFO  u.d.tqs.hw1.service.BookingService - Booking 1 status changed from RECEIVED to CANCELLED for citizen John Doe
2025-11-02 16:21:18 [main] INFO  u.d.tqs.hw1.service.BookingService - Time slot 11:00 on 2025-11-03 for Aveiro is now available (booking null cancelled)
2025-11-02 16:21:18 [main] INFO  u.d.tqs.hw1.service.BookingService - BookingService initialized
2025-11-02 16:21:18 [main] INFO  u.d.tqs.hw1.service.BookingService - BookingService initialized
2025-11-02 16:21:18 [main] INFO  u.d.tqs.hw1.service.BookingService - BookingService initialized
2025-11-02 16:21:18 [main] INFO  u.d.tqs.hw1.service.BookingService - BookingService initialized
2025-11-02 16:21:18 [main] INFO  u.d.tqs.hw1.service.BookingService - BookingService initialized
2025-11-02 16:21:18 [main] INFO  u.d.tqs.hw1.service.BookingService - BookingService initialized
2025-11-02 16:21:18 [main] INFO  u.d.tqs.hw1.service.BookingService - BookingService initialized
2025-11-02 16:21:18 [main] INFO  u.d.tqs.hw1.service.BookingService - BookingService initialized
2025-11-02 16:21:18 [main] INFO  u.d.tqs.hw1.service.BookingService - BookingService initialized
2025-11-02 16:21:18 [main] INFO  u.d.tqs.hw1.service.BookingService - BookingService initialized
2025-11-02 16:21:18 [main] INFO  u.d.tqs.hw1.service.BookingService - BookingService initialized
2025-11-02 16:21:18 [main] INFO  u.d.tqs.hw1.service.BookingService - BookingService initialized
2025-11-02 16:21:18 [main] INFO  u.d.tqs.hw1.service.BookingService - Deleting booking with ID: 1
2025-11-02 16:21:18 [main] INFO  u.d.tqs.hw1.service.BookingService - Booking 1 deleted successfully
2025-11-02 16:21:18 [main] INFO  u.d.tqs.hw1.service.BookingService - BookingService initialized
2025-11-02 16:21:18 [main] INFO  u.d.tqs.hw1.service.BookingService - BookingService initialized
2025-11-02 16:21:18 [main] INFO  u.d.tqs.hw1.service.BookingService - Updating booking 99 status to COMPLETED
2025-11-02 16:21:18 [main] WARN  u.d.tqs.hw1.service.BookingService - Attempted to update non-existent booking with ID: 99
2025-11-02 16:21:18 [main] INFO  u.d.tqs.hw1.service.BookingService - BookingService initialized
2025-11-02 16:21:18 [main] INFO  u.d.tqs.hw1.service.BookingService - BookingService initialized
2025-11-02 16:21:18 [main] INFO  u.d.tqs.hw1.service.BookingService - BookingService initialized
2025-11-02 16:21:18 [main] INFO  u.d.tqs.hw1.service.BookingService - Creating new booking for John Doe in Aveiro on 2025-11-03 at slot 2
2025-11-02 16:21:18 [main] INFO  u.d.tqs.hw1.service.BookingService - Booking created successfully with token: aacc9d4f for John Doe
2025-11-02 16:21:18 [main] ERROR u.d.t.h.service.MunicipalityService - Failed to load municipalities: API is down
org.springframework.web.client.RestClientException: API is down
	at org.springframework.web.client.RestTemplate.exchange(RestTemplate.java:709)
	at ua.deti.tqs.hw1.service.MunicipalityService.getMunicipalities(MunicipalityService.java:26)
	at ua.deti.tqs.hw1.service.MunicipalityServiceTest.whenApiFails_thenReturnFallbackList(MunicipalityServiceTest.java:85)
	at java.base/jdk.internal.reflect.DirectMethodHandleAccessor.invoke(DirectMethodHandleAccessor.java:103)
	at java.base/java.lang.reflect.Method.invoke(Method.java:580)
	at org.junit.platform.commons.util.ReflectionUtils.invokeMethod(ReflectionUtils.java:775)
	at org.junit.platform.commons.support.ReflectionSupport.invokeMethod(ReflectionSupport.java:479)
	at org.junit.jupiter.engine.execution.MethodInvocation.proceed(MethodInvocation.java:60)
	at org.junit.jupiter.engine.execution.InvocationInterceptorChain$ValidatingInvocation.proceed(InvocationInterceptorChain.java:131)
	at org.junit.jupiter.engine.extension.TimeoutExtension.intercept(TimeoutExtension.java:161)
	at org.junit.jupiter.engine.extension.TimeoutExtension.interceptTestableMethod(TimeoutExtension.java:152)
	at org.junit.jupiter.engine.extension.TimeoutExtension.interceptTestMethod(TimeoutExtension.java:91)
	at org.junit.jupiter.engine.execution.InterceptingExecutableInvoker$ReflectiveInterceptorCall.lambda$ofVoidMethod$0(InterceptingExecutableInvoker.java:112)
	at org.junit.jupiter.engine.execution.InterceptingExecutableInvoker.lambda$invoke$0(InterceptingExecutableInvoker.java:94)
	at org.junit.jupiter.engine.execution.InvocationInterceptorChain$InterceptedInvocation.proceed(InvocationInterceptorChain.java:106)
	at org.junit.jupiter.engine.execution.InvocationInterceptorChain.proceed(InvocationInterceptorChain.java:64)
	at org.junit.jupiter.engine.execution.InvocationInterceptorChain.chainAndInvoke(InvocationInterceptorChain.java:45)
	at org.junit.jupiter.engine.execution.InvocationInterceptorChain.invoke(InvocationInterceptorChain.java:37)
	at org.junit.jupiter.engine.execution.InterceptingExecutableInvoker.invoke(InterceptingExecutableInvoker.java:93)
	at org.junit.jupiter.engine.execution.InterceptingExecutableInvoker.invoke(InterceptingExecutableInvoker.java:87)
	at org.junit.jupiter.engine.descriptor.TestMethodTestDescriptor.lambda$invokeTestMethod$7(TestMethodTestDescriptor.java:216)
	at org.junit.platform.engine.support.hierarchical.ThrowableCollector.execute(ThrowableCollector.java:73)
	at org.junit.jupiter.engine.descriptor.TestMethodTestDescriptor.invokeTestMethod(TestMethodTestDescriptor.java:212)
	at org.junit.jupiter.engine.descriptor.TestMethodTestDescriptor.execute(TestMethodTestDescriptor.java:137)
	at org.junit.jupiter.engine.descriptor.TestMethodTestDescriptor.execute(TestMethodTestDescriptor.java:69)
	at org.junit.platform.engine.support.hierarchical.NodeTestTask.lambda$executeRecursively$6(NodeTestTask.java:156)
	at org.junit.platform.engine.support.hierarchical.ThrowableCollector.execute(ThrowableCollector.java:73)
	at org.junit.platform.engine.support.hierarchical.NodeTestTask.lambda$executeRecursively$8(NodeTestTask.java:146)
	at org.junit.platform.engine.support.hierarchical.Node.around(Node.java:137)
	at org.junit.platform.engine.support.hierarchical.NodeTestTask.lambda$executeRecursively$9(NodeTestTask.java:144)
	at org.junit.platform.engine.support.hierarchical.ThrowableCollector.execute(ThrowableCollector.java:73)
	at org.junit.platform.engine.support.hierarchical.NodeTestTask.executeRecursively(NodeTestTask.java:143)
	at org.junit.platform.engine.support.hierarchical.NodeTestTask.execute(NodeTestTask.java:100)
	at java.base/java.util.ArrayList.forEach(ArrayList.java:1596)
	at org.junit.platform.engine.support.hierarchical.SameThreadHierarchicalTestExecutorService.invokeAll(SameThreadHierarchicalTestExecutorService.java:41)
	at org.junit.platform.engine.support.hierarchical.NodeTestTask.lambda$executeRecursively$6(NodeTestTask.java:160)
	at org.junit.platform.engine.support.hierarchical.ThrowableCollector.execute(ThrowableCollector.java:73)
	at org.junit.platform.engine.support.hierarchical.NodeTestTask.lambda$executeRecursively$8(NodeTestTask.java:146)
	at org.junit.platform.engine.support.hierarchical.Node.around(Node.java:137)
	at org.junit.platform.engine.support.hierarchical.NodeTestTask.lambda$executeRecursively$9(NodeTestTask.java:144)
	at org.junit.platform.engine.support.hierarchical.ThrowableCollector.execute(ThrowableCollector.java:73)
	at org.junit.platform.engine.support.hierarchical.NodeTestTask.executeRecursively(NodeTestTask.java:143)
	at org.junit.platform.engine.support.hierarchical.NodeTestTask.execute(NodeTestTask.java:100)
	at java.base/java.util.ArrayList.forEach(ArrayList.java:1596)
	at org.junit.platform.engine.support.hierarchical.SameThreadHierarchicalTestExecutorService.invokeAll(SameThreadHierarchicalTestExecutorService.java:41)
	at org.junit.platform.engine.support.hierarchical.NodeTestTask.lambda$executeRecursively$6(NodeTestTask.java:160)
	at org.junit.platform.engine.support.hierarchical.ThrowableCollector.execute(ThrowableCollector.java:73)
	at org.junit.platform.engine.support.hierarchical.NodeTestTask.lambda$executeRecursively$8(NodeTestTask.java:146)
	at org.junit.platform.engine.support.hierarchical.Node.around(Node.java:137)
	at org.junit.platform.engine.support.hierarchical.NodeTestTask.lambda$executeRecursively$9(NodeTestTask.java:144)
	at org.junit.platform.engine.support.hierarchical.ThrowableCollector.execute(ThrowableCollector.java:73)
	at org.junit.platform.engine.support.hierarchical.NodeTestTask.executeRecursively(NodeTestTask.java:143)
	at org.junit.platform.engine.support.hierarchical.NodeTestTask.execute(NodeTestTask.java:100)
	at org.junit.platform.engine.support.hierarchical.SameThreadHierarchicalTestExecutorService.submit(SameThreadHierarchicalTestExecutorService.java:35)
	at org.junit.platform.engine.support.hierarchical.HierarchicalTestExecutor.execute(HierarchicalTestExecutor.java:57)
	at org.junit.platform.engine.support.hierarchical.HierarchicalTestEngine.execute(HierarchicalTestEngine.java:54)
	at org.junit.platform.launcher.core.EngineExecutionOrchestrator.execute(EngineExecutionOrchestrator.java:201)
	at org.junit.platform.launcher.core.EngineExecutionOrchestrator.execute(EngineExecutionOrchestrator.java:170)
	at org.junit.platform.launcher.core.EngineExecutionOrchestrator.execute(EngineExecutionOrchestrator.java:94)
	at org.junit.platform.launcher.core.EngineExecutionOrchestrator.lambda$execute$0(EngineExecutionOrchestrator.java:59)
	at org.junit.platform.launcher.core.EngineExecutionOrchestrator.withInterceptedStreams(EngineExecutionOrchestrator.java:142)
	at org.junit.platform.launcher.core.EngineExecutionOrchestrator.execute(EngineExecutionOrchestrator.java:58)
	at org.junit.platform.launcher.core.DefaultLauncher.execute(DefaultLauncher.java:103)
	at org.junit.platform.launcher.core.DefaultLauncher.execute(DefaultLauncher.java:85)
	at org.junit.platform.launcher.core.DelegatingLauncher.execute(DelegatingLauncher.java:47)
	at org.junit.platform.launcher.core.InterceptingLauncher.lambda$execute$1(InterceptingLauncher.java:39)
	at org.junit.platform.launcher.core.ClasspathAlignmentCheckingLauncherInterceptor.intercept(ClasspathAlignmentCheckingLauncherInterceptor.java:25)
	at org.junit.platform.launcher.core.InterceptingLauncher.execute(InterceptingLauncher.java:38)
	at org.junit.platform.launcher.core.DelegatingLauncher.execute(DelegatingLauncher.java:47)
	at org.apache.maven.surefire.junitplatform.LauncherAdapter.executeWithoutCancellationToken(LauncherAdapter.java:60)
	at org.apache.maven.surefire.junitplatform.LauncherAdapter.execute(LauncherAdapter.java:52)
	at org.apache.maven.surefire.junitplatform.JUnitPlatformProvider.execute(JUnitPlatformProvider.java:203)
	at org.apache.maven.surefire.junitplatform.JUnitPlatformProvider.invokeAllTests(JUnitPlatformProvider.java:168)
	at org.apache.maven.surefire.junitplatform.JUnitPlatformProvider.invoke(JUnitPlatformProvider.java:136)
	at org.apache.maven.surefire.booter.ForkedBooter.runSuitesInProcess(ForkedBooter.java:385)
	at org.apache.maven.surefire.booter.ForkedBooter.execute(ForkedBooter.java:162)
	at org.apache.maven.surefire.booter.ForkedBooter.run(ForkedBooter.java:507)
	at org.apache.maven.surefire.booter.ForkedBooter.main(ForkedBooter.java:495)
2025-11-02 16:21:19 [main] WARN  u.d.t.h.service.MunicipalityService - API returned null or empty response
2025-11-02 16:21:19 [main] INFO  u.d.tqs.hw1.service.BookingService - BookingService initialized
2025-11-02 16:21:19 [main] INFO  u.d.tqs.hw1.service.BookingService - Updating booking 0 status to IN_PROGRESS
2025-11-02 16:21:19 [main] INFO  u.d.tqs.hw1.service.BookingService - Booking 0 status changed from RECEIVED to IN_PROGRESS for citizen Test Person
2025-11-02 16:21:19 [main] INFO  u.d.tqs.hw1.service.BookingService - Updating booking 1 status to IN_PROGRESS
2025-11-02 16:21:19 [main] INFO  u.d.tqs.hw1.service.BookingService - Booking 1 status changed from RECEIVED to IN_PROGRESS for citizen Test Person
2025-11-02 16:21:19 [main] INFO  u.d.tqs.hw1.service.BookingService - Updating booking 2 status to IN_PROGRESS
2025-11-02 16:21:19 [main] INFO  u.d.tqs.hw1.service.BookingService - Booking 2 status changed from RECEIVED to IN_PROGRESS for citizen Test Person
2025-11-02 16:21:19 [main] INFO  u.d.tqs.hw1.service.BookingService - Updating booking 3 status to IN_PROGRESS
2025-11-02 16:21:19 [main] INFO  u.d.tqs.hw1.service.BookingService - Booking 3 status changed from RECEIVED to IN_PROGRESS for citizen Test Person
2025-11-02 16:21:19 [main] INFO  u.d.tqs.hw1.service.BookingService - Updating booking 4 status to IN_PROGRESS
2025-11-02 16:21:19 [main] INFO  u.d.tqs.hw1.service.BookingService - Booking 4 status changed from RECEIVED to IN_PROGRESS for citizen Test Person
2025-11-02 16:21:19 [main] INFO  u.d.tqs.hw1.service.BookingService - Updating booking 5 status to IN_PROGRESS
2025-11-02 16:21:19 [main] INFO  u.d.tqs.hw1.service.BookingService - Booking 5 status changed from RECEIVED to IN_PROGRESS for citizen Test Person
2025-11-02 16:21:19 [main] INFO  u.d.tqs.hw1.service.BookingService - Updating booking 6 status to IN_PROGRESS
2025-11-02 16:21:19 [main] INFO  u.d.tqs.hw1.service.BookingService - Booking 6 status changed from RECEIVED to IN_PROGRESS for citizen Test Person
2025-11-02 16:21:19 [main] INFO  u.d.tqs.hw1.service.BookingService - Updating booking 7 status to IN_PROGRESS
2025-11-02 16:21:19 [main] INFO  u.d.tqs.hw1.service.BookingService - Booking 7 status changed from RECEIVED to IN_PROGRESS for citizen Test Person
2025-11-02 16:21:19 [main] INFO  u.d.tqs.hw1.service.BookingService - Updating booking 8 status to IN_PROGRESS
2025-11-02 16:21:19 [main] INFO  u.d.tqs.hw1.service.BookingService - Booking 8 status changed from RECEIVED to IN_PROGRESS for citizen Test Person
2025-11-02 16:21:19 [main] INFO  u.d.tqs.hw1.service.BookingService - Updating booking 9 status to IN_PROGRESS
2025-11-02 16:21:19 [main] INFO  u.d.tqs.hw1.service.BookingService - Booking 9 status changed from RECEIVED to IN_PROGRESS for citizen Test Person
2025-11-02 16:21:19 [main] INFO  u.d.tqs.hw1.service.BookingService - Updating booking 10 status to IN_PROGRESS
2025-11-02 16:21:19 [main] INFO  u.d.tqs.hw1.service.BookingService - Booking 10 status changed from RECEIVED to IN_PROGRESS for citizen Test Person
2025-11-02 16:21:19 [main] INFO  u.d.tqs.hw1.service.BookingService - Updating booking 11 status to IN_PROGRESS
2025-11-02 16:21:19 [main] INFO  u.d.tqs.hw1.service.BookingService - Booking 11 status changed from RECEIVED to IN_PROGRESS for citizen Test Person
2025-11-02 16:21:19 [main] INFO  u.d.tqs.hw1.service.BookingService - Updating booking 12 status to IN_PROGRESS
2025-11-02 16:21:19 [main] INFO  u.d.tqs.hw1.service.BookingService - Booking 12 status changed from RECEIVED to IN_PROGRESS for citizen Test Person
2025-11-02 16:21:19 [main] INFO  u.d.tqs.hw1.service.BookingService - Updating booking 13 status to IN_PROGRESS
2025-11-02 16:21:19 [main] INFO  u.d.tqs.hw1.service.BookingService - Booking 13 status changed from RECEIVED to IN_PROGRESS for citizen Test Person
2025-11-02 16:21:19 [main] INFO  u.d.tqs.hw1.service.BookingService - Updating booking 14 status to IN_PROGRESS
2025-11-02 16:21:19 [main] INFO  u.d.tqs.hw1.service.BookingService - Booking 14 status changed from RECEIVED to IN_PROGRESS for citizen Test Person
2025-11-02 16:21:19 [main] INFO  u.d.tqs.hw1.service.BookingService - Updating booking 15 status to IN_PROGRESS
2025-11-02 16:21:19 [main] INFO  u.d.tqs.hw1.service.BookingService - Booking 15 status changed from RECEIVED to IN_PROGRESS for citizen Test Person
2025-11-02 16:21:19 [main] INFO  u.d.tqs.hw1.service.BookingService - Updating booking 16 status to IN_PROGRESS
2025-11-02 16:21:19 [main] INFO  u.d.tqs.hw1.service.BookingService - Booking 16 status changed from RECEIVED to IN_PROGRESS for citizen Test Person
2025-11-02 16:21:19 [main] INFO  u.d.tqs.hw1.service.BookingService - Updating booking 17 status to IN_PROGRESS
2025-11-02 16:21:19 [main] INFO  u.d.tqs.hw1.service.BookingService - Booking 17 status changed from RECEIVED to IN_PROGRESS for citizen Test Person
2025-11-02 16:21:19 [main] INFO  u.d.tqs.hw1.service.BookingService - Updating booking 18 status to IN_PROGRESS
2025-11-02 16:21:19 [main] INFO  u.d.tqs.hw1.service.BookingService - Booking 18 status changed from RECEIVED to IN_PROGRESS for citizen Test Person
2025-11-02 16:21:19 [main] INFO  u.d.tqs.hw1.service.BookingService - Updating booking 19 status to IN_PROGRESS
2025-11-02 16:21:19 [main] INFO  u.d.tqs.hw1.service.BookingService - Booking 19 status changed from RECEIVED to IN_PROGRESS for citizen Test Person
2025-11-02 16:21:19 [main] INFO  u.d.tqs.hw1.service.BookingService - Updating booking 20 status to IN_PROGRESS
2025-11-02 16:21:19 [main] INFO  u.d.tqs.hw1.service.BookingService - Booking 20 status changed from RECEIVED to IN_PROGRESS for citizen Test Person
2025-11-02 16:21:19 [main] INFO  u.d.tqs.hw1.service.BookingService - Updating booking 21 status to IN_PROGRESS
2025-11-02 16:21:19 [main] INFO  u.d.tqs.hw1.service.BookingService - Booking 21 status changed from RECEIVED to IN_PROGRESS for citizen Test Person
2025-11-02 16:21:19 [main] INFO  u.d.tqs.hw1.service.BookingService - Updating booking 22 status to IN_PROGRESS
2025-11-02 16:21:19 [main] INFO  u.d.tqs.hw1.service.BookingService - Booking 22 status changed from RECEIVED to IN_PROGRESS for citizen Test Person
2025-11-02 16:21:19 [main] INFO  u.d.tqs.hw1.service.BookingService - Updating booking 23 status to IN_PROGRESS
2025-11-02 16:21:19 [main] INFO  u.d.tqs.hw1.service.BookingService - Booking 23 status changed from RECEIVED to IN_PROGRESS for citizen Test Person
2025-11-02 16:21:19 [main] INFO  u.d.tqs.hw1.service.BookingService - Updating booking 24 status to IN_PROGRESS
2025-11-02 16:21:19 [main] INFO  u.d.tqs.hw1.service.BookingService - Booking 24 status changed from RECEIVED to IN_PROGRESS for citizen Test Person
2025-11-02 16:21:19 [main] INFO  u.d.tqs.hw1.service.BookingService - Updating booking 25 status to IN_PROGRESS
2025-11-02 16:21:19 [main] INFO  u.d.tqs.hw1.service.BookingService - Booking 25 status changed from RECEIVED to IN_PROGRESS for citizen Test Person
2025-11-02 16:21:19 [main] INFO  u.d.tqs.hw1.service.BookingService - Updating booking 26 status to IN_PROGRESS
2025-11-02 16:21:19 [main] INFO  u.d.tqs.hw1.service.BookingService - Booking 26 status changed from RECEIVED to IN_PROGRESS for citizen Test Person
2025-11-02 16:21:19 [main] INFO  u.d.tqs.hw1.service.BookingService - Updating booking 27 status to IN_PROGRESS
2025-11-02 16:21:19 [main] INFO  u.d.tqs.hw1.service.BookingService - Booking 27 status changed from RECEIVED to IN_PROGRESS for citizen Test Person
2025-11-02 16:21:19 [main] INFO  u.d.tqs.hw1.service.BookingService - Updating booking 28 status to IN_PROGRESS
2025-11-02 16:21:19 [main] INFO  u.d.tqs.hw1.service.BookingService - Booking 28 status changed from RECEIVED to IN_PROGRESS for citizen Test Person
2025-11-02 16:21:19 [main] INFO  u.d.tqs.hw1.service.BookingService - Updating booking 29 status to IN_PROGRESS
2025-11-02 16:21:19 [main] INFO  u.d.tqs.hw1.service.BookingService - Booking 29 status changed from RECEIVED to IN_PROGRESS for citizen Test Person
2025-11-02 16:21:19 [main] INFO  u.d.tqs.hw1.service.BookingService - Updating booking 30 status to IN_PROGRESS
2025-11-02 16:21:19 [main] INFO  u.d.tqs.hw1.service.BookingService - Booking 30 status changed from RECEIVED to IN_PROGRESS for citizen Test Person
2025-11-02 16:21:19 [main] INFO  u.d.tqs.hw1.service.BookingService - Updating booking 31 status to IN_PROGRESS
2025-11-02 16:21:19 [main] INFO  u.d.tqs.hw1.service.BookingService - Booking 31 status changed from RECEIVED to IN_PROGRESS for citizen Test Person
2025-11-02 16:21:19 [main] INFO  u.d.tqs.hw1.service.BookingService - Updating booking 32 status to IN_PROGRESS
2025-11-02 16:21:19 [main] INFO  u.d.tqs.hw1.service.BookingService - Booking 32 status changed from RECEIVED to IN_PROGRESS for citizen Test Person
2025-11-02 16:21:19 [main] INFO  u.d.tqs.hw1.service.BookingService - Updating booking 33 status to IN_PROGRESS
2025-11-02 16:21:19 [main] INFO  u.d.tqs.hw1.service.BookingService - Booking 33 status changed from RECEIVED to IN_PROGRESS for citizen Test Person
2025-11-02 16:21:19 [main] INFO  u.d.tqs.hw1.service.BookingService - Updating booking 34 status to IN_PROGRESS
2025-11-02 16:21:19 [main] INFO  u.d.tqs.hw1.service.BookingService - Booking 34 status changed from RECEIVED to IN_PROGRESS for citizen Test Person
2025-11-02 16:21:19 [main] INFO  u.d.tqs.hw1.service.BookingService - Updating booking 35 status to IN_PROGRESS
2025-11-02 16:21:19 [main] INFO  u.d.tqs.hw1.service.BookingService - Booking 35 status changed from RECEIVED to IN_PROGRESS for citizen Test Person
2025-11-02 16:21:19 [main] INFO  u.d.tqs.hw1.service.BookingService - Updating booking 36 status to IN_PROGRESS
2025-11-02 16:21:19 [main] INFO  u.d.tqs.hw1.service.BookingService - Booking 36 status changed from RECEIVED to IN_PROGRESS for citizen Test Person
2025-11-02 16:21:19 [main] INFO  u.d.tqs.hw1.service.BookingService - Updating booking 37 status to IN_PROGRESS
2025-11-02 16:21:19 [main] INFO  u.d.tqs.hw1.service.BookingService - Booking 37 status changed from RECEIVED to IN_PROGRESS for citizen Test Person
2025-11-02 16:21:19 [main] INFO  u.d.tqs.hw1.service.BookingService - Updating booking 38 status to IN_PROGRESS
2025-11-02 16:21:19 [main] INFO  u.d.tqs.hw1.service.BookingService - Booking 38 status changed from RECEIVED to IN_PROGRESS for citizen Test Person
2025-11-02 16:21:19 [main] INFO  u.d.tqs.hw1.service.BookingService - Updating booking 39 status to IN_PROGRESS
2025-11-02 16:21:19 [main] INFO  u.d.tqs.hw1.service.BookingService - Booking 39 status changed from RECEIVED to IN_PROGRESS for citizen Test Person
2025-11-02 16:21:19 [main] INFO  u.d.tqs.hw1.service.BookingService - Updating booking 40 status to IN_PROGRESS
2025-11-02 16:21:19 [main] INFO  u.d.tqs.hw1.service.BookingService - Booking 40 status changed from RECEIVED to IN_PROGRESS for citizen Test Person
2025-11-02 16:21:19 [main] INFO  u.d.tqs.hw1.service.BookingService - Updating booking 41 status to IN_PROGRESS
2025-11-02 16:21:19 [main] INFO  u.d.tqs.hw1.service.BookingService - Booking 41 status changed from RECEIVED to IN_PROGRESS for citizen Test Person
2025-11-02 16:21:19 [main] INFO  u.d.tqs.hw1.service.BookingService - Updating booking 42 status to IN_PROGRESS
2025-11-02 16:21:19 [main] INFO  u.d.tqs.hw1.service.BookingService - Booking 42 status changed from RECEIVED to IN_PROGRESS for citizen Test Person
2025-11-02 16:21:19 [main] INFO  u.d.tqs.hw1.service.BookingService - Updating booking 43 status to IN_PROGRESS
2025-11-02 16:21:19 [main] INFO  u.d.tqs.hw1.service.BookingService - Booking 43 status changed from RECEIVED to IN_PROGRESS for citizen Test Person
2025-11-02 16:21:19 [main] INFO  u.d.tqs.hw1.service.BookingService - Updating booking 44 status to IN_PROGRESS
2025-11-02 16:21:19 [main] INFO  u.d.tqs.hw1.service.BookingService - Booking 44 status changed from RECEIVED to IN_PROGRESS for citizen Test Person
2025-11-02 16:21:19 [main] INFO  u.d.tqs.hw1.service.BookingService - Updating booking 45 status to IN_PROGRESS
2025-11-02 16:21:19 [main] INFO  u.d.tqs.hw1.service.BookingService - Booking 45 status changed from RECEIVED to IN_PROGRESS for citizen Test Person
2025-11-02 16:21:19 [main] INFO  u.d.tqs.hw1.service.BookingService - Updating booking 46 status to IN_PROGRESS
2025-11-02 16:21:19 [main] INFO  u.d.tqs.hw1.service.BookingService - Booking 46 status changed from RECEIVED to IN_PROGRESS for citizen Test Person
2025-11-02 16:21:19 [main] INFO  u.d.tqs.hw1.service.BookingService - Updating booking 47 status to IN_PROGRESS
2025-11-02 16:21:19 [main] INFO  u.d.tqs.hw1.service.BookingService - Booking 47 status changed from RECEIVED to IN_PROGRESS for citizen Test Person
2025-11-02 16:21:19 [main] INFO  u.d.tqs.hw1.service.BookingService - Updating booking 48 status to IN_PROGRESS
2025-11-02 16:21:19 [main] INFO  u.d.tqs.hw1.service.BookingService - Booking 48 status changed from RECEIVED to IN_PROGRESS for citizen Test Person
2025-11-02 16:21:19 [main] INFO  u.d.tqs.hw1.service.BookingService - Updating booking 49 status to IN_PROGRESS
2025-11-02 16:21:19 [main] INFO  u.d.tqs.hw1.service.BookingService - Booking 49 status changed from RECEIVED to IN_PROGRESS for citizen Test Person
2025-11-02 16:21:19 [main] INFO  u.d.tqs.hw1.service.BookingService - BookingService initialized
2025-11-02 16:21:19 [main] INFO  u.d.tqs.hw1.service.BookingService - BookingService initialized
2025-11-02 16:21:19 [main] INFO  u.d.tqs.hw1.service.BookingService - BookingService initialized
2025-11-02 16:21:19 [main] INFO  u.d.tqs.hw1.service.BookingService - BookingService initialized
2025-11-02 16:21:19 [main] INFO  u.d.tqs.hw1.service.BookingService - BookingService initialized
2025-11-02 16:21:19 [main] INFO  u.d.tqs.hw1.service.BookingService - Creating new booking for John Doe in Aveiro on 2025-11-03 at slot 0
2025-11-02 16:21:19 [main] INFO  u.d.tqs.hw1.service.BookingService - Booking created successfully with token: 96efe523 for John Doe
2025-11-02 16:21:19 [main] INFO  u.d.tqs.hw1.service.BookingService - Creating new booking for John Doe in Aveiro on 2025-11-03 at slot 1
2025-11-02 16:21:19 [main] INFO  u.d.tqs.hw1.service.BookingService - Booking created successfully with token: 96efe523 for John Doe
2025-11-02 16:21:19 [main] INFO  u.d.tqs.hw1.service.BookingService - Creating new booking for John Doe in Aveiro on 2025-11-03 at slot 2
2025-11-02 16:21:19 [main] INFO  u.d.tqs.hw1.service.BookingService - Booking created successfully with token: 96efe523 for John Doe
2025-11-02 16:21:19 [main] INFO  u.d.tqs.hw1.service.BookingService - Creating new booking for John Doe in Aveiro on 2025-11-03 at slot 3
2025-11-02 16:21:19 [main] INFO  u.d.tqs.hw1.service.BookingService - Booking created successfully with token: 96efe523 for John Doe
2025-11-02 16:21:19 [main] INFO  u.d.tqs.hw1.service.BookingService - Creating new booking for John Doe in Aveiro on 2025-11-03 at slot 4
2025-11-02 16:21:19 [main] INFO  u.d.tqs.hw1.service.BookingService - Booking created successfully with token: 96efe523 for John Doe
2025-11-02 16:21:19 [main] INFO  u.d.tqs.hw1.service.BookingService - Creating new booking for John Doe in Aveiro on 2025-11-03 at slot 5
2025-11-02 16:21:19 [main] INFO  u.d.tqs.hw1.service.BookingService - Booking created successfully with token: 96efe523 for John Doe
2025-11-02 16:21:19 [main] INFO  u.d.tqs.hw1.service.BookingService - Creating new booking for John Doe in Aveiro on 2025-11-03 at slot 6
2025-11-02 16:21:19 [main] INFO  u.d.tqs.hw1.service.BookingService - Booking created successfully with token: 96efe523 for John Doe
2025-11-02 16:21:19 [main] INFO  u.d.tqs.hw1.service.BookingService - Creating new booking for John Doe in Aveiro on 2025-11-03 at slot 7
2025-11-02 16:21:19 [main] INFO  u.d.tqs.hw1.service.BookingService - Booking created successfully with token: 96efe523 for John Doe
2025-11-02 16:21:19 [main] INFO  u.d.tqs.hw1.service.BookingService - Creating new booking for John Doe in Aveiro on 2025-11-03 at slot 8
2025-11-02 16:21:19 [main] INFO  u.d.tqs.hw1.service.BookingService - Booking created successfully with token: 96efe523 for John Doe
2025-11-02 16:21:19 [main] INFO  u.d.tqs.hw1.service.BookingService - Creating new booking for John Doe in Aveiro on 2025-11-03 at slot 0
2025-11-02 16:21:19 [main] INFO  u.d.tqs.hw1.service.BookingService - Booking created successfully with token: 96efe523 for John Doe
2025-11-02 16:21:19 [main] INFO  u.d.tqs.hw1.service.BookingService - Creating new booking for John Doe in Aveiro on 2025-11-03 at slot 1
2025-11-02 16:21:19 [main] INFO  u.d.tqs.hw1.service.BookingService - Booking created successfully with token: 96efe523 for John Doe
2025-11-02 16:21:19 [main] INFO  u.d.tqs.hw1.service.BookingService - Creating new booking for John Doe in Aveiro on 2025-11-03 at slot 2
2025-11-02 16:21:19 [main] INFO  u.d.tqs.hw1.service.BookingService - Booking created successfully with token: 96efe523 for John Doe
2025-11-02 16:21:19 [main] INFO  u.d.tqs.hw1.service.BookingService - Creating new booking for John Doe in Aveiro on 2025-11-03 at slot 3
2025-11-02 16:21:19 [main] INFO  u.d.tqs.hw1.service.BookingService - Booking created successfully with token: 96efe523 for John Doe
2025-11-02 16:21:19 [main] INFO  u.d.tqs.hw1.service.BookingService - Creating new booking for John Doe in Aveiro on 2025-11-03 at slot 4
2025-11-02 16:21:19 [main] INFO  u.d.tqs.hw1.service.BookingService - Booking created successfully with token: 96efe523 for John Doe
2025-11-02 16:21:19 [main] INFO  u.d.tqs.hw1.service.BookingService - Creating new booking for John Doe in Aveiro on 2025-11-03 at slot 5
2025-11-02 16:21:19 [main] INFO  u.d.tqs.hw1.service.BookingService - Booking created successfully with token: 96efe523 for John Doe
2025-11-02 16:21:19 [main] INFO  u.d.tqs.hw1.service.BookingService - Creating new booking for John Doe in Aveiro on 2025-11-03 at slot 6
2025-11-02 16:21:19 [main] INFO  u.d.tqs.hw1.service.BookingService - Booking created successfully with token: 96efe523 for John Doe
2025-11-02 16:21:19 [main] INFO  u.d.tqs.hw1.service.BookingService - Creating new booking for John Doe in Aveiro on 2025-11-03 at slot 7
2025-11-02 16:21:19 [main] INFO  u.d.tqs.hw1.service.BookingService - Booking created successfully with token: 96efe523 for John Doe
2025-11-02 16:21:19 [main] INFO  u.d.tqs.hw1.service.BookingService - Creating new booking for John Doe in Aveiro on 2025-11-03 at slot 8
2025-11-02 16:21:19 [main] INFO  u.d.tqs.hw1.service.BookingService - Booking created successfully with token: 96efe523 for John Doe
2025-11-02 16:21:19 [main] INFO  u.d.tqs.hw1.service.BookingService - Creating new booking for John Doe in Aveiro on 2025-11-03 at slot 0
2025-11-02 16:21:19 [main] INFO  u.d.tqs.hw1.service.BookingService - Booking created successfully with token: 96efe523 for John Doe
2025-11-02 16:21:19 [main] INFO  u.d.tqs.hw1.service.BookingService - Creating new booking for John Doe in Aveiro on 2025-11-03 at slot 1
2025-11-02 16:21:19 [main] INFO  u.d.tqs.hw1.service.BookingService - Booking created successfully with token: 96efe523 for John Doe
2025-11-02 16:21:19 [main] INFO  u.d.tqs.hw1.service.BookingService - Creating new booking for John Doe in Aveiro on 2025-11-03 at slot 2
2025-11-02 16:21:19 [main] INFO  u.d.tqs.hw1.service.BookingService - Booking created successfully with token: 96efe523 for John Doe
2025-11-02 16:21:19 [main] INFO  u.d.tqs.hw1.service.BookingService - Creating new booking for John Doe in Aveiro on 2025-11-03 at slot 3
2025-11-02 16:21:19 [main] INFO  u.d.tqs.hw1.service.BookingService - Booking created successfully with token: 96efe523 for John Doe
2025-11-02 16:21:19 [main] INFO  u.d.tqs.hw1.service.BookingService - Creating new booking for John Doe in Aveiro on 2025-11-03 at slot 4
2025-11-02 16:21:19 [main] INFO  u.d.tqs.hw1.service.BookingService - Booking created successfully with token: 96efe523 for John Doe
2025-11-02 16:21:19 [main] INFO  u.d.tqs.hw1.service.BookingService - Creating new booking for John Doe in Aveiro on 2025-11-03 at slot 5
2025-11-02 16:21:19 [main] INFO  u.d.tqs.hw1.service.BookingService - Booking created successfully with token: 96efe523 for John Doe
2025-11-02 16:21:19 [main] INFO  u.d.tqs.hw1.service.BookingService - Creating new booking for John Doe in Aveiro on 2025-11-03 at slot 6
2025-11-02 16:21:19 [main] INFO  u.d.tqs.hw1.service.BookingService - Booking created successfully with token: 96efe523 for John Doe
2025-11-02 16:21:19 [main] INFO  u.d.tqs.hw1.service.BookingService - Creating new booking for John Doe in Aveiro on 2025-11-03 at slot 7
2025-11-02 16:21:19 [main] INFO  u.d.tqs.hw1.service.BookingService - Booking created successfully with token: 96efe523 for John Doe
2025-11-02 16:21:19 [main] INFO  u.d.tqs.hw1.service.BookingService - Creating new booking for John Doe in Aveiro on 2025-11-03 at slot 8
2025-11-02 16:21:19 [main] INFO  u.d.tqs.hw1.service.BookingService - Booking created successfully with token: 96efe523 for John Doe
2025-11-02 16:21:19 [main] INFO  u.d.tqs.hw1.service.BookingService - Creating new booking for John Doe in Aveiro on 2025-11-03 at slot 0
2025-11-02 16:21:19 [main] INFO  u.d.tqs.hw1.service.BookingService - Booking created successfully with token: 96efe523 for John Doe
2025-11-02 16:21:19 [main] INFO  u.d.tqs.hw1.service.BookingService - Creating new booking for John Doe in Aveiro on 2025-11-03 at slot 1
2025-11-02 16:21:19 [main] INFO  u.d.tqs.hw1.service.BookingService - Booking created successfully with token: 96efe523 for John Doe
2025-11-02 16:21:19 [main] INFO  u.d.tqs.hw1.service.BookingService - Creating new booking for John Doe in Aveiro on 2025-11-03 at slot 2
2025-11-02 16:21:19 [main] INFO  u.d.tqs.hw1.service.BookingService - Booking created successfully with token: 96efe523 for John Doe
2025-11-02 16:21:19 [main] INFO  u.d.tqs.hw1.service.BookingService - Creating new booking for John Doe in Aveiro on 2025-11-03 at slot 3
2025-11-02 16:21:19 [main] INFO  u.d.tqs.hw1.service.BookingService - Booking created successfully with token: 96efe523 for John Doe
2025-11-02 16:21:19 [main] INFO  u.d.tqs.hw1.service.BookingService - Creating new booking for John Doe in Aveiro on 2025-11-03 at slot 4
2025-11-02 16:21:19 [main] INFO  u.d.tqs.hw1.service.BookingService - Booking created successfully with token: 96efe523 for John Doe
2025-11-02 16:21:19 [main] INFO  u.d.tqs.hw1.service.BookingService - Creating new booking for John Doe in Aveiro on 2025-11-03 at slot 5
2025-11-02 16:21:19 [main] INFO  u.d.tqs.hw1.service.BookingService - Booking created successfully with token: 96efe523 for John Doe
2025-11-02 16:21:19 [main] INFO  u.d.tqs.hw1.service.BookingService - Creating new booking for John Doe in Aveiro on 2025-11-03 at slot 6
2025-11-02 16:21:19 [main] INFO  u.d.tqs.hw1.service.BookingService - Booking created successfully with token: 96efe523 for John Doe
2025-11-02 16:21:19 [main] INFO  u.d.tqs.hw1.service.BookingService - Creating new booking for John Doe in Aveiro on 2025-11-03 at slot 7
2025-11-02 16:21:19 [main] INFO  u.d.tqs.hw1.service.BookingService - Booking created successfully with token: 96efe523 for John Doe
2025-11-02 16:21:19 [main] INFO  u.d.tqs.hw1.service.BookingService - Creating new booking for John Doe in Aveiro on 2025-11-03 at slot 8
2025-11-02 16:21:19 [main] INFO  u.d.tqs.hw1.service.BookingService - Booking created successfully with token: 96efe523 for John Doe
2025-11-02 16:21:19 [main] INFO  u.d.tqs.hw1.service.BookingService - Creating new booking for John Doe in Aveiro on 2025-11-03 at slot 0
2025-11-02 16:21:19 [main] INFO  u.d.tqs.hw1.service.BookingService - Booking created successfully with token: 96efe523 for John Doe
2025-11-02 16:21:19 [main] INFO  u.d.tqs.hw1.service.BookingService - Creating new booking for John Doe in Aveiro on 2025-11-03 at slot 1
2025-11-02 16:21:19 [main] INFO  u.d.tqs.hw1.service.BookingService - Booking created successfully with token: 96efe523 for John Doe
2025-11-02 16:21:19 [main] INFO  u.d.tqs.hw1.service.BookingService - Creating new booking for John Doe in Aveiro on 2025-11-03 at slot 2
2025-11-02 16:21:19 [main] INFO  u.d.tqs.hw1.service.BookingService - Booking created successfully with token: 96efe523 for John Doe
2025-11-02 16:21:19 [main] INFO  u.d.tqs.hw1.service.BookingService - Creating new booking for John Doe in Aveiro on 2025-11-03 at slot 3
2025-11-02 16:21:19 [main] INFO  u.d.tqs.hw1.service.BookingService - Booking created successfully with token: 96efe523 for John Doe
2025-11-02 16:21:19 [main] INFO  u.d.tqs.hw1.service.BookingService - Creating new booking for John Doe in Aveiro on 2025-11-03 at slot 4
2025-11-02 16:21:19 [main] INFO  u.d.tqs.hw1.service.BookingService - Booking created successfully with token: 96efe523 for John Doe
2025-11-02 16:21:19 [main] INFO  u.d.tqs.hw1.service.BookingService - Creating new booking for John Doe in Aveiro on 2025-11-03 at slot 5
2025-11-02 16:21:19 [main] INFO  u.d.tqs.hw1.service.BookingService - Booking created successfully with token: 96efe523 for John Doe
2025-11-02 16:21:19 [main] INFO  u.d.tqs.hw1.service.BookingService - Creating new booking for John Doe in Aveiro on 2025-11-03 at slot 6
2025-11-02 16:21:19 [main] INFO  u.d.tqs.hw1.service.BookingService - Booking created successfully with token: 96efe523 for John Doe
2025-11-02 16:21:19 [main] INFO  u.d.tqs.hw1.service.BookingService - Creating new booking for John Doe in Aveiro on 2025-11-03 at slot 7
2025-11-02 16:21:19 [main] INFO  u.d.tqs.hw1.service.BookingService - Booking created successfully with token: 96efe523 for John Doe
2025-11-02 16:21:19 [main] INFO  u.d.tqs.hw1.service.BookingService - Creating new booking for John Doe in Aveiro on 2025-11-03 at slot 8
2025-11-02 16:21:19 [main] INFO  u.d.tqs.hw1.service.BookingService - Booking created successfully with token: 96efe523 for John Doe
2025-11-02 16:21:19 [main] INFO  u.d.tqs.hw1.service.BookingService - Creating new booking for John Doe in Aveiro on 2025-11-03 at slot 0
2025-11-02 16:21:19 [main] INFO  u.d.tqs.hw1.service.BookingService - Booking created successfully with token: 96efe523 for John Doe
2025-11-02 16:21:19 [main] INFO  u.d.tqs.hw1.service.BookingService - Creating new booking for John Doe in Aveiro on 2025-11-03 at slot 1
2025-11-02 16:21:19 [main] INFO  u.d.tqs.hw1.service.BookingService - Booking created successfully with token: 96efe523 for John Doe
2025-11-02 16:21:19 [main] INFO  u.d.tqs.hw1.service.BookingService - Creating new booking for John Doe in Aveiro on 2025-11-03 at slot 2
2025-11-02 16:21:19 [main] INFO  u.d.tqs.hw1.service.BookingService - Booking created successfully with token: 96efe523 for John Doe
2025-11-02 16:21:19 [main] INFO  u.d.tqs.hw1.service.BookingService - Creating new booking for John Doe in Aveiro on 2025-11-03 at slot 3
2025-11-02 16:21:19 [main] INFO  u.d.tqs.hw1.service.BookingService - Booking created successfully with token: 96efe523 for John Doe
2025-11-02 16:21:19 [main] INFO  u.d.tqs.hw1.service.BookingService - Creating new booking for John Doe in Aveiro on 2025-11-03 at slot 4
2025-11-02 16:21:19 [main] INFO  u.d.tqs.hw1.service.BookingService - Booking created successfully with token: 96efe523 for John Doe
2025-11-02 16:21:19 [main] INFO  u.d.tqs.hw1.service.BookingService - Creating new booking for John Doe in Aveiro on 2025-11-03 at slot 5
2025-11-02 16:21:19 [main] INFO  u.d.tqs.hw1.service.BookingService - Booking created successfully with token: 96efe523 for John Doe
2025-11-02 16:21:19 [main] INFO  u.d.tqs.hw1.service.BookingService - Creating new booking for John Doe in Aveiro on 2025-11-03 at slot 6
2025-11-02 16:21:19 [main] INFO  u.d.tqs.hw1.service.BookingService - Booking created successfully with token: 96efe523 for John Doe
2025-11-02 16:21:19 [main] INFO  u.d.tqs.hw1.service.BookingService - Creating new booking for John Doe in Aveiro on 2025-11-03 at slot 7
2025-11-02 16:21:19 [main] INFO  u.d.tqs.hw1.service.BookingService - Booking created successfully with token: 96efe523 for John Doe
2025-11-02 16:21:19 [main] INFO  u.d.tqs.hw1.service.BookingService - Creating new booking for John Doe in Aveiro on 2025-11-03 at slot 8
2025-11-02 16:21:19 [main] INFO  u.d.tqs.hw1.service.BookingService - Booking created successfully with token: 96efe523 for John Doe
2025-11-02 16:21:19 [main] INFO  u.d.tqs.hw1.service.BookingService - Creating new booking for John Doe in Aveiro on 2025-11-03 at slot 0
2025-11-02 16:21:19 [main] INFO  u.d.tqs.hw1.service.BookingService - Booking created successfully with token: 96efe523 for John Doe
2025-11-02 16:21:19 [main] INFO  u.d.tqs.hw1.service.BookingService - Creating new booking for John Doe in Aveiro on 2025-11-03 at slot 1
2025-11-02 16:21:19 [main] INFO  u.d.tqs.hw1.service.BookingService - Booking created successfully with token: 96efe523 for John Doe
2025-11-02 16:21:19 [main] INFO  u.d.tqs.hw1.service.BookingService - Creating new booking for John Doe in Aveiro on 2025-11-03 at slot 2
2025-11-02 16:21:19 [main] INFO  u.d.tqs.hw1.service.BookingService - Booking created successfully with token: 96efe523 for John Doe
2025-11-02 16:21:19 [main] INFO  u.d.tqs.hw1.service.BookingService - Creating new booking for John Doe in Aveiro on 2025-11-03 at slot 3
2025-11-02 16:21:19 [main] INFO  u.d.tqs.hw1.service.BookingService - Booking created successfully with token: 96efe523 for John Doe
2025-11-02 16:21:19 [main] INFO  u.d.tqs.hw1.service.BookingService - Creating new booking for John Doe in Aveiro on 2025-11-03 at slot 4
2025-11-02 16:21:19 [main] INFO  u.d.tqs.hw1.service.BookingService - Booking created successfully with token: 96efe523 for John Doe
2025-11-02 16:21:19 [main] INFO  u.d.tqs.hw1.service.BookingService - Creating new booking for John Doe in Aveiro on 2025-11-03 at slot 5
2025-11-02 16:21:19 [main] INFO  u.d.tqs.hw1.service.BookingService - Booking created successfully with token: 96efe523 for John Doe
2025-11-02 16:21:19 [main] INFO  u.d.tqs.hw1.service.BookingService - Creating new booking for John Doe in Aveiro on 2025-11-03 at slot 6
2025-11-02 16:21:19 [main] INFO  u.d.tqs.hw1.service.BookingService - Booking created successfully with token: 96efe523 for John Doe
2025-11-02 16:21:19 [main] INFO  u.d.tqs.hw1.service.BookingService - Creating new booking for John Doe in Aveiro on 2025-11-03 at slot 7
2025-11-02 16:21:19 [main] INFO  u.d.tqs.hw1.service.BookingService - Booking created successfully with token: 96efe523 for John Doe
2025-11-02 16:21:19 [main] INFO  u.d.tqs.hw1.service.BookingService - Creating new booking for John Doe in Aveiro on 2025-11-03 at slot 8
2025-11-02 16:21:19 [main] INFO  u.d.tqs.hw1.service.BookingService - Booking created successfully with token: 96efe523 for John Doe
2025-11-02 16:21:19 [main] INFO  u.d.tqs.hw1.service.BookingService - Creating new booking for John Doe in Aveiro on 2025-11-03 at slot 0
2025-11-02 16:21:19 [main] INFO  u.d.tqs.hw1.service.BookingService - Booking created successfully with token: 96efe523 for John Doe
2025-11-02 16:21:19 [main] INFO  u.d.tqs.hw1.service.BookingService - Creating new booking for John Doe in Aveiro on 2025-11-03 at slot 1
2025-11-02 16:21:19 [main] INFO  u.d.tqs.hw1.service.BookingService - Booking created successfully with token: 96efe523 for John Doe
2025-11-02 16:21:19 [main] INFO  u.d.tqs.hw1.service.BookingService - Creating new booking for John Doe in Aveiro on 2025-11-03 at slot 2
2025-11-02 16:21:19 [main] INFO  u.d.tqs.hw1.service.BookingService - Booking created successfully with token: 96efe523 for John Doe
2025-11-02 16:21:19 [main] INFO  u.d.tqs.hw1.service.BookingService - Creating new booking for John Doe in Aveiro on 2025-11-03 at slot 3
2025-11-02 16:21:19 [main] INFO  u.d.tqs.hw1.service.BookingService - Booking created successfully with token: 96efe523 for John Doe
2025-11-02 16:21:19 [main] INFO  u.d.tqs.hw1.service.BookingService - Creating new booking for John Doe in Aveiro on 2025-11-03 at slot 4
2025-11-02 16:21:19 [main] INFO  u.d.tqs.hw1.service.BookingService - Booking created successfully with token: 96efe523 for John Doe
2025-11-02 16:21:19 [main] INFO  u.d.tqs.hw1.service.BookingService - Creating new booking for John Doe in Aveiro on 2025-11-03 at slot 5
2025-11-02 16:21:19 [main] INFO  u.d.tqs.hw1.service.BookingService - Booking created successfully with token: 96efe523 for John Doe
2025-11-02 16:21:19 [main] INFO  u.d.tqs.hw1.service.BookingService - Creating new booking for John Doe in Aveiro on 2025-11-03 at slot 6
2025-11-02 16:21:19 [main] INFO  u.d.tqs.hw1.service.BookingService - Booking created successfully with token: 96efe523 for John Doe
2025-11-02 16:21:19 [main] INFO  u.d.tqs.hw1.service.BookingService - Creating new booking for John Doe in Aveiro on 2025-11-03 at slot 7
2025-11-02 16:21:19 [main] INFO  u.d.tqs.hw1.service.BookingService - Booking created successfully with token: 96efe523 for John Doe
2025-11-02 16:21:19 [main] INFO  u.d.tqs.hw1.service.BookingService - Creating new booking for John Doe in Aveiro on 2025-11-03 at slot 8
2025-11-02 16:21:19 [main] INFO  u.d.tqs.hw1.service.BookingService - Booking created successfully with token: 96efe523 for John Doe
2025-11-02 16:21:19 [main] INFO  u.d.tqs.hw1.service.BookingService - Creating new booking for John Doe in Aveiro on 2025-11-03 at slot 0
2025-11-02 16:21:19 [main] INFO  u.d.tqs.hw1.service.BookingService - Booking created successfully with token: 96efe523 for John Doe
2025-11-02 16:21:19 [main] INFO  u.d.tqs.hw1.service.BookingService - Creating new booking for John Doe in Aveiro on 2025-11-03 at slot 1
2025-11-02 16:21:19 [main] INFO  u.d.tqs.hw1.service.BookingService - Booking created successfully with token: 96efe523 for John Doe
2025-11-02 16:21:19 [main] INFO  u.d.tqs.hw1.service.BookingService - Creating new booking for John Doe in Aveiro on 2025-11-03 at slot 2
2025-11-02 16:21:19 [main] INFO  u.d.tqs.hw1.service.BookingService - Booking created successfully with token: 96efe523 for John Doe
2025-11-02 16:21:19 [main] INFO  u.d.tqs.hw1.service.BookingService - Creating new booking for John Doe in Aveiro on 2025-11-03 at slot 3
2025-11-02 16:21:19 [main] INFO  u.d.tqs.hw1.service.BookingService - Booking created successfully with token: 96efe523 for John Doe
2025-11-02 16:21:19 [main] INFO  u.d.tqs.hw1.service.BookingService - Creating new booking for John Doe in Aveiro on 2025-11-03 at slot 4
2025-11-02 16:21:19 [main] INFO  u.d.tqs.hw1.service.BookingService - Booking created successfully with token: 96efe523 for John Doe
2025-11-02 16:21:19 [main] INFO  u.d.tqs.hw1.service.BookingService - Creating new booking for John Doe in Aveiro on 2025-11-03 at slot 5
2025-11-02 16:21:19 [main] INFO  u.d.tqs.hw1.service.BookingService - Booking created successfully with token: 96efe523 for John Doe
2025-11-02 16:21:19 [main] INFO  u.d.tqs.hw1.service.BookingService - Creating new booking for John Doe in Aveiro on 2025-11-03 at slot 6
2025-11-02 16:21:19 [main] INFO  u.d.tqs.hw1.service.BookingService - Booking created successfully with token: 96efe523 for John Doe
2025-11-02 16:21:19 [main] INFO  u.d.tqs.hw1.service.BookingService - Creating new booking for John Doe in Aveiro on 2025-11-03 at slot 7
2025-11-02 16:21:19 [main] INFO  u.d.tqs.hw1.service.BookingService - Booking created successfully with token: 96efe523 for John Doe
2025-11-02 16:21:19 [main] INFO  u.d.tqs.hw1.service.BookingService - Creating new booking for John Doe in Aveiro on 2025-11-03 at slot 8
2025-11-02 16:21:19 [main] INFO  u.d.tqs.hw1.service.BookingService - Booking created successfully with token: 96efe523 for John Doe
2025-11-02 16:21:19 [main] INFO  u.d.tqs.hw1.service.BookingService - Creating new booking for John Doe in Aveiro on 2025-11-03 at slot 0
2025-11-02 16:21:19 [main] INFO  u.d.tqs.hw1.service.BookingService - Booking created successfully with token: 96efe523 for John Doe
2025-11-02 16:21:19 [main] INFO  u.d.tqs.hw1.service.BookingService - Creating new booking for John Doe in Aveiro on 2025-11-03 at slot 1
2025-11-02 16:21:19 [main] INFO  u.d.tqs.hw1.service.BookingService - Booking created successfully with token: 96efe523 for John Doe
2025-11-02 16:21:19 [main] INFO  u.d.tqs.hw1.service.BookingService - Creating new booking for John Doe in Aveiro on 2025-11-03 at slot 2
2025-11-02 16:21:19 [main] INFO  u.d.tqs.hw1.service.BookingService - Booking created successfully with token: 96efe523 for John Doe
2025-11-02 16:21:19 [main] INFO  u.d.tqs.hw1.service.BookingService - Creating new booking for John Doe in Aveiro on 2025-11-03 at slot 3
2025-11-02 16:21:19 [main] INFO  u.d.tqs.hw1.service.BookingService - Booking created successfully with token: 96efe523 for John Doe
2025-11-02 16:21:19 [main] INFO  u.d.tqs.hw1.service.BookingService - Creating new booking for John Doe in Aveiro on 2025-11-03 at slot 4
2025-11-02 16:21:19 [main] INFO  u.d.tqs.hw1.service.BookingService - Booking created successfully with token: 96efe523 for John Doe
2025-11-02 16:21:19 [main] INFO  u.d.tqs.hw1.service.BookingService - Creating new booking for John Doe in Aveiro on 2025-11-03 at slot 5
2025-11-02 16:21:19 [main] INFO  u.d.tqs.hw1.service.BookingService - Booking created successfully with token: 96efe523 for John Doe
2025-11-02 16:21:19 [main] INFO  u.d.tqs.hw1.service.BookingService - Creating new booking for John Doe in Aveiro on 2025-11-03 at slot 6
2025-11-02 16:21:19 [main] INFO  u.d.tqs.hw1.service.BookingService - Booking created successfully with token: 96efe523 for John Doe
2025-11-02 16:21:19 [main] INFO  u.d.tqs.hw1.service.BookingService - Creating new booking for John Doe in Aveiro on 2025-11-03 at slot 7
2025-11-02 16:21:19 [main] INFO  u.d.tqs.hw1.service.BookingService - Booking created successfully with token: 96efe523 for John Doe
2025-11-02 16:21:19 [main] INFO  u.d.tqs.hw1.service.BookingService - Creating new booking for John Doe in Aveiro on 2025-11-03 at slot 8
2025-11-02 16:21:19 [main] INFO  u.d.tqs.hw1.service.BookingService - Booking created successfully with token: 96efe523 for John Doe
2025-11-02 16:21:19 [main] INFO  u.d.tqs.hw1.service.BookingService - Creating new booking for John Doe in Aveiro on 2025-11-03 at slot 0
2025-11-02 16:21:19 [main] INFO  u.d.tqs.hw1.service.BookingService - Booking created successfully with token: 96efe523 for John Doe
2025-11-02 16:21:19 [main] INFO  u.d.tqs.hw1.service.BookingService - Creating new booking for John Doe in Aveiro on 2025-11-03 at slot 1
2025-11-02 16:21:19 [main] INFO  u.d.tqs.hw1.service.BookingService - Booking created successfully with token: 96efe523 for John Doe
2025-11-02 16:21:19 [main] INFO  u.d.tqs.hw1.service.BookingService - Creating new booking for John Doe in Aveiro on 2025-11-03 at slot 2
2025-11-02 16:21:19 [main] INFO  u.d.tqs.hw1.service.BookingService - Booking created successfully with token: 96efe523 for John Doe
2025-11-02 16:21:19 [main] INFO  u.d.tqs.hw1.service.BookingService - Creating new booking for John Doe in Aveiro on 2025-11-03 at slot 3
2025-11-02 16:21:19 [main] INFO  u.d.tqs.hw1.service.BookingService - Booking created successfully with token: 96efe523 for John Doe
2025-11-02 16:21:19 [main] INFO  u.d.tqs.hw1.service.BookingService - Creating new booking for John Doe in Aveiro on 2025-11-03 at slot 4
2025-11-02 16:21:19 [main] INFO  u.d.tqs.hw1.service.BookingService - Booking created successfully with token: 96efe523 for John Doe
2025-11-02 16:21:19 [main] INFO  u.d.tqs.hw1.service.BookingService - Creating new booking for John Doe in Aveiro on 2025-11-03 at slot 5
2025-11-02 16:21:19 [main] INFO  u.d.tqs.hw1.service.BookingService - Booking created successfully with token: 96efe523 for John Doe
2025-11-02 16:21:19 [main] INFO  u.d.tqs.hw1.service.BookingService - Creating new booking for John Doe in Aveiro on 2025-11-03 at slot 6
2025-11-02 16:21:19 [main] INFO  u.d.tqs.hw1.service.BookingService - Booking created successfully with token: 96efe523 for John Doe
2025-11-02 16:21:19 [main] INFO  u.d.tqs.hw1.service.BookingService - Creating new booking for John Doe in Aveiro on 2025-11-03 at slot 7
2025-11-02 16:21:19 [main] INFO  u.d.tqs.hw1.service.BookingService - Booking created successfully with token: 96efe523 for John Doe
2025-11-02 16:21:19 [main] INFO  u.d.tqs.hw1.service.BookingService - Creating new booking for John Doe in Aveiro on 2025-11-03 at slot 8
2025-11-02 16:21:19 [main] INFO  u.d.tqs.hw1.service.BookingService - Booking created successfully with token: 96efe523 for John Doe
2025-11-02 16:21:19 [main] INFO  u.d.tqs.hw1.service.BookingService - Creating new booking for John Doe in Aveiro on 2025-11-03 at slot 0
2025-11-02 16:21:19 [main] INFO  u.d.tqs.hw1.service.BookingService - Booking created successfully with token: 96efe523 for John Doe
2025-11-02 16:21:19 [SpringApplicationShutdownHook] INFO  o.s.o.j.LocalContainerEntityManagerFactoryBean - Closing JPA EntityManagerFactory for persistence unit 'default'
2025-11-02 16:21:19 [SpringApplicationShutdownHook] INFO  com.zaxxer.hikari.HikariDataSource - HikariPool-1 - Shutdown initiated...
2025-11-02 16:21:19 [SpringApplicationShutdownHook] INFO  com.zaxxer.hikari.HikariDataSource - HikariPool-1 - Shutdown completed.
2025-11-02 16:21:19 [SpringApplicationShutdownHook] INFO  o.s.b.w.e.tomcat.GracefulShutdown - Commencing graceful shutdown. Waiting for active requests to complete
2025-11-02 16:21:19 [tomcat-shutdown] INFO  o.s.b.w.e.tomcat.GracefulShutdown - Graceful shutdown complete
2025-11-02 16:21:19 [SpringApplicationShutdownHook] INFO  o.s.o.j.LocalContainerEntityManagerFactoryBean - Closing JPA EntityManagerFactory for persistence unit 'default'
2025-11-02 16:21:19 [SpringApplicationShutdownHook] INFO  com.zaxxer.hikari.HikariDataSource - HikariPool-2 - Shutdown initiated...
2025-11-02 16:21:19 [SpringApplicationShutdownHook] INFO  com.zaxxer.hikari.HikariDataSource - HikariPool-2 - Shutdown completed.
